﻿Prologue_0,"Prologue
",序
Prologue_1,"The mystery would never be solved. It would simply join others, like the Tunguska event or the Square Crater on Callisto, in the catalogue of unexplained occurrences. The initial worldwide excitement waned within a few months, as it became clear that no quick answers would be found. For a few years grieving relatives would, with some success, press officialdom to maintain the studies and inquiries. But there were no lawyers to keep the fires stoked. The courts ruled soon enough that the Grantville Disaster was an Act of God, for which insurance companies were not liable. Within ten years, the Disaster had devolved into another domain of fanatics and enthusiasts, like the Kennedy Assassination. Thereafter, of course, it enjoyed a near-eternal half-life. But few if any reputable scientists in the world held out any hope for a final explanation.
",这个秘密永远不会被解开，而只会和其他的秘密交织在一起，就像通古斯大爆炸与木卫四的方形陨石坑一样，共同成为记录在册的未解之谜。当他们发现短期内无法找到答案时，世界各地最开始对此事件的热情在几个月后就消散了。之后的几年中，悲伤的受害者亲属们还能向官方施压，催促他们进行调查研究。但是由于没有律师们的帮助，法院很快裁决“格兰维尔灾难”是上帝的旨意，因此保险公司无须为事件相关者进行赔付。短短十年内，就像肯尼迪总统遇刺一样，格兰维尔灾难就变成了充满着悬疑和幻想的故事。因此，它不会被人忘记。但是，几乎没有著名的科学家抱有能解释这场离奇灾难的信心。
Prologue_2,"Theories, of course, abounded. But the vague traces on instruments were impossible to decipher clearly. A small black hole, passing through the Earth. That was one theory. Another—popular for a time until the underlying mathematics were rejected in the light of later discoveries—was that a fragmented superstring had struck the planet a glancing blow.
",用于解释这场灾难的理论是很多的。但是仪器上监控的迹象过于模糊，无助于解决争论。有的人认为是一个小型黑洞路过地球造成了灾难，还有人认为是断裂的超弦（译者注：超弦理论认为世界万物由弦构成，包括一些大的天体）扫过地球导致的。后者在大众中非常有市场，直到支撑它的数学理论被最近的发现推翻。
Prologue_3,"The only man who ever came close to understanding that a new universe had been created was a biologist. A junior biologist by the name of Hank Tapper, attached almost as an afterthought to one of the geological teams sent to study the disaster. The team devoted several months to a study of the terrain which had replaced what had once been part of West Virginia. They came to no conclusions other than the obvious fact that the terrain was not indigenous to the area, but that—this eliminated the once-avid interest of the SETI crowd—it was clearly terrestrial.
",唯一能认识到新的宇宙诞生的人是一位年轻的生物学家。这位名为汉克·塔珀的年轻人本来是灾难研究地质考察队的替补人员。考察队对于替换格兰维尔小镇的地方进行了几个月的研究，发现没有证据表明那里还是西弗吉尼亚的土地，但是那里明显不像地外生命探索者群体希望的那样，来自外太空，而仍然是来自地球。
Prologue_4,"The size of the foreign terrain was mapped, quite precisely. It formed a perfectly circular hemisphere about six miles in diameter, approximately half that deep at its center. Once the team left, Tapper remained behind for a few more months. Eventually, he identified the fauna and flora as being almost identical to those of parts of Central Europe. He became excited. That matched the archaeological report, which—very, very diffidently—suggested that the ruined farmhouses on the new terrain had a vaguely late-medieval/early modern Germanic feel to them. So did the seven human corpses found in one of the farmhouses. Two men, two women, and three children. The remains were badly charred by the fire, but marks on the bones indicated that at least two of the people had been murdered by some kind of large cutting implements.
",这块陌生的土地被仔细测量绘制，发现它的范围是一个直径六英里的精确圆形，中心直径三英里的部分稍有凹陷。在地质考察队离开后，塔珀自己一个人留下来研究了几个月。他最终发现这个地方的动植物群系和中欧地区的十分类似。这让他十分兴奋，因为这与之前的考古学报告中含蓄地提到了灾难区域出现的农场废墟建筑风格与中世纪晚期的德国样式相似的观点相匹配。同样，七具农场中发现的人类尸体也很像那时的德国人。七人包括成年的两男两女和三个儿童，两人的骨骼诊断发现死于大型切割工具，其他人都被火烧焦难以辨认。
Prologue_5,"The dental evidence suggested that the dead people were not modern. Or, at least, had somehow never been given any kind of dental treatment. But medical examination determined that the murders were very recent. And the farmhouses were still smoldering when they were found.
",牙科证据表明，死者并非现代人。或者至少没有经过任何牙科治疗。但是医学检测表明他们死于近期。在死者被发现时农场仍在燃烧。
Prologue_6,"Tapper teetered on the edge of the truth. Then, after several more months of work failed to turn up any matching piece of disturbed terrain anywhere in central Europe, he abandoned the study altogether. He had suspicions, but—
",塔珀接近了真相的边缘。但是接下来的几个月的研究没有找到更多和中欧相似的区域，尽管他有所怀疑，但是他还是放弃了研究。
Prologue_7,"The only possible explanation was a transposition in time as well as space. Tapper was a junior biologist. His budding career would be ruined if he advanced his suspicions without evidence. And there could be no evidence, if he was right. Whatever remained of the area of West Virginia which had vanished was lost somewhere back in time.
",唯一可解释通的就是格兰维尔镇发生了时间空间上的双重移动。塔珀只是个年轻的生物学家，他刚开始的科研生涯可能会因为研究这个无根据的猜测被毁掉。就算这个解释是正确的，他该如何证明那块西弗吉尼亚土地消失在时间的另一端呢？
Prologue_8,"So, Tapper accepted the loss of a year's work, and went in search of greener pastures. He published his findings, to be sure; but only as dry factual accounts in obscure publications. He made no attempt to draw conclusions, or posit theories, or draw any kind of public attention.
",所以塔珀接受了这一浪费一年时间的结果，转向研究事件发生地点的农业特点。他发表了他的成果，但是只在不出名的刊物上写出了枯燥的事实而已。他尽量不得出任何结论或者理论，亦或引起公众的注意。
Prologue_9,"It was just as well. His career would have been ruined—and for no good purpose. No one would have believed him. Even if someone had, the most extensive archaeological search of central Europe would never have discovered the matching hemisphere. It was there, of course, in that region of Germany called Thuringia. But it was there almost four centuries earlier, and only for an instant. The moment those hemispheres had been transposed, a new universe split off from the old.
",他这样做是正确的。如果他大胆地发表自己的想法，他的科研生涯就会早早终结并且没有任何结果。没有人会相信他。即使有人相信，人们也不会在中欧发掘出有关失踪小镇的考古遗迹。当然，失踪的小镇确实被传送到了四个世纪前，现在被称之为图林根的德国地区。只不过，在小镇被传送走的那一刻，一个新的平行宇宙诞生了。
Prologue_10,"And, besides, the truth was far stranger than even Tapper ever imagined. Even he assumed that the cause was some kind of natural cosmic disaster.
",另外，真相比塔珀想的更加玄幻。即使他猜测小镇的失踪源于某种自然的宇宙灾难。
Prologue_11," 
", 
Prologue_12,"In reality, the Grantville Disaster was the result of what humans of the day would have called criminal negligence. Caused by a shard of cosmic garbage, a discarded fragment of what, for lack of a better term, could be called a work of art. A shaving, you might say, from a sculpture. The Assiti fancied their solipsist amusements with the fabric of spacetime. They were quite oblivious to the impact of their ""art"" on the rest of the universe.
",事实上，格兰维尔灾难是由某种过失犯罪引起的。某个高级文明在进行自娱自乐的艺术活动时，产生了一些宇宙垃圾。你可以把这些宇宙垃圾看作塑造雕像时刨去的石屑。高级文明雅西迪非常享受这种用时空作原料的消遣活动，并且相当唯我地无视这种艺术活动对宇宙造成的影响。
Prologue_13,"The Assiti would be exterminated, eighty-five million years later, by the Fta Tei. Ironically, the Fta Tei were a collateral branch of one of the human race's multitude of descendant species. Their motive, however, was not revenge. The Fta Tei knew nothing of their origins on a distant planet once called Earth, much less a minor disaster which had occurred there. The Fta Tei exterminated the Assiti simply because, after many stern warnings, they persisted in practicing their dangerous and irresponsible art.
",在8500万年后，雅西迪人被扶她人消灭了。讽刺地是，扶她人是人类种族后裔的支系之一，不过他们的动机并非向雅西迪人报仇。事实上，扶她人并不知道自己起源于这个偏远的、称之为地球的星球，以及这里曾经发生过一次小镇消失的灾难。扶她人消灭雅西迪人的原因很简单，在多次严厉警告后，雅西迪人仍我行我素地进行他们危险又不负责任的艺术活动。
Prologue_14," 
", 
