﻿¼üÖµ,Ô­ÎÄ, 
Certification_0,"1632
",1632
Certification_1,"Eric Flint
",埃里克·弗林特
Certification_2,"
", 
Certification_3,"
", 
Certification_4,"This is a work of fiction. All the characters and events portrayed in this book are fictional, and any resemblance to real people or incidents is purely coincidental.
",本小说纯属虚构。所有本书描绘的角色和场景都是虚构的，和现实中任何真实人物和事件的雷同纯属巧合。
Certification_5," 
", 
Certification_6,"Copyright ? 2000 by Eric Flint
",版权所属©2000年 埃里克·弗林特
Certification_7," 
", 
Certification_8,"All rights reserved, including the right to reproduce this book or portions thereof in any form.
",本书所有权力都被保留，包括且不限于出版、复印以及以任何形式利用。
Certification_9," 
", 
Certification_10,"A Baen Books Original
",一本拜恩出版书原件
Certification_11," 
", 
Certification_12,"Baen Publishing Enterprises
",拜恩出版社
Certification_13,"P.O. Box 1403
",出版编号1403
Certification_14,"Riverdale, NY 10471
",纽约河谷街10471号
Certification_15," 
", 
Certification_16,"ISBN: 0-671-57849-9
",ISBN：0-671-57849-9
Certification_17," 
", 
Certification_18,"Cover art by Larry Elmore
",插画绘制：拉里·艾尔默
Certification_19,"Interior maps by Randy Asplund
",地图绘制：兰迪·阿斯普伦德
Certification_20," 
", 
Certification_21,"First printing, February 2000
",2000年2月第一次印刷
Certification_22," 
", 
Certification_23,"Library of Congress Cataloging-in-Publication Data
",国会书目数据图书馆
Certification_24,"Flint, Eric.
",埃里克·弗林特
Certification_25,"1632 / by Eric Flint.
",1632/ 埃里克·弗林特著
Certification_26,"p. cm.
",p.cm.
Certification_27,"ISBN 0-671-57849-9 (hc)
",ISBN 0-671-57849-9 (hc)
Certification_28,"1. Thirty Years' War, 1618¨C1648¡ªFiction. 2. City and town life¡ªWest Virginia¡ªFiction. 3. Germany¡ªHistory¡ª1618¨C1648¡ªFiction.
",关键词：三十年战争，1618-1648，科幻小说，城镇，西弗吉尼亚，德国
Certification_29,"4. Americans¡ªTravel¡ªGermany¡ªFiction. 5. West Virginia¡ªFiction. 6. Time travel¡ªFiction. I. Title.
",关键词：时空旅行
Certification_30," 
", 
Certification_31,"PS3556.L548 A616 2000
",PS3556.L548 A616 2000
Certification_32,"813'.54¡ªdc21 99-055275
",未知数字，看起来是电话：99-055275
Certification_33," 
", 
Certification_34,"Distributed by Simon & Schuster
",销售：西蒙&舒斯特
Certification_35,"1230 Avenue of the Americas
",美利坚大道1230号
Certification_36,"New York, NY 10020
",纽约，邮编10020
Certification_37," 
", 
Certification_38,"Typeset by Windhaven Press, Auburn, NH
",排版：风之天国出版社，奥本图书馆，新罕布什尔州
Certification_39,"Printed in the United States of America
",出版地：美利坚合众国
Certification_40," 
", 
Certification_41,"
", 
Certification_42,"To my mother,
",致母亲，
Certification_43,"Mary Jeanne McCormick Flint,
",玛丽·珍妮·麦考密克·弗林特
Certification_44,"and to the West Virginia
",和我母亲的故乡西弗吉尼亚州
Certification_45,"from which she came.
", 
Certification_46," 
", 
Certification_47,"
", 
Certification_48,"Baen Books by Eric Flint
",拜恩出版社：埃里克·弗林特
Certification_49,"Mother of Demons
",恶魔之母
Certification_50,"The Belisarius series, with David Drake:
",大卫·德雷克所著：《贝利撒留系列》
Certification_51,"An Oblique Approach
",不光彩的手段
Certification_52,"In the Heart of Darkness
",黑暗的心灵
Certification_53,Destiny's Shield,命运之盾
