﻿¼üÖµ,Ô­ÎÄ,ÒëÎÄ
man_body3506,"Chapter 40
"
man_body3507,"When they got back to Grantville, the town was in an uproar. So was Badenburg and the entire surrounding area.
"
man_body3508,"A huge army had just passed through, the day before. Gustav Adolf's Swedes, moving like the wind.
"
man_body3509,"""He went right through Thuringia,"" Rebecca explained to Mike and Alex. She had been waiting for them outside the high school, where the emergency committee was about to go into session. ""He captured Erfurt on October 2, without a fight. That city belongs to the elector of Mainz, you know.""
"
man_body3510,"""Not any longer, it doesn't sound like,"" mused Mike. He frowned worriedly. ""That bothers me, being caught by surprise like that. A lot. I screwed up. We had most of the army out of town. If¡ª""
"
man_body3511,"Mackay interrupted. ""And what else were you going to do, Michael? The mercenaries attacking Jena had to be dealt with. That was a given.""
"
man_body3512,"The Scotsman shook his head firmly. ""This is what war is like, man. You think you can predict everything? Cover all the possible dangers? Ha! You'll be doing well if you're right half the time.""
"
man_body3513,"Alex stared to the south. His own face showed none of Mike's fretting and self-condemnation. Rather the opposite, in fact. ""The king must have caught everyone by surprise,"" he said admiringly. ""Not the custom, to maneuver that quickly. Especially after a great victory. Most armies would have spent months resting on their laurels.""
"
man_body3514,"Mike was still frowning. Mackay studied him for a moment, before adding softly: ""You must be willing to face something squarely, Michael Stearns.""
"
man_body3515,"Mike's eyes came to him. Mackay continued. ""You simply don't have enough men, Mike. And that will not change. Not soon enough, at least. You can certainly defeat a force much greater than yours, in any battle for which you are prepared. But¡ª""
"
man_body3516,"His hand swept in an arc. The broad gesture indicated not simply the hills in the immediate vicinity, but the entire region. Rolling, hilly, heavily wooded Thuringia. ""You can not guard against everything. Especially an opponent which can move quickly. I have said this to you before, but I will repeat it. Do not think for a moment that these slow and clumsy tercios are all you will ever face. Or that all of your enemies will line up so neatly for your rifles. I wouldn't. The Finns wouldn't. The Croats wouldn't.""
"
man_body3517,"Mike sighed. ""I know, Alex."" He took a deep, slow breath. ""There's too much of a tendency, for us, to think we can handle everything with our modern weapons. Or new ones we could design, if we devoted enough resources to it. But you're right. That road leads to folly.""
"
man_body3518,"He smiled whimsically. ""Probably wouldn't work anyway. Be a good idea for us to keep Little Big Horn in mind. Not to mention Vietnam. Hardware will only get you so far.""
"
man_body3519,"Mackay's face was blank. The names meant nothing to him. But Rebecca nodded. She had been devouring books on American history for months.
"
man_body3520,"The whimsy faded from Mike's face, along with the smile. His expression became almost bleak. ""And even if it did succeed¡ª""
"
man_body3521,"""That would be even worse,"" stated Rebecca, completing the thought.
"
man_body3522,"""Yes,"" said Mike firmly. ""Win the battles and lose the war. This world does not need another set of conquistadores. I want to bring America into it¡ªmy America¡ªnot some English-speaking version of Prussia.""
"
man_body3523,"Mackay's face registered confusion. ""Prussia? The Prussians aren't¡ª""
"
man_body3524,"Mike chuckled. ""Not today, Alex, no. Sorriest Germans around, this day and age. But just stick around for a couple of hundred years."" The bleakness in his face deepened. ""If we don't succeed¡ªyou'll see all of Germany under a boot heel, soon enough.""
"
man_body3525,"""And worse,"" whispered Rebecca. Her father had never been able to finish Morris Roth's book on the Holocaust. She had.
"
man_body3526,"Mike shook his head, as a horse shakes off flies. ""Over my dead body,"" he muttered. ""What we need is a political solution.""
"
man_body3527,"He gave Mackay a shrewd glance. ""You'll be reporting to Gustav Adolf soon, I imagine.""
"
man_body3528,"The Scots officer nodded. ""Yes. Not sure when, though. There's no point in galloping all over the countryside until the king sets up quarters somewhere. But soon, yes.""
"
man_body3529,"""Put in a good word for us, Alex, if you would. I'd just as soon not get the Swedes on our backs.""
"
man_body3530,"Mackay smiled. ""I shall,"" he replied firmly. ""The best word possible."" Beneath his lips, his tongue ran over his teeth. ""Got no choice,"" he chuckled. ""You've got the only dentist I know of.""
"
man_body3531,"Ed Piazza emerged from the door. ""The meeting's about to start,"" he announced.
"
man_body3532,"Mackay turned away. Although he often attended those meetings, he would not on this occasion. The Americans, he knew, were coming to a turning point. Like any family, they needed a moment of privacy.
"
man_body3533,"""Good luck,"" he said.
"
man_body3534," 
"
man_body3535,"""What was that about?"" asked Rebecca, as she and Mike walked down the corridor to the committee's conference room. ""Is Alex having some problems with his teeth?""
"
man_body3536,"She grimaced. Rebecca's own teeth had been in splendid condition, by the standards of the day. But she had still spent a few hours in that torture chamber. Luckily, she had moved on the matter very quickly¡ªbefore the anesthetic was entirely gone.
"
man_body3537,"""Poor man,"" she sympathized.
"
man_body3538,"Mike laughed. ""Poor man, my ass! There's nothing at all wrong with his teeth, Becky, other than cosmetics. It's his heart that's the problem.""
"
man_body3539,"Startled, she glanced up at him. Mike was grinning very broadly. ""Oh, yes. The Scotsman is a smitten man. I know."" He reached his arm around her waist and drew her close. ""I recognize the symptoms.""
"
man_body3540,"It didn't take Rebecca more than two seconds to understand. She tucked her own arm around Mike's waist, and matched his grin. ""Poor man,"" she concurred. ""Mind you, I am a bit surprised. I thought he would be scared off. Once he saw past those magnificent knees.""
"
man_body3541,"Mike shook his head. ""Not Alex. A very substantial fellow, he is.""
"
man_body3542,"""Do you think¡ª?""
"
man_body3543,"""Who knows? Her uncle thinks well of him. And even her father, it seems. But God forbid the girl should listen to the voice of wisdom and maturity.""
"
man_body3544,"Rebecca snorted. ""What woman in her right mind would listen to such?"" She smiled slyly. ""This requires feminine sagacity.""
"
man_body3545,"They were at the door, and relinquished the embrace. Rebecca paused before entering. ""I will speak to the lady,"" she announced.
"
man_body3546,"Mike eyed her skeptically. ""And say what? Your own words of wisdom?""
"
man_body3547,"""Absurd,"" she replied. Idly, her fingers stroked her hair. ""I said nothing of 'wisdom.' Only sagacity.""
"
man_body3548,"She swept through the door. Over her shoulder: ""You would not understand, Michael. You do not read enough poetry.""
"
man_body3549,"""Not any,"" grumbled her fianc¨¦. Thereby, quite unknowingly, proving her point.
"
man_body3550," 
"
man_body3551,"Once he entered the room, Mike pulled up a chair and sat down at the conference table. Glancing around, he saw that the entire committee was already gathered except Frank Jackson.
"
man_body3552,"""Frank will be along later,"" he explained. ""Along with Gretchen Higgins. They're seeing to the new prisoners."" He turned back to Rebecca, who had taken her usual seat next to Melissa. ""I'd like to start the meeting with a report on the Swedish movements.""
"
man_body3553,"Rebecca clasped her hands on the table, as she always did when giving a report. Then:
"
man_body3554,"""Gustav Adolf left a garrison in Erfurt¡ªafter stripping the town clean of all its hard currency¡ªand marched straight south. He passed through Arnstadt on the seventh. Yesterday. He did not stop, however. According to reports from some of the hunters, he was driving his army very hard. By now they must be south of the Thuringenwald.""
"
man_body3555,"Rebecca's face was creased with worry. ""The Swedes have stripped the entire central province of the bulk of its stored food. They paid for it, mind you. There was no looting."" She laughed harshly. ""Except for the archbishop's gold in Erfurt, of course, which is what they used to buy their provisions.""
"
man_body3556,"Willie Ray Hudson snorted. ""Great! So everybody in central Thuringia's got a pocket full of money and no food. Except us, and Badenburg. We were apparently too far east for the Swedish quartermasters to reach in the time available.""
"
man_body3557,"""And winter's a-coming,"" muttered Nat Davis.
"
man_body3558,"Mike held up his hand. ""Later for that. I want to get filled in on the political situation first. Who did Gustav leave in charge of Thuringia?""
"
man_body3559,"""Well, most of it officially belongs to the Saxe-Weimar brothers,"" said Rebecca. ""But Bernard, according to reports, is staying with the Swedish army."" Again, that harsh laugh. ""It seems he has developed a bit of a military reputation and finds that profession more interesting than taking care of the people he supposedly rules.""
"
man_body3560,"""What a surprise,"" sneered Underwood. ""Goddam noblemen!""
"
man_body3561,"Mike grinned at him. ""Hey, Quentin¡ªit's okay by me. The fewer noblemen hanging around here the better, as far as I'm concerned.""
"
man_body3562,"Rebecca cleared her throat. ""Wilhelm, on the other hand¡ªhe is the oldest¡ªstayed behind. He has set up his headquarters in Weimar. But the word is that he will not be staying long. He is supposed to recruit eleven thousand men. Field Marshall Ban¨¦r is to raise an equivalent number in Erfurt. Added to the forces Ban¨¦r already has, the Swedes think that should be enough to go after Pappenheim while the king himself continues south after Tilly. Pappenheim is apparently running an independent operation now.""
"
man_body3563,"Mike did not press Rebecca for an explanation as to the sources of her information. He didn't need to. Her father and uncle were both experienced spies, and by now they had created a network throughout central Germany. The network was broader than that, actually. Working through the Jews scattered all over Europe, the two brothers had informants penetrating large parts of the entire Holy Roman Empire.
"
man_body3564,"He tapped his fingers on the table. ""It sounds as if Wilhelm will be leaving soon also.""
"
man_body3565,"Rebecca nodded. Mike's finger tapping turned into a decisive little rap. ""So. The long and the short of it is this.""
"
man_body3566,"His eyes slowly scanned the room, while he held up his fingers one at a time.
"
man_body3567,"""One. The war has now moved south of Thuringia, over to the other side of the Thuringenwald. Two. Official 'order' has been restored in Thuringia¡ªand is about to be removed again. Three. Most noblemen in the area¡ªthe ones active in political life, anyway¡ªare either gone or going. The Catholic ones will have fled and the Protestants are seeking fame and glory with the Swedes. Four. The economic situation in the province is going to be desperate in a few weeks. Five. On the other hand, the area is flush with hard currency.""
"
man_body3568,"He turned to Rebecca. ""That about sums it up, I think."" Again, she nodded.
"
man_body3569,"Now, Mike slapped the table top with his palm. The hard, cracking sound matched his voice.
"
man_body3570,"""Wonderful! Couldn't have asked for anything better!""
"
man_body3571,"Everyone was staring at him. Mike laughed gaily. ""And will you look at you?"" he demanded. ""Problems, problems¡ªthat's all you see.""
"
man_body3572,"He clenched his fist and held it half-raised. ""Now's the time,"" he stated firmly. ""While the cat's away, the mice will play. The war's come and gone until next spring, at the earliest. Probably next summer. The only thing that's going to matter between now and then¡ªsix to eight months¡ªis who can keep this province's people alive. Alive¡ªand by God well!""
"
man_body3573,"Quentin Underwood was the first to see Mike's point. That was not surprising. As often as he and Underwood clashed in the committee meetings, Mike had found that his former mine manager usually had a better grasp of economic realities than anyone. Moreover, unlike most of the Americans, Quentin's hardheadedness did not lead him to flights of fancy concerning American military supremacy. As a young man serving aboard an aircraft carrier in the South China Sea, he had gotten a good lesson in the limits of hardware. The technological disparity between the aircraft which flew off that carrier and the men they bombed in the forests below had not been substantially different from that between Grantville's Americans and seventeenth-century Germans. Once before, in another universe, Quentin Underwood had seen machinery defeated by men. He intended to be on the other side of that equation, in this new world.
"
man_body3574,"""You're right!"" he exclaimed excitedly. ""And the timing couldn't be better, from our point of view. We're set.""
"
man_body3575,"Underwood began counting on his own fingers. ""First, we're out of the woods on the power plant. The coal's been coming in for the last week.""
"
man_body3576,"Bill Porter nodded. ""Enough of it for the time being, anyway. Once that steam locomotive gets finished, we'll be flush. We should be free and clear until next summer, when critical parts might start going. And by then the new power plant should be ready to go on line.""
"
man_body3577,"Underwood continued. ""Second, we've got more food coming in than we'll need ourselves."" He chuckled dryly. ""It's kind of amazing how many little farms there were tucked away all through these hills and woods. Every one of which is now eager to sell their produce, since we've brought some security and stability back into southeast Thuringia.""
"
man_body3578,"Willie Ray snorted. ""What's so surprising about that? Think farmers are stupid?""
"
man_body3579,"Quentin ignored the quip. ""Three, the machine shops are roaring full blast. Three shifts, round the clock¡ªseven days a week.""
"
man_body3580,"Nat David grinned. ""Had to start hiring lots of German help. Take me awhile, training them to be modern machinists. But I'm only hiring men with metal-working experience and there's a lot of them in this area. Biggest problem I've got is a shortage of metal.""
"
man_body3581,"Ed Piazza picked up the thread. ""Not much longer, Nat. Uriel Abrabanel just told me there's at least four suppliers ready and willing to start shipping in raw material¡ªas soon as we can come up with the hard currency."" He laughed dryly. ""Credit's not real big in Germany, this time of the millennium.""
"
man_body3582,"""We'll fix that,"" growled Underwood. He glanced at Mike questioningly.
"
man_body3583,"Mike smiled and turned a lazy eye on Rebecca. She straightened a little in her chair and said softly:
"
man_body3584,"""To sum up, the economic situation looks very promising. With electrical power guaranteed and the town's production facilities in full operation, our only problem is the shortage of hard currency and the primitive state of banking and credit in Europe at this time. As to that¡ª""
"
man_body3585,"She sat up very straight. ""My family has been discussing the matter¡ªmy very extended family¡ªand has come to a decision. My uncle Uriel will stay in Badenburg, since he is well situated there. But several of my relatives will be arriving here soon, including three of my distant cousins. Their names are Samuel, Moses and Francisco. Samuel's father is a prominent banker in Italy. Moses' father is a financial adviser to Emperor Ferdinand in Vienna. And Francisco's grandfather is Don Joseph Nasi, who was formerly¡ª""
"
man_body3586,"Mike laughed. ""The Ottoman Empire's effective foreign minister! And the nephew of Do?a Gracia Mendes, who transferred her business¡ªEurope's largest banking and gem-trade concern¡ªfrom Portugal to Turkey after the expulsion of the marranos. Did quite well, I understand.""
"
man_body3587,"Everyone except Rebecca was goggling at Mike. He shrugged. ""I listen to my National Security Adviser, folks. That's why I spend so much time with her.""
"
man_body3588,"Rebecca clasped her hands demurely. ""He is a good student, too."" She smiled. ""Very attentive.""
"
man_body3589,"A little chuckle went up. Rebecca's smile became wintry. ""When the Spanish expelled the Jews, most of them went to Istanbul. The Ottomans welcomed them, you see, especially since many of the Jews who came were experts in science and technology. Gun manufacturing, among other things. Sultan Bayazid is reported to have said: 'You call Ferdinand a wise king, he who impoverishes his country and enriches our own?' ""
"
man_body3590,"""There's a lesson here,"" murmured Piazza.
"
man_body3591,"Rebecca turned her eyes toward him. ""There is, you understand, a condition.""
"
man_body3592,"Piazza snorted. ""I should hope so! Citizenship, rights, liberties, the works.""
"
man_body3593,"""More,"" said Rebecca firmly. ""We Jews must be allowed to break out of the economic ghetto in which Europe has forced us. Moneylenders can get rich, but they live on the sufferance of princes.""
"
man_body3594,"""Not a problem,"" growled Underwood. ""Matter of fact, if any of your relatives has got some capital to put up¡ªfor which they'll get stock and a working partnership if they want it, me and Ollie Reardon and Greg Ferrara have been thinking about¡ª""
"
man_body3595,"Bill Porter looked alarmed. ""Quentin, we need the coal¡ª""
"
man_body3596,"""Relax!"" snapped Underwood. ""I wouldn't be doing much of it myself. I've got relatives too, you know. My son-in-law's¡ª""
"
man_body3597,"Ferrara chimed in. ""I wouldn't be doing much either, except giving some technical advice. But we really do need to start building a chemical plant. Sulfuric acid is about as basic for modern industry as steel""¡ªfor a moment, his face looked aggrieved¡ª""even though most people don't realize it, and¡ª""
"
man_body3598,"Mike rapped the table with his knuckles, in first-class schoolmaster form. Melissa grinned. ""Later!"" he said. ""Enough!""
"
man_body3599,"The hubbub settled. ""Christ, let you eager beavers get started on all your pet business schemes and we'll never get anywhere!"" His smile took the sting out of the words. In truth, Mike favored most of those schemes. But he was also a firm believer in the old saw: First things first.
"
man_body3600,"""The first thing¡ªin fact, the key thing,"" he said forcefully, ""is to resolve the political issue. I think it's time to call the constitutional convention¡ªand then have another election. This 'temporary emergency committee' has gone as far as it can.""
"
man_body3601,"Silence fell on the room. Nat Davis puffed out his cheeks. ""Are we ready for that?"" he asked uncertainly. ""I haven't really given it much thought, to be honest.""
"
man_body3602,"Melissa snorted. But the sarcastic remark about to issue from her lips was cut short by James Nichols.
"
man_body3603,"""We're ready, Nat."" James glanced at Melissa, Ed and Willie Ray. ""Actually, the subcommittee finished drafting our proposal last week. Everything got put on hold because of the crisis in Jena. But¡ªyeah, we're ready.""
"
man_body3604,"Hudson nodded. Piazza reached into his briefcase and began hauling out stapled sheets of paper. He gave Mike a questioning glance.
"
man_body3605,"""Pass 'em around, Ed. It's time.""
"
man_body3606," 
"
man_body3607,"The ruckus started long before anyone got through the material. Mike was not surprised¡ªtalk about mixed blessings!¡ªto see that Underwood led the charge.
"
man_body3608,"""I don't like this crap!"" snapped Quentin. ""Not one damned bit! Why'd you waste your time on this silly shit about at-large elections? Why the hell aren't we¡ª""
"
man_body3609,"As always, Melissa charged into the fray as eagerly as Underwood, and just as bluntly. ""Screw you, too! At-large elections are way better than geographic representation¡ªin the lower house, at least.""
"
man_body3610,"Mike intervened before the usual Melissa¨CQuentin fracas could reach thermonuclear proportions. ""Cut it out! Both of you!""
"
man_body3611,"Sullen silence fell over the two disputants. Mike suppressed a sigh. Each in their own way, Quentin and Melissa were invaluable, but there were times . . . 
"
man_body3612,"He decided to start with Melissa, since even though he basically agreed with her it would help to keep the issue focused. Concrete, not abstract.
"
man_body3613,"""Whether or not at-large as opposed to residential representation is better or worse in the general scheme of things is neither here nor there. This isn't a constitution for thirteen colonies scattered across half a continent. It's a constitution for one geographically small colony, about as concentrated and packed with people as Holland. Or Calcutta. And we're not in the same situation as the Founding Fathers were in 1789. We're still back in 1776. Our revolution's just starting.""
"
man_body3614,"So much for generalities. Now he shifted his attention to the real problem, which was Underwood. ""Quentin, you're letting sentiment get in the way of practicality. I had pretty much the same reaction, when I first heard about this idea. But the more I thought about it, the better it sounded. We're in a completely fluid situation here. People move constantly from one place to the next. You know that as well as I do. How can you register somebody to vote in a refugee center? When¡ªhopefully¡ªthey'll be living somewhere else in a few weeks. The big advantage to at-large elections¡ª""
"
man_body3615,"No good. Nat Davis and Greg Ferrara were barging in now, hollering on the side of what Mike called ""sentiment."" Mike's attempt to remain Washingtonian lasted about three minutes. Thereafter he was bellowing with the rest of them.
"
man_body3616," 
"
man_body3617,"All except Rebecca, of course. She adopted what might be called a Shakespearean stance. Or Oxfordian. Such, at least, seemed the best interpretation of her occasional muttered remarks:
"
man_body3618,"Tomorrow and tomorrow and tomorrow . . . last syllable of recorded time . . . sound and fury, signifying nothing . . . 
"
man_body3619,"""Are you all finished?"" she demanded, perhaps half an hour later. The surliness in her tone¡ªwhich, from Rebecca, was unheard of¡ªbrought everyone up short.
"
man_body3620,"""Children!"" she snapped. ""Squabbling over your toys!""
"
man_body3621,"She glared around the room. ""What difference does it make? You have your Bill of Rights¡ªno quarrel there. You have your citizenship requirements¡ªno quarrel there either. You have your elections and all the other trappings of democracy¡ªany arguments over that petty matter?""
"
man_body3622,"Silence. ""So what is it then?"" In a little singsong: ""'I think we should register people at-large. I think we should register them by residence.'"" She took a deep breath. Then:
"
man_body3623,"""Who gives a shit?""
"
man_body3624,"Dead silence. Rebecca never used that kind of¡ª
"
man_body3625,"""Ha! As I said¡ªchildren.""
"
man_body3626,"At that moment, the door opened and Frank Jackson entered the room. Behind him came Gretchen.
"
man_body3627,"Rebecca pointed dramatically at the new arrivals.
"
man_body3628,"""Ask them!"" she commanded. ""Go ahead!""
"
man_body3629," 
"
man_body3630,"After the issue was explained, Frank spoke first. ""Don't much care,"" he said, shrugging. ""Six of one, half dozen of the other. So I figure since Mike'll be running the show¡ªhe's got my vote anyway¡ªlet him have what he wants.""
"
man_body3631,"Gretchen was terser still. ""Vat he says,"" she stated, pointing at Frank.
"
man_body3632,"Gretchen and Frank's remarks, combined with Rebecca's profanity, had produced a sharp break in the room's tension. The members of the committee stared at each other, for a moment. Then, collectively, they heaved a sigh and relaxed.
"
man_body3633,"Mike cleared his throat. ""Look, I'm not trying to make pronouncements about abstract political principles. I'm just trying to give us a political system that does the best job for our current needs. We can always hold another constitutional convention later, when circumstances change. Remember what I said. We're at the equivalent of 1776, not 1789. The Constitution which our old United States adopted came out of years of experience and discussion. After the revolution, not at the start of it. So let's give ourselves the same breathing room. For now, I want to keep our eyes focused on the struggle ahead of us. Today. Right now.""
"
man_body3634,"Mike nodded toward Gretchen. At Frank's quiet insistence, the young German woman had taken a seat at the table. ""The reason I asked Gretchen to sit in¡ªwhich I plan on making a permanent thing, by the way¡ªis because later on in the meeting I want you all to hear her report. As far as I'm concerned, the work that Gretchen's started is going to be a lot more important, in the long run, than any victories we win on a battlefield. Or whether we register people to vote at-large or by residence.""
"
man_body3635,"He almost laughed, seeing the simultaneous looks of discomfort which came over the faces of Melissa and Quentin. Each in their different ways, both people were a bit aghast at the way Mike and Rebecca were shaping Melissa's original proposal. Melissa was upset because practice was proving to be a lot messier than theory. And, she already understood, was going to be a lot bloodier. Her semiromantic idealism about the ""underground"" was now in the firm grip of a woman who had no romanticism about it at all. Just a determination to win, driven by an iron will.
"
man_body3636,"Quentin, of course, had never been fond of the theory in the first place. He found himself in the peculiar position of helping to lead a revolution¡ªa task for which, temperamentally, he had no sympathy at all. By nature and habit, Quentin Underwood was a man of the establishment.
"
man_body3637,"Mike turned his eyes upon him. Quentin and Melissa formed the poles of the committee. Both of them were often unhappy with the way Mike drove things forward. But Melissa's support, at least for the moment, was a given. If nothing else, she had no alternative. Quentin, on the other hand¡ª
"
man_body3638,"Underwood heaved a sigh. ""Oh, hell. All right, Mike. I'll go along with at-large elections, much as it rubs me the wrong way.""
"
man_body3639,"The victory was only half won. Mike gave Underwood his own sharp eye. ""Not good enough, Quentin. Not good enough by half. 'Going along' is one thing. Standing up and being counted is another. We've already decided to call for new elections for delegates to a constitutional convention, since that voice-vote 'election' a few days after the Ring of Fire was too casual and too far back. You're bound to be elected one of those delegates, Quentin. But how are you going to run?"" Mike pointed to the proposed constitution in front of him. ""Based on that platform? Or someone else's?""
"
man_body3640,"He didn't bother to specify the ""someone else."" There was no need.
"
man_body3641,"Underwood returned Mike's stare with his own. Everyone else in the room found themselves holding their breath. They had reached a decisive moment, they suddenly realized, without anyone other than Mike¡ªand maybe Rebecca¡ªseeing it coming. For months, the group of people in that room had worked together as a team. But¡ª
"
man_body3642,"In the universe they had left behind, Quentin Underwood¡ªcapable, narrow-minded, intelligent, stubborn, energetic, hard-driving manager that he was¡ªwould have been a natural ally of John Simpson. Establishment. Tory through and through. Would he break ranks now?
"
man_body3643," 
"
man_body3644,"""Cut it out, Mike,"" growled Underwood. ""Do I look like an idiot? If Simpson was running this show, we'd have been dead by now.""
"
man_body3645,"Suddenly, he grinned. That cheerful expression was not seen often on Quentin's face.
"
man_body3646,"""So. You thought up a name yet?""
"
man_body3647,"Mike's face was blank. Quentin's grin widened. ""For our political party, dope. Gotta have one, if you want to be president of a revolution-in-progress. None of that above-the-fray Washington business for you, young man!""
"
man_body3648,"Blank.
"
man_body3649,"""What a genius,"" chuckled Underwood. ""Leave it to a UMWA mi-li-tant."" The chuckle grew into a soft laugh. ""This calls for managerial skills. I think we oughta call ourselves the Fourth of July Party.""
"
man_body3650,"""Fourth of July Movement,"" came Melissa's immediate riposte.
"
man_body3651,"And that, of course, startled another wrangle. But Rebecca wasn't reduced to quoting verses. The argument was sharp, short¡ªand ended in an overwhelming victory. Everything else against Melissa.
"
man_body3652,"Fourth of July Party it was. The announcement was made the following morning, along with the declaration that the constitutional convention was to go into session.
"
man_body3653,"* * *
"
man_body3654,"Simpson protested immediately, even though he had been calling for the convention for weeks. ""To bridle the Stearns military dictatorship,"" as he had often put it.
"
man_body3655,"No matter. The iron heel of democracy was on Grantville's neck. The victim of that tyranny reacted as could be expected.
"
man_body3656,"Politicking! Whoopee!
"
