﻿¼üÖµ,Ô­ÎÄ,ÒëÎÄ
man_body81,"Chapter 2
",第二章
man_body82,"The flash was almost blinding. For an instant, the room seemed filled by sunlight. The accompanying thunder rattled the windows.
",闪光几乎致盲。在一瞬间，窗户外面似乎升起了几十个太阳，伴随着电闪雷鸣拍打着窗户。
man_body83,"Mike ducked, hunched. James Nichols' reaction was more dramatic. ""Incoming!"" he yelped, flinging himself to the floor and covering his head with his arms. He seemed utterly oblivious to any possible damage to his expensive suit.
",迈克猛地躲避，身体缩成一团。尼克斯医生的反应更加夸张。“敌袭！”他狂叫一声然后扑倒在地板上用手抱住头。他似乎完全不在意对自己昂贵西装的损坏。
man_body84,"Half-dazed, Mike stared through the plate-glass windows of the cafeteria. The afterimage was still glowing in his eyes, as if the greatest lightning bolt ever heard of had just struck right next to the school. But, blurrily, he couldn't see any actual damage. The windows hadn't even been cracked. None of the multitude of cars and trucks in the parking lot seemed damaged. And if the people in the parking lot seemed like a bunch of squawking chickens, none of them seemed to have been hurt.
",头晕目眩间，迈克挣扎着看向自助餐厅窗户外面。闪烁留下的残影还在他的眼里，似乎就在餐厅外发生了雷电。但是他却看不见任何实际的图像。窗户甚至都没有破裂。外面停车场的人像母鸡一样走路东倒西歪，但是没人看上去受伤。
man_body85,"The men in the parking lot were mostly coal miners from his local, who had come in from all over the area for his sister's wedding. Partly, that was because the United Mine Workers of America never missed a chance to flaunt their solidarity. The UMWA sticks together. Mike thought that almost every single member of his local had shown up for the wedding, with their families in tow.
",那些外面的人大多数是当地的煤矿工人，从小镇各地前来参加他妹妹的婚礼的。这也是美国团结的煤矿工人喜欢展现他们互相友谊的方式，他们总是有福同享有难同当。迈克感觉似乎当地每个矿工都带着家人一起来了。
man_body86,"The sight of the startled men in the parking lot almost caused Mike to laugh, despite the sudden shock of that incredible¡ªsheet lightning? What the hell did happen? The men were clustered at the back of several pickups, making precious little attempt to hide the fact that they were sneaking a drink in clear and flagrant violation of the high school's firm policy against alcoholic beverages anywhere on the premises.
",停车场上受惊吓的人们四散而逃的场景让迈克几乎笑了出来，尽管他也被那不可思议的闪电吓了一跳。到底发生什么了？这时候他发现几个人聚集在餐厅附近的皮卡里喝酒，肆无忌惮地违反着高中里禁止任何酒精饮料饮用的政策。
man_body87,"A motion in the corner of his eye caught Mike's attention.
",他瞥到有人影快速向自己靠近。
man_body88,"Ed Piazza was scurrying toward him, frowning like Jupiter. For a half second, Mike thought the high-school principal was about to lecture him on the unseemly behavior of the coal miners in the parking lot. He choked down another laugh.
",艾德·皮亚扎急急忙忙地走过来，眉毛皱得跟个神仙似的。一时间，迈克以为这位中学校长是来教训他管管停车场上矿工们不当行为的。他不禁笑了起来。
man_body89,"No, he's just wondering what happened too. Waiting for Ed to reach him, Mike felt a moment's warmth for the man. Wish he'd been the principal when I was in school. Might not have gotten into so much trouble. Good-humored, Ed is.
",不，事实上校长也只是纳闷刚才发生了什么。艾德还没靠近他，迈克就感觉到这个男人非常的温柔。“希望我上学的时候他是校长就好了”，迈克心里想，这样自己就不会陷入那么多的麻烦。艾德是一个可以愉快相处的人。
man_body90,"""I know they're gonna drink in the parking lot, Mike,"" Piazza had told him the day before. Snort. ""Bunch of coal miners at a wedding reception? But puh-leese keep 'em from waving the bottles under my nose. I'd feel downright stupid, all five and a half feet of me, marching out there to whack 'em with a ruler.""
",“我就知道你们这些矿工会在高中停车场里喝酒，迈克，”皮亚扎昨天曾经对他说“一大堆矿工在婚礼上？但是拜托你别让他们在我面前喝酒。只要我闻见距离自己五英尺范围内有酒气，我就会冲过去拿戒尺打他们屁股！”
man_body91,"Ed was at his side now. ""What happened?"" The principal glanced at the ceiling. ""The lights are out too.""
",现在艾德跑到他身边。“怎么了？”校长瞪着天花板。“灯也灭了。”
man_body92,"Mike hadn't noticed until Ed mentioned it. It was still broad daylight, and the plate-glass windows lining the entire side of the cafeteria made the room's fluorescent lighting almost redundant.
",他不说迈克还没发现灯灭了，现在还是白天，餐厅的大玻璃窗户透光良好让电灯灭了都没人发现。
man_body93,"""I don't know, Ed."" Mike set his cup of punch¡ªunspiked; he hadn't felt he could break the rules himself¡ªon the table nearby. Dr. Nichols was starting to rise. Mike lent him a hand.
",“我不知道，艾德。”迈克放下饮料杯子，里面没装酒精饮料，毕竟他不想当着校长的面打破规矩。尼克斯医生正要站起来，迈克拉了他一把。
man_body94,"""Lord, do I feel stupid,"" muttered the doctor, brushing his clothes. Fortunately for his finery, the cafeteria floor had been mopped and waxed to a shine. ""For a moment there, I thought I was back at Khe Sanh."" He, too, asked the inevitable question. ""What the hell was that?""
",“上帝，我刚才真的太激动了。”医生咕哝地说，拍着衣服。对他华丽的衣服很幸运的是，餐厅地板刚刚擦的很干净。“刚才一瞬间，我以为自己回到了溪山。”他也问了那个问题。“刚才特么到底是什么？”（译者注：越南溪山是越南战争中溪山战役发生地，当时美国守军曾被北越炮兵轰击数月之久。）
man_body95,"The large and crowded room was now in a muted uproar, everyone asking the same thing. But there was no panic. Whatever that was, nothing immediately disastrous seemed to have occurred.
",现在，餐厅里的人们都在问同一件事。但是却没人恐慌，因为还没有什么灾难性的事情发生。
man_body96,"""Let's get outside,"" said Mike, heading toward the cafeteria's door. ""Maybe we'll get a better idea."" He glanced around the room, looking for his sister. He spotted Rita almost at once, clutching Tom's arm. She seemed a bit alarmed, but was obviously unhurt.
",“我们出去吧，”迈克说，带头走出餐厅的门。“也许这样我们能想出些什么。”他扫过房间，寻找自己的姐姐。很快他发现丽塔紧张地抓着汤姆的胳膊。她似乎有些害怕，但是明显没有受伤。
man_body97,"By the time Mike reached the door, Frank Jackson had pushed his way through the babbling crowd. Seeing the stocky, gray-haired form of the union's secretary-treasurer, followed by five other miners from the local, Mike felt a flash of pride. UMWA. Solidarity forever.
",当迈克走到门边时，弗兰克·杰克逊推开喋喋不休的人群走过来。看到这位矮壮，灰发的工会会计带着五个矿工来的时候，迈克感到一种骄傲。美矿联，永远团结！（译者注：原文里美矿联是美国矿工联合会，但是用了字母缩写UMWA，今后为表示相同语境使用美矿联为缩写翻译。）
man_body98,"Meeting Frank's eyes, Mike shrugged and shook his head. ""I don't know what happened either. Let's go outside and check around.""
",看见弗兰克询问的眼神，迈克耸肩摇头说：“我也不知道发生什么了。我们出去看看检查一下四周吧。”
man_body99,"A few seconds later, the little group of men was passing through the entrance to the high school and making their way onto the parking lot. Seeing him come, dozens of Mike's local union members started moving in his direction. Most of them even had enough self-possession to leave their drinks behind in the vehicles.
",几秒种后，这一小群人穿过高中入口到停车场。看见迈克来了，几十个迈克的工会成员聚拢过来。很多人都有自知之明的把酒瓶留在车上。
man_body100,"Mike's first concern was for the high school itself. His eyes ranged up and down the long row of buildings, looking for any signs of damage. But none of the beige and white structures seemed to have been harmed at all.
",迈克首先开始打量高中。他看着这一长排建筑，找任何损坏的地方。但是任何粉刷的黄白相间的校舍都没有一点损坏。
man_body101,"""Everything looks okay,"" muttered Ed with heartfelt relief. The relatively new consolidated high school¡ªbuilt not much more than two decades ago, using a lot of voluntary labor¡ªwas the pride and joy of the rural area. For no one was that more true than its principal.
",“看上去一切正常，”艾德松了口气。这是一所二十年内新建的综合高中，当时请镇上人做了很多志愿工作。看见共建的这所高中总能激起乡下人朴实的快乐与自豪，每个人都很珍重她。
man_body102,"Mike looked to the west, toward Grantville. The town itself, two miles away, was hidden behind the hills which gave northern West Virginia its distinctive landscape. But Mike couldn't detect any obvious indications of trouble in that direction either.
",迈克看向西边，也就是格兰维尔小镇的方向。它就藏在两英里外的西弗吉尼亚典型式小山后面，但是迈克也没法发现那里有什么异常。
man_body103,"His eyes moved to the south. The high school had been built on a gentle slope north of Buffalo Creek. At the bottom of that slope, just beyond the end of the parking lot, U.S. Route 250 ran parallel to the small river. The hills on the other side of the little valley were steep, covered with trees, and uninhabited except for a handful of trailers.
",他的眼睛看向南边。高中建在水牛溪北边的小斜坡上。在斜坡底部，也就是停车场的尽头，坐落着平行于溪水的美国250号公路。再往南就是山谷另一头更陡峭的小山，那里树木密布，除了几个拖车式活动房没有居民处所。
man_body104,"Nothing. His eyes began following the highway at the bottom of the slope, toward the large town of Fairmont some fifteen miles to the east.
",什么都没有变化。他沿着小坡下的公路看向远方，东方十五英里外是大城市费尔蒙特。
man_body105,"Stop. There was a hint of smoke . . . 
",等一下。。。那边有些烟冒出。
man_body106,"He pointed to the hills southeast of the school. ""Something's burning. Over there.""
",他指向学校东南边的小山。“那里有什么烧着了，那边！”
man_body107,"Everyone followed his finger. ""Sure enough,"" muttered Frank. ""C'mon, Ed. Let's call the fire brigade."" The union's secretary-treasurer and the high-school principal started moving toward the double doors leading into the school. Then, seeing the man coming through those doors, they stopped.
",大家都看过去。“确实，”弗兰克说。“来吧，艾德。我们给消防打电话。”工会会计和高中校长走向学校入口的双开门，这时候迎面出来一个人。
man_body108,"""Hey, Dan!"" Frank pointed to the thin columns of smoke rising in the distance. ""See if you can get hold of the Volunteers. We've got trouble here!""
",“嗨！丹。”弗兰克指向远处那几道烟。“你能找几个帮手吗？我们遇到麻烦了！”
man_body109," 
", 
man_body110,"Grantville's police chief didn't waste more than two seconds staring at the smoke. Then he was hurrying toward his vehicle and its radio.
",格兰维尔的警长一眼就看见了远处升起的黑烟，然后他赶快发动汽车开启无线电。
man_body111,"The radio wasn't working, for some reason. Nothing but static. Cursing under his breath, Dan looked up and spotted Piazza.
",无线电不知道为什么不能用。除了滋滋声什么都没有。丹一边发动着警车，看向皮亚扎。
man_body112,"""You'll have to use the phones, Ed!"" he shouted. ""The radio isn't working.""
",“你得用电话了，艾德！”他喊道。“无线电用不了了。”
man_body113,"""The phones aren't working either!"" responded Piazza. ""I'll send someone down there in a car!""
",“电话也用不了了！”皮亚扎回答道。“我马上派人开车去那。”
man_body114,"The principal hurried back toward the school. ""And get hold of Doc Adams while you're at it!"" the police chief shouted to his retreating form. ""We might need medical help!"" Piazza waved his acknowledgment.
",校长赶快跑回学校，另一边警长则提醒道：“让亚当斯医生也来一下！”他对正在离开的同伴说“我们可能需要医护人员！”皮亚扎挥手表示了解。
man_body115,"By then, Mike and Frank and several other coal miners had already started up their trucks. Dan Frost was not surprised at their instant assumption that they would be accompanying him to see what the problem was. In truth, he took it for granted.
",同时，迈克和弗兰克还有几个其他的矿工已经发动了他们的卡车。丹·福斯特毫不惊讶这些矿工会陪同他前去查看情况。事实上他觉得这理所当然。
man_body116,"Dan had once been offered a position in a large city's police force, at a considerably larger salary. He hadn't thought for more than three seconds before turning it down. Dan Frost had seen police work in big cities. He'd rather stay in his little town, thank you, where he could be a cop instead of an occupying army.
",丹曾经在一个大城市的警局就职，收入不菲。但是在回到家乡时毫不犹豫。丹·福斯特见识了大城市的警察工作，因此他宁愿回到家乡小镇。这样他就可以像警察而不是占领军那样工作了。
man_body117,"As he climbed into his Cherokee and started the engine, Dan checked the interior of the vehicle quickly. The shotgun was in its gun case in the back, and there was extra ammunition for his pistol in the glove compartment. Satisfied everything was in place, he leaned out of the window. Mike Stearns pulled his truck alongside. Dan was surprised to see a black man riding in the passenger seat.
",他钻进自己的自由光SUV并发动，快速检查了一下车内。散弹枪还静静地躺在后座的枪盒里，另外他的杂物柜里也有额外的手枪子弹。警长满意于一切就绪，他把身体伸出窗外。迈克·斯特恩斯把卡车停在一边。丹很惊讶地看到副驾驶上有个黑人。
man_body118,"""Dr. Nichols here is a surgeon,"" Mike explained, half-shouting. ""He volunteered to come along."" Mike hooked a thumb over his shoulder. ""His daughter Sharon will ride with Frank. Turns out she's a trained paramedic.""
",“这是尼克尔斯大夫，他是外科手术医生，”迈克大声解释道“他愿意一起来帮忙。”迈克用拇指按压肩膀。“他女儿莎伦会和弗兰克一起坐车来，她也受过医护训练。”
man_body119,"Dan nodded. An instant later, he was driving the Cherokee down the asphalt road leading to Route 250. Three pickups and a van followed, carrying eight coal miners along with James and Sharon Nichols. Behind them, in his rearview mirror, Dan could see a mob of people pouring out of the high school. There was something slightly comical about the scene. Squawking chickens, wearing their Sunday best for the wedding.
",丹点点头。一会儿，他就开着SUV下了沥青路前往国道250。三个皮卡和一个货车跟着他，一共带着八个矿工和尼克尔斯父女。在他们之后，丹可以看到一群人涌出高中。这个时候场面有些滑稽，那些人就像尖叫的鸡群一样围绕着婚礼现场。
man_body120,"Once he reached the road, Dan turned left. Route 250 was a well-built two-lane highway. Even winding through the hills and hollows, it was easily possible to drive fifty miles an hour at many stretches. But Dan took it more slowly than usual. He was still uncertain what was happening. That flash had been truly incredible. For a fleeting instant, Frost had been certain that a nuclear war had started.
",到达国道边时，丹向左转。国道250是一个路况良好的双车道高速公路。即使穿过很多山谷，仍然能很容易在一些路段飙到50迈。但是丹这次开的比较慢。他仍然不确定发生什么了。那个闪电非常的无可思议，在一瞬间，丹以为核战争爆发了。
man_body121,"Everything seemed normal, though, as far as he could see. He was driving alongside Buffalo Creek now. On the other side of the creek, at the foot of the hills, railroad tracks ran parallel to the road. He caught a glimpse of two house trailers nestled away in the woods. They were old, weather-beaten, ramshackle¡ªbut otherwise unharmed.
",所有的事情看上去都挺正常，至少在他看来。他沿着水牛溪一路向前。在溪水的另一边，也就是山脚下，铁路平行着公路前进。他看见两个房车停在森林里。他们老式、饱经风霜、破烂不堪，但是没有受到外力损坏。
man_body122,"Coming around a bend, Dan threw on the brakes. The highway ended abruptly in a shiny wall, perhaps six feet tall. A small car had skidded sideways into the wall, caving part of it¡ªdirt, Dan realized¡ªover the hood. Dan could see a woman's face staring at him through the driver's side window. The woman was wide-eyed.
",转过弯来，丹突然停下。高速公路被一个闪闪发光的墙壁截断了，可能有将近六英尺高。一辆小轿车停在靠近墙的路边，上面布满泥土。丹觉得它应该是出事故了，可以看见一个女人正从驾驶座车窗向外盯着他。女人眼距很宽。
man_body123,"""That's Jenny Lynch,"" he muttered. He stared at the wall across the road. ""What in the hell is going on?""
",“那是杰妮·林奇，”他咕哝道。扫视了一眼横在公路上的墙，他问道：“到底发生了什么？”
man_body124,"Dan got out of the Cherokee. Behind him, he could hear the miners' trucks coming to a halt and doors opening. When he reached the car, he tapped on the window. Slowly, Jenny rolled it down.
",丹从切罗基车上下来。他可以听见矿工们的皮卡也在自己身后停下，车门也打开了。当他走到杰妮车旁边，他敲了敲车窗，杰妮便缓缓地摇下车窗。
man_body125,"""Are you okay?"" The youngish, plump-faced woman nodded hesitantly.
",“你还好吗？”警长问道。那个年轻的胖脸女人缓缓点头。
man_body126,"""I¡ªI think so, Dan."" She reached a shaky hand toward her face. ""Did I kill anybody? I don't know what happened."" The words started coming out in a rush. ""There was a flash¡ªsome kind of explosion¡ªI don't know . . . Then this wall, where did it come from? I hit the brakes, car started skidding¡ªI . . . I don't know what happened. I don't know what happened.""
",“我觉得我还行，丹。”她双手在颤抖。“我刚刚杀人了吗？我都不知道发生什么了。”接下来她匆忙地说“有一道闪电，然后就是爆炸！我不知道怎么的就出现了这座墙，它从哪来的？我踩下刹车车就侧滑了...我真的不知道怎么回事。”
man_body127,"Dan patted her on the shoulder. ""Relax, Jenny. You didn't hurt anybody. I think you're just a little shaken up."" He remembered Nichols. ""We've got a doctor with us. Hold on just¡ª""
",丹轻拍她的肩膀说。“放松，杰妮。你没有伤害任何人。我觉得你只是吓到了。”他想起了尼克斯医生。“我们带来个医生，让他给你看看。”
man_body128,"He started to turn, but Nichols was already there. The doctor gently shouldered Dan aside and gave Jenny a quick examination.
",他转过身去，却发现尼克斯医生已经在那里了。医生绅士地让警长过去然后给杰妮进行了一次快速检查。
man_body129,"""I don't think there's anything serious,"" he said. ""Let's get her out of the car."" He opened the door. A moment later, he and Dan were helping Jenny. Other than being shaky and pale, the woman didn't seemed harmed.
",“我觉得她没有大碍，”医生说。“让我们把她扶出车。”他打开车门。一会，他和丹就扶着女人下车。除了脸色苍白身体发抖，她似乎没有受伤。
man_body130,"""Come here a second, will you Dan?"" said Mike. The union president was squatting by the strange wall, digging into it with a pocket knife. The police chief walked over.
",“过来一下，丹。”迈克说。工会主席正蹲在这个奇怪的墙旁边，用一把小折刀挖掘。警长走过来。
man_body131,"""This thing is just dirt,"" Mike stated. ""Nothing but plain old dirt."" He spilled another scoop out of the wall. As soon as the cohesion was broken, the shiny substance turned into nothing but a pile of soil. ""The only reason it looks shiny is because¡ª"" Mike groped for words. ""It's as if the dirt's been cut by a perfect razor."" He poked at the wall again. ""See? As soon as you break through the surface, it's nothing but dirt. What the hell could have done that? And where did it come from?""
",“这是泥土，”迈克评价道。“平平无奇的老泥土。”他又从墙上挖起一块说。只要把它捣碎，那光滑的物质就变成了土壤。“为什么它看上去会发光是因为泥土被剃刀打磨过了。”他指着墙“看到了吗？只要你把那个墙破坏，就发现它只是泥土。到底是什么能做到切割泥土到那么光滑的地步？这些泥土从哪里来的？”
man_body132,"Mike glanced right and left. The ""wall"" continued on both sides of the road. It was as if two completely different landscapes had suddenly been jammed together. He could see the side of a typical West Virginia hill to the south¡ªexcept the side was now like a perpendicular cliff. Just as shiny as the wall across the road, except where pockets of soil were falling loose.
",迈克左右环顾，“墙”顺着视线横断公路向两个方向延伸。仿佛是两个完全不同的地貌强行挤在一起。在南边本应典型的西弗吉尼亚山岭，现在却变成了垂直的悬崖，由闪亮的墙体区分，但是这个墙却摇摇欲坠。
man_body133,"Dan shrugged. He started to say something when he heard a sudden shriek. Startled, he rose and stared at the wall. An instant later, a body hurtled over the top and crashed into him.
",丹耸耸肩，他正要说什么时却被一声尖叫止住了。惊吓中往上看的时候，一个身影正在从墙上急速地冲向他。
man_body134,"The impact sent Dan sprawling on the pavement. The body¡ªa young girl, he realized dimly, a raggedly dressed teenager¡ªlanded on top of him, still shrieking. The girl bounced off him and scrambled down the bank, heading for the creek. Still screaming.
",突然地冲击把丹击倒在地上，那身影是一个年轻女孩，他恍惚意识到，这个穿的破破烂烂地少女撞在他身上，仍然在尖叫。少女挣扎地爬起来，仓促地逃向河滩，大叫地冲向着小溪的方向。
man_body135,"Half-dazed, Dan started to rise. Mike was at his side, extending a hand. Dan took it and got back on his feet.
",感觉很莫名其妙，丹开始站起来。迈克在他身边拉了他一把。
man_body136,"Everything was happening too fast. He had just started to turn, looking for the girl, when he saw two new figures appear on top of the wall.
",一切都在电光火石之间发生。警长开始看寻找少女逃跑的方向，当他扫到了两个新的人影出现在墙头。
man_body137,"Men. Armed.
",男人。手持武器。
man_body138,"Mike's back was toward them, half-blocking Dan's view. Dan pushed him off and reached for his pistol. One of the men¡ªthen the other¡ªbegan raising his rifle. Rifle? What was that strange-looking weapon?
",迈克当时正背对着他们，挡住了丹的视线。丹赶快推开迈克并拿起手枪。其中两个男人开始举起他的步枪。步枪？看上去型号很奇怪。
man_body139,"Dan's pistol was clear of the holster. Coming up. ""Halt!"" he shouted. ""Drop your weapons!""
",丹的手枪拿出了枪套，他大喊道：“别动！放下武器！”
man_body140,"The first rifle went off. The gun made a strange, booming sound. Dan heard the bullet ricochet off the pavement. He caught a glimpse of Mike throwing himself down. Dan had his pistol up¡ªlevered the slide¡ªtwo-handed grip¡ª
",一个步枪开火了，发出了奇怪并剧烈的响声。丹听到子弹打到了地上，然后迈克赶快卧倒。丹开始双手握枪。
man_body141,"The round from the second rifle slammed into his left shoulder, knocking him sideways.
",第二个步枪的子弹猛击了他的左肩膀，把他打倒在地。
man_body142,"His mind felt suspended. Dan had never actually fired his weapon in a live situation. But he was an instructor in police combat tactics, and had spent uncounted hours on the firing range and in simulated drills. His training took over. Using his right hand, he brought the pistol back on target.
",他的思维停滞了。丹其实从来没有在实战中开枪。但他是射击教官，也曾经花费数不尽的小时在射击场对着模拟标靶练习。他的训练接管了他的身体。用右手将手枪准星对准目标。
man_body143,"Detached, his mind recognized that the man was wearing some kind of armor. And a helmet. Dan was an expert shot. The range wasn't more than thirty feet. He fired. Fired again. The .40-caliber rounds practically severed the man's neck. He flopped backward, out of sight.
",突然间他意识到这个男人穿着某种铠甲，还带着头盔。丹是一个射击专家，而目前他与目标不到三十英尺（九米）。他开枪了，一枪又一枪。.40口径的子弹切断了那个男人的喉咙。他向后倒下，消失在墙的那边。
man_body144,"Dan swung his pistol to the left. The other man was still standing on the wall, doing something with his weapon. He, too, was wearing armor. But he had no helmet. Dan fired. Fired again. Fired again. Three shots, in less than two seconds. The head which absorbed those rounds was nothing but a ruptured ruin. The man collapsed to his knees, dropping his weapon. A second later, both the man and his firearm were sliding over the wall. The firearm landed on the pavement with a clatter. The body landed with a sodden thump.
",丹把手枪指向左边。另一个男人仍然站在墙上在操作他的枪。他也穿着铠甲但是没有头盔。丹连开三枪将其爆头，瞬间那个男人五官就被撕裂了。男人无力地跪下，丢掉了武器。一秒后他和步枪都滑下了墙掉在地上。武器坠地的清脆撞击和尸体的沉重声音同时响起。
man_body145,"Dan felt himself slumping. He sensed that his arm¡ªhis whole body¡ªwas soaked with blood. Mike caught him and lowered him to the ground.
",丹感觉自己身体沉重无力。他感觉自己的左臂和身体上浸满了鲜血。迈克抓着他把他身体放低。
man_body146,"He was fading out now. Shock, he realized. I'm losing a lot of blood. Dimly, he recognized the face of the black doctor, looming over him. His vision was getting blurred.
",他感觉自己越发头晕。逐渐意识到自己失血过多。朦胧间，他看到了医生那张黑脸在自己面前，随着医生逐渐靠近，他的视线模糊了。
man_body147,"There was something he had to do. Urgent.
",医生得赶快做些什么了。
man_body148,"Oh, yeah. ""Mike,"" he whispered. ""I'm deputizing you. You and your guys. Find out what the hell¡ª"" He faded out, back in. ""Just do whatever you've got to . . .""
",“好吧，迈克，”他虚弱地小声说“我指定你，和你的伙计们。搞清楚到底...”他快要晕倒了“干你需要干的任何事！”
man_body149,"Faded out.
",他晕倒了。
man_body150," 
", 
man_body151,"""How is he?"" Mike asked.
",“他怎么样了？”迈克急切地问道。
man_body152,"Nichols shook his head. The doctor had pulled out a handkerchief and was trying to staunch the wound. The cloth was already soaking through.
",尼克斯摇摇头，医生用一个手帕覆盖在警长的伤口上试图止血，衣服已经被鲜血浸透了。
man_body153,"""I think it's just a flesh wound,"" he muttered. ""But¡ªJesus¡ªwhat did that bastard shoot him with, anyway? A shotgun slug? Damned near ripped his shoulder off. Sharon¡ªcome here. Quick!""
",“我觉得应该只有外伤，”他做出判断。“但是那混蛋到底用什么射他的？一把霰弹枪？这几乎把他肩膀撕碎了。莎伦，赶快过来！”
man_body154,"As his daughter hurried up, Nichols was relieved to see she was carrying a first-aid kit. Frank Jackson must have had one in his truck. The doctor spotted another miner hauling a first-aid kit out of his own vehicle. Thank God for country boys, came the whimsical thought.
",当他的女儿跑过来时，尼克斯很欣慰地看见她带着急救箱。工会秘书弗兰克·杰克逊正好后备箱里放了一个。医生发现也有一个矿工从他自己车里拿出了一个急救箱。上帝保佑这些乡巴佬！医生想到。
man_body155,"While Nichols and his daughter started tending to Dan Frost, one of the other miners picked up his assailant's weapon. Ken Hobbs, that was. He was in his early sixties and, like many of the men in the area, was an enthusiast for antique black-powder guns.
",当尼克斯和他女儿开始急救丹警长时，一个矿工捡起了袭击者的武器。那是六十岁的老矿工肯·霍布斯。像他这个年龄的人一样，他也是老式黑火药枪的爱好者。
man_body156,"""Will you look at this thing, Mike?"" he demanded, holding up the firearm. ""I swear to God¡ªthis is a fucking matchlock!""
",“看看这个，迈克！”他拿着火枪说。“我向上帝发誓这TM是火绳枪！”
man_body157,"Noticing Sharon working at her father's side, Hobbs flushed. ""Sorry, ma'am. 'Bout the bad language.""
",发现莎伦在她父亲旁边帮忙，霍布斯脸红了。“对不起女士，我出言不讳了。”
man_body158,"Sharon ignored him. She was too preoccupied helping her father. Dan's eyes were closed. His face was as pale as a sheet.
",莎伦没理他，她全神贯注地在帮助父亲。丹的眼睛闭上了，他的脸像纸片一样苍白。
man_body159,"Mike turned away. Hobbs came up to him, extending the captured weapon. His wizened face, scrunched up with puzzlement, was a mass of wrinkles. ""I swear, Mike. It's a matchlock. There's pictures of them in one of my books at home.""
",迈克转向老工人。霍布斯走向他展示着缴获的武器。他苍老褶皱的脸展现出迷惑不已的神情“我发誓，迈克。这是火绳枪。我家里有本书有它们的图片。”
man_body160,"Another miner, Hank Jones, came up. ""You oughta be careful handling that,"" he muttered. ""You know. Mess up the fingerprints.""
",另一个矿工，汉克·琼斯走过来。“你该小心点的，”他咕哝地说“你会破坏指纹的。”
man_body161,"Hobbs started to make some vulgar retort. Then, remembering Sharon, turned profanity into a simple hiss. ""For what, Hank? So we can nab the culprit?"" He gestured at the corpse lying at the foot of the peculiar embankment. ""Case you didn't notice, Dan already blew the SOB's head off.""
",霍布斯开始骂骂咧咧。然后记得莎伦在旁边，就把亵渎的话语变成了简单的诋毁。“留着指纹做什么，弗兰克？所以我们可以抓住犯人？”他指着躺在路堤上的尸体说“你没注意丹已经把狗娘养的头打爆了吗？”
man_body162,"Another miner had scrambled onto the wall, and was studying the corpse of the other man. He barked a harsh laugh. ""Same here! Two rounds, right through the neck.""
",另外一个矿工爬上墙研究墙那边的尸体。他喊道：“这个也死透了！两发子弹正中脖颈。”
man_body163,"Darryl McCarthy was in his early twenties. He had none of Hobbs' old-fashioned qualms about using bad language in front of a woman. Not under these circumstances, anyway. ""Only thing holding this asshole's head to his body,"" he announced loudly, ""is maybe three little strips of meat.""
",达瑞尔·麦卡锡二十出头。他毫不顾忌霍布斯这样的长者对于在女士面前语言粗俗的不安，至少在这种条件下。“就一小块肉把这王八蛋的头和身体连在一起，”他大声嚷道，“也许就三小条肉。”
man_body164,"McCarthy rose. Standing on the lip of the wall, he stared down at Dan Frost's unconscious form. His look was full of approval. ""Both rounds hit the bastard right in the throat. Blew his fucking neck all to hell.""
",麦卡锡站起来，走到墙的边缘，他看着丹警长昏迷不醒的样子十分敬佩。“两枪正中喉咙，打飞了他的脖子。”
man_body165,"All the coal miners were gathered at the scene, now. All of them were staring down at Frost. All of them with approval.
",所有的矿工都到了现场，对警长赞不绝口。
man_body166,"""Remind me not to lip off to him at the Happy Trails, next time he says I've had enough,"" murmured Frank Jackson. ""Always heard he was a hell of a shot.""
",“记得提醒我下次在快乐山不要再嘲笑他了，不然他受够了就崩了我，”弗兰克说“早听说他是神枪手。”
man_body167,"Mike straightened up, remembering the girl. His eyes ranged down the creek where she had fled.
",迈克径直看向女孩逃走的方向。
man_body168,"""She's probably half a mile away, by now,"" said Hank. He pointed southwest, across the creek. ""I saw her scramble over to the other side. Creek must be low. She went up somewhere into the trees.""
",“她也许已经跑了半英里，现在。”汉克说。他指向过了小溪的西南边。“我看见她过了小溪，溪水很浅，然后她进了树林。”
man_body169,"Hank's face twisted into a ferocious scowl. ""The whole back of her dress had been ripped off, Mike."" He glared at the corpse lying on the pavement. ""I think those guys were trying to rape her.""
",汉克突然怒气冲冲。“她裙子后面都被撕开了，迈克。”他瞥了一眼倒在路上的尸体。“我觉得这两个家伙想强奸她。”
man_body170,"Mike's eyes went to the corpse. Then looked at the wall and the unseen territory beyond. Thin columns of smoke were still rising.
",迈克的眼睛看向尸体，然后看着墙后面的未知之地。细细的黑烟还在升起。
man_body171,"""Something bad is happening here, guys,"" he stated. ""I don't know what it is. But it's bad."" He pointed at the corpse. ""I don't think this is all of it.""
",“伙计们，那里肯定发生了什么不好的事情。”他判断道“我不知道是什么，但是感觉很不好。”他指向尸体。“肯定不止这些。”
man_body172,"Frank stalked over to the corpse and stooped over it. ""Look at this weird armor. What do you think, Mike? Some kind of crazy survivalists or something?""
",弗兰克走向尸体然后停下来审视他。“看这些奇怪的铠甲，你觉得他们是什么人，迈克？是疯狂地末日求生主义者还是其他的东西？”
man_body173,"Mike shrugged. ""I've got no idea, Frank. But if there were two of them, there's no reason can't be more."" He gestured at Dan. Dr. Nichols seemed to have the blood flow stanched. ""You heard the chief, guys. He deputized us, and told us to do whatever's got to be done.""
",迈克摇头。“我不知道，弗兰克。但是如果有两个的话，肯定还会有更多。”他指向正在被医生抢救的流血不止的警长“你们听到警长的话了，他委任我们去做任何该做的事情。”
man_body174,"The miners nodded, and crowded a little closer.
",矿工们点头，聚集起来了。
man_body175,"""So get your guns, boys. I know damn well you've all got something stashed in your vehicles. We're going hunting.""
",“所以拿上你们的枪，同志们。我知道你们肯定后备箱里藏着什么，我们去捕猎他们。”
man_body176,"As the men started moving toward their trucks, Mike reconsidered. ""Except you, Ken. You've got to get Dan back to the high school. They've got a clinic.""
",当矿工们返回车上时，迈克重新考虑了一下。“肯你先回镇上，你得把丹送回高中，他们那里有个小诊所。”
man_body177,"Seeing the elderly Hobbs' look of suspicion, Mike elaborated curtly. ""Don't argue with me! It's not your age, dammit. You've got the only van here."" He pointed at Frost. ""Better than tossing him into the bed of a pickup.""
",看见霍布斯不服老的神情出现，迈克耐心地解释道：“别顶嘴，你已经胡子一大把了。而且你还是唯一开着货车来的，”他指着受伤的警长“不然他只能塞进皮卡的后座上。”
man_body178,"Mollified, Hobbs nodded. ""I'll get my gun. Leave it with you guys.""
",被迈克说服了，霍布斯点头。“我把枪拿下来给你们。”
man_body179,"Mike heard Nichols murmur something to his daughter. A moment later the doctor was rising.
",迈克听见尼克斯正在低声吩咐女儿几句，一会医生起身说道：
man_body180,"""Sharon can do as much for him right now as I can,"" he said. ""It's just a flesh wound. Big one, but nothing worse. She'll go back with him to the clinic.""
",“莎伦可以处理好警长的伤势，”她说“只是外伤，虽然大但是并不严重。她会护送警长回小诊所。”
man_body181,"Mike cocked an eyebrow. Nichols smiled thinly. ""I'm coming with you."" Nichols nodded toward the wall. ""Like you said, something bad's going down here. I suspect you'll need me down the road a ways.""
",迈克抬起眉毛。尼克斯浅浅一笑“我和你一起来。”尼克斯下巴一挑指向墙那边。“就像你说的那样，那边发生了不好的事情。我觉得你们之后需要我。”
man_body182,"Mike hesitated. Then, studying the hard, rough face¡ªa very thin smile that was¡ªhe nodded. ""Okay with me, Doc."" He looked down at Frost. ""Can you get that holster off him? You better have a weapon yourself.""
",迈克犹豫一下，然后决定了。“好的，医生跟我来。你能带上警长的手枪吗？你需要带着武器。”
man_body183,"While Nichols occupied himself with that task, Mike went over to his own pickup. It was the work of a few seconds to haul his gun from its place of concealment behind the seat. And a box of ammunition. He hefted the big .357 magnum. The weapon was a Smith & Wesson Model 28 Highway Patrolman fixed-sight revolver, tucked into a clip holster. Fortunately, Mike had insisted on dress pants using a belt instead of suspenders. He attached the holster to the belt and shoved the ammunition in the rented tuxedo's deep pockets.
",当尼克斯去拿枪时，迈克去拿自己的装备。他花了几秒钟从座位后年拿出的自己的枪以及一盒子弹。他举起大号.357口径的马格南手枪。这是一把史密斯威森28型公路巡警固定瞄准左轮手枪，他把它塞进了一个夹式枪套里。正好迈克穿着腰带，所以能把枪夹挂在腰带上，同时多余的弹药都塞进礼服的口袋里。
man_body184,"Then he went over to Dan's Cherokee and took out the shotgun. He also found two boxes of ammunition. One of them contained rounds for the .40 caliber. The other held double-ought buckshot. The same rounds would be in the shotgun's magazine. He pried out a half dozen shotgun shells and stuffed them in his pants pockets. The box of .40-caliber ammunition he kept in his hand. Between the revolver and all the ammunition, he felt like a waddling duck.
",然后他走向丹的切诺基拿出了那把猎枪和两包弹药。一个装着.40口径子弹，另一个装着双倍重铅弹。铅弹子弹放在猎枪的弹盒里，剩下的六发弹药他放在裤子口袋里。.40口径子弹他手里拿着，在左轮和所有弹药之间，他感觉自己走路像个跛脚的鸭子。
man_body185,"Screw it. I'd rather be a well-armed duck than a sitting one.
",管他呢。我宁愿做一个全副武装的鸭子而不是一只死鸭子。
man_body186,"By now, Sharon and Hobbs had gotten Dan into the back of the van. Jenny Lynch had recovered enough to lend them a hand. Less than a minute later, the van was turning around and heading back to the high school.
",现在莎伦和霍布斯把丹抬上货车货箱。杰妮·林奇也来帮忙。一分钟后，货车就启动返回高中了。
man_body187,"Mike's union members were gathered around him. All of them were armed. Most of them with pistols, except Frank's beloved lever-action Winchester and Harry Lefferts'¡ª
",迈克的工会大军在他周围聚集。每个人都全副武装。大部分人拿的是手枪，除了弗兰克和哈里拿着心爱的半自动温彻斯特步枪。
man_body188,"""For Christ's sake, Harry,"" Mike snapped, ""don't ever let Dan catch you with that.""
",“看在上帝的份上，哈里，”迈克批评道“千万别让丹看见你拿着温彻斯特。”
man_body189,"Harry grinned. He was the same age as Darryl¡ªthey were best friends, in fact¡ªand shared Darryl's carefree youthful attitudes. ""And what's wrong with a sawed-off shotgun?"" he demanded. He jerked his head around, pointing to everyone else with his chin. ""It's not as if every damn one of these guns isn't illegal, when you get right down to it. So what's another concealed weapon¡ªamong friends?""
",哈里尴尬地笑了笑。他和达瑞尔一样都是二十岁出头，他们是最好的伙伴，事实上无忧无虑的性格都一样。“拿着一个锯断的猎枪怎么了？虽然他们不是都是合法的，但是我觉得朋友之间不该互相藏匿武器。”
man_body190,"A little chuckle swept the group. Mike made a face. ""Yeah, well¡ªyou better be damn close, with that thing. Don't forget these guys were wearing armor.""
",周围发出了一阵阵笑声。迈克做个鬼脸。“那你最好足够熟练用温彻斯特。别忘了那些家伙们穿着铠甲。”
man_body191,"He turned now to the doctor, and handed him the box of .40-caliber ammunition he'd found in the glove compartment. Nichols put down the first-aid kit he was carrying. Mike was not particularly surprised to see the quick and expert way in which Nichols reloaded the automatic pistol.
",他转向医生，把.40口径弹药递给他。尼克斯放下急救包然后开始装弹。迈克毫不惊讶地看到他装弹很熟练。
man_body192,"""Well-trained, you Marines,"" he murmured.
",“训练有素，你个陆战队。”他咕哝道。
man_body193,"Nichols snorted. ""Marines, my ass. I knew what to do with one of these before I was twelve."" He hefted the automatic. ""This is Blackstone Rangers' training. I grew up within spitting distance of Sixty-third and Cottage Grove.""
",尼克斯喷了喷鼻息。“去TM的陆战队，我十二岁就会用了。”他举起自动手枪。“这是黑石镇流浪生活学到的，我在63街和小树林间长大。”（译者注：芝加哥黑人区地名，以犯罪率高著称。）
man_body194,"Suddenly, the black doctor was beaming wickedly at the white men around him. ""Gentlemen,"" he said, ""the Marines are at your side. Not to mention Chicago's worst ghetto. Let's deal.""
",突然，黑人医生笑着对周围白人说。“先生们，陆战队就在你们身边。还有一个芝加哥贫民窟最大的混蛋。我们走吧。”
man_body195,"The miners grinned back. ""Nice to have you along, Doc,"" announced Frank.
",矿工们回以微笑。“很高兴你与我们同在，医生。”弗兰克说。
man_body196,"Mike turned, and strode toward the embankment. ""Like you said. Let's deal.""
",迈克转身，大踏步走过路堤。“就像你说的，我们出发吧。”
