﻿¼üÖµ,Ô­ÎÄ,ÒëÎÄ
man_body5384,"Chapter 60
"
man_body5385,"""You are insane,"" growled Gustav Adolf. He waved his heavy hand in a circle. ""Your mind is as jumbled as this room.""
"
man_body5386,"The library was still a scene of semiwreckage. The students had not finished rearranging the books when Mike had arrived at the school and immediately insisted on a private meeting with ""Captain Gars."" There were now only three people in the room: Mike, Gustav and Rebecca. All of them were seated on armchairs arranged in a half circle.
"
man_body5387,"The king glared at the tall man sitting across from him. Blue eyes locked against blue eyes. ""A madman!""
"
man_body5388,"Mike's German was more than good enough to understand. He didn't wait for Rebecca's translation before matching the royal glare with one of his own.
"
man_body5389,"""Am I?"" Snorting, almost sneering: ""Or is the true madman a Swedish king who thinks he can establish a Corpus Evangelicorum in central Europe? A Protestant confederation¡ªwhen most of his Protestant allies are unwilling and his own conquered territory consists mainly of Catholics?""
"
man_body5390,"After Rebecca translated, Mike stretched out his hand and swept it south by west. The fact that his finger was actually pointing at bookcases in a library did not prevent the monarch from understanding the gesture.
"
man_body5391,"""What do you propose to do with Franconia?"" he demanded. ""Or the 'Priests' Alley'?""
"
man_body5392,"The king was silent. Mike pressed on. ""Or with the Palatinate¡ªboth the Upper and the Lower? Or with Swabia and W¨¹rttemburg?""
"
man_body5393,"Gustav's heavy jaws tightened. ""There must be an established church.""
"
man_body5394,"Again, Mike didn't need to wait for the translation. He shrugged his shoulders. ""For a Corpus Evangelicorum, well and good. As long as it's restricted to Lutheran north Germany. Pomerania and Mecklenburg you control directly. Brandenburg¨CPrussia and Saxony are technically your allies. If you can convince them to join, Lutheranism is not an issue.""
"
man_body5395,"Mike waited for Rebecca to translate. The king glowered at the use of the word ""technically,"" but issued no verbal protest. What was there to say?
"
man_body5396,"Mike continued. ""But how do you propose to establish Lutheranism as the official church of central Germany? Most of which, except for Hesse-Kassel and Thuringia, is Catholic.""
"
man_body5397,"The king was now glaring fiercely. Mike matched the glare. ""And we control Thuringia. And we will not accept an established church. The separation of church and state is one of our fundamental principles!""
"
man_body5398,"Glare.
"
man_body5399,"Glare.
"
man_body5400," 
"
man_body5401,"Rebecca managed not to laugh. Just barely. Melissa had once explained to her the ""modern"" notion of the so-called alpha male. At the time, Rebecca had found the logic of the argument highly suspect. But now, watching her husband and the king of Sweden, she admitted that the concept had a certain validity. Other than the fact that they were matching wills over power rather than females, the two men in the library reminded her of nothing so much as a pair of bull walruses during mating season.
"
man_body5402,"She decided to intervene with the voice of feminine reason. Rebecca wasn't quite certain where Michael was going with his argument¡ªthey had barely had time to exchange an embrace and a few words before he insisted on this private meeting with ""Captain Gars""¡ªbut she thought she could guess. Many times¡ªmany times¡ªMichael had spoken to her of his greatest fear. That the new United States he was trying to forge would become another of Europe's tyrants instead of a school for humanity's future.
"
man_body5403,"""Perhaps¡ª"" She cleared her throat. ""Perhaps a compromise might be possible.""
"
man_body5404,"Two pairs of glaring blue eyes were now transferred to the female in the room. Rebecca managed to bear up under the burden. Quite easily.
"
man_body5405,"""Yes, I think so."" To the king, in quick, velvety German: ""You must remember, Your Majesty, that my husband is accustomed to the clarity and simplicity of his traditional political arrangements."" To Michael, in quick, hissing English: ""Get off your high horse!""
"
man_body5406,"Neither man quite understood what she had said to the other. They were suspicious, but . . . 
"
man_body5407,"Rebecca struck while the iron was confused.
"
man_body5408,"""Yes, a compromise! In those principalities of the future realm¡ªlet us, for the moment, simply call it the Confederation of Europe¡ªwhich are directly ruled by the Vasa dynasty as such, Lutheranism will of course be the established religion. But in those principalities¡ª""
"
man_body5409,"Mike and Gustav both erupted. Mike with a loud snort, the king with words.
"
man_body5410,"""Nonsense!"" bellowed the king. ""The principle of monarchy cannot be compromised! Intolerable!""
"
man_body5411,"Rebecca glided through his outrage unscathed. ""Well¡ªof course not. But, Your Majesty, remember that the principle of monarchy resides in your personage as Gustav II Adolf Vasa, King of Sweden. Not¡ª""
"
man_body5412,"She slid in the knife: ""¡ªin your persona as Captain Gars.""
"
man_body5413,"The king's jaws snapped shut. Michael goggled at her.
"
man_body5414,"""Captain General Gars, I should say,"" Rebecca continued. ""The title will naturally be hereditary, running through the Vasa line of Sweden. But since the captain general, as such, is not a king . . .""
"
man_body5415,"She let the words, and the implication behind them, trail off into silence. Michael, unaccustomed to the arcane logic of feudalism, was confused. But the king, after a moment, began to smile. The blue glare in his eyes faded, replaced by thoughtfulness. He did understand the logic.
"
man_body5416,"""Hm,"" he mused. ""Interesting. As a purely military figure, the captain general would have no personal prestige bound up with any particular church. A monarch derives his authority from the hand of God, and must naturally support God's lawful church. But a captain general could¡ªspeaking abstractly, for the moment¡ªleave strictly religious matters to the parsons."" A bit sourly: ""And priests, of course.""
"
man_body5417,"Mike had been able to follow the German exchange well enough. ""And the rabbis,"" he insisted.
"
man_body5418,"Gustav cast him another glare, but it was brief. He waved a thick hand. ""Yes, yes¡ªsurely. Once the principle is established, the rest follows.""
"
man_body5419,"Rebecca twisted the blade. ""And I do think it is time¡ªlong overdue, in fact¡ªfor Captain Gars to receive a promotion.""
"
man_body5420,"Gustav burst into laughter. ""Scheming woman!"" For a moment, he stared at her admiringly. His eyes drifted down to her swollen midsection. ""If the child is a girl,"" he chuckled, ""I assume you plan to name her Circe.""
"
man_body5421,"Rebecca laughed. After a moment, so did Michael.
"
man_body5422,"The king began stroking his big nose. ""Hm. Hm."" The stroking stopped. The glare returned.
"
man_body5423,"""But what about this other nonsense!"" he snapped. ""This preposterous idea that only the lower house¡ªthe estate of the commons, if you will!¡ªhas exclusive control over taxation and the state treasury?"" His voice rose to a bellow: ""Absurd! Utterly unreasonable!""
"
man_body5424,"Michael snapped back: ""Bad enough I'm willing to give you a stinking House of Lords, just to keep your lousy noble allies! You want the worthless parasites to decide how much they get taxed, too?"" His own bellow was as impressive as the king's: ""Not a chance! Power must remain in the lower House! Let the damned nobility be satisfied with their frills!""
"
man_body5425,"Bellow.
"
man_body5426,"Bellow.
"
man_body5427,"The king of Sweden roared like a lion, defending the divine right of kings and the principle of aristocratic precedence. The president of the United States snarled like a tiger, insisting on the primacy of the popular will. Royalty must rule, not simply reign! was matched with Millions for defense, not one cent for tribute!
"
man_body5428,"It went on for quite some time. On and on. Several hours, in fact.
"
man_body5429,"Now and again, Rebecca's voice slid through the verbal maelstrom, like a blade between ribs. The roars and bellows would fade, replaced by hms and wellIgottathinkaboutthats, until they resumed their former fury. But, always, the ground would shift a bit.
"
man_body5430," 
"
man_body5431,"Outside the library, the vestibule quickly became packed with the other members of the U.S. government. Within an hour, every elected official living in Grantville had arrived at the school. The crowd became so large that it was necessary for most of them to gather in the cafeteria. At periodic intervals, Representatives eavesdropping on the raging quarrel in the library would give hurried reports.
"
man_body5432,"At first, Melissa and her supporters gathered around one table, while Quentin and his faction collected at another. But eventually, as if by unspoken agreement, the two of them met privately in the vestibule.
"
man_body5433,"""I'm worried, Quentin,"" admitted Melissa. ""I think I understand what Mike's trying to do. If the United States is part of some great Confederation of Europe, we'll have breathing room. It'd buy us time to grow and¡ª"" She groped for words. ""And teach. Instead of turning us into a garrison state.""
"
man_body5434,"Quentin nodded. ""Yeah. And if I'm following the latest twist and turn in the debate, Mike just got half of Franconia added along with the rest of Thuringia. I think he's shooting for all of it, too."" For a moment, his eyes grew a bit dreamy. ""Be one hell of an expansion in the market, that's for sure. Every business in the U.S. will start growing by leaps and bounds. The railroads alone¡ª"" He broke off, scratching his chin worriedly. ""Still¡ª""
"
man_body5435,"""Still¡ª"" echoed Melissa. She sighed heavily. ""But it sounds like he's trading political principles for military security and economic expansion.""
"
man_body5436,"She sighed again. ""Well, that's not fair. He hasn't budged an inch on the Bill of Rights. Mike wouldn't. Not on that. But I'm worried he'll give so much else away in return that¡ª""
"
man_body5437,"Quentin snorted. ""Mike?"" He laughed drily. ""Melissa, I used to negotiate contract provisions with that pigheaded SOB. Not to mention about a million grievances.""
"
man_body5438,"The mine manager scowled. ""I'm not worried about that. Mike negotiates like a pit bull. He'll give you your leg back, sure¡ªafter he's swallowed the meat. It's just¡ª"" He heaved his own heavy sigh. ""Oh, hell. It's just that I'm a conservative, and I don't approve of radical changes. And what Mike's proposing¡ª"" He threw up his hands. ""I mean¡ªJesus! I don't care what you call it¡ªa friggin' king?""
"
man_body5439,"For a moment¡ªa rare moment¡ªhe and Melissa shared a common outrage and a common opinion. Then, simultaneously, they burst into laughter.
"
man_body5440,"""Well,"" chuckled Melissa. ""Look at it this way, Quentin. If you and I can manage¡ªsomehow¡ªto get along, then maybe those two can do the same."" She peered through the glass doors of the library. Gustav and Mike were now on their feet, standing nose to nose, roaring and raging and gesticulating wildly.
"
man_body5441,"""Testosterone!"" sneered Melissa. Her eyes fell on Rebecca. ""Thank God for feminine reason.""
"
man_body5442,"Quentin snorted. He began to make some sarcastic remark. Then, as his own eyes fell on Rebecca, the remark went unsaid. The snort became a chuckle. ""Believe it or not, I agree with you."" Glowering: ""Just this once.""
"
man_body5443," 
"
man_body5444,"It was done. The initial round, at least.
"
man_body5445,"Gustav Adolf was now sprawled on his chair, relaxed and at ease. ""Axel will be furious with me,"" he said, smiling ruefully. ""He will accuse me of being a half-witted peasant, swindled by a Gypsy.""
"
man_body5446,"Mike glanced at the doors of the library. Every inch of the glass seemed to be filled with faces.
"
man_body5447,"""I'll probably catch hell myself,"" he admitted. ""They'll be calling me the new Benedict Arnold. Selling out my country to a foreign crown.""
"
man_body5448,"His eyes came back to meet those of the king. They did not seem noticeably chagrined, either of them.
"
man_body5449,"""Don't care!"" snapped Mike. ""If I have to, I'll call for new elections and run against all of them."" Half-savagely: ""And I'll win, too!""
"
man_body5450,"The king grunted. The sound was full of satisfaction. ""Spoken like a Vasa!""
"
man_body5451,"The future hereditary Captain General of the United States matched stares with his future President. There was a richness to that silent exchange. Acceptance of future quarrel¡ªbitter quarrel, often enough. Recognition of mutual necessity. Understanding that the road would be full of pitfalls and controversy. Respect¡ªeven admiration. And, underlying everything, a shared desire to end a continent's torment and shape a better world out of its ruins.
"
man_body5452,"""Thank you for saving our children, Captain Gars,"" said Mike softly.
"
man_body5453,"The king nodded heavily. His eyes seemed to twinkle. He turned to Rebecca. ""Your husband is such a scoundrel, you know. He thinks I don't understand his scheme. He thinks I will continue to safeguard his offspring, simply by giving them a world large enough for them to grow. Grow straight and strong, as big as giants.""
"
man_body5454,"Rebecca smiled, but said nothing. The king chuckled. ""And you as well!"" He clapped his hand to his forehead in a histrionic gesture. ""The poor Vasas of the future! They will toil away, sweat pouring off their brows, shielding this monster growing in their midst.""
"
man_body5455,"Rebecca smiled, said nothing. The king grimaced like a thespian. ""Oxenstierna will denounce me for a fool! He will accuse me of attaching a parasite to the body of Sweden and its Confederation. Corpus Evangelicorum, feeding the worm within! I'll never hear the end of it!""
"
man_body5456,"Rebecca smiled, said nothing. The king returned her smile with one of his own. And, this time, there was nothing histrionic in the expression at all. It was a gentle smile; calm, and confident.
"
man_body5457,"""So be it,"" pronounced Gustav II Adolf. ""An unborn child is also a parasite, if a man wishes to see things in that manner. But I do not.""
"
man_body5458,"He planted huge hands on his knees and rose slowly to his feet. Now standing erect, the king of Sweden seemed to fill a library for schoolchildren like a giant in his own right. And, like a giant, he roared his simple challenge¡ªto himself as much as to his world.
"
man_body5459,"""Vasa! Always Vasa!""
"
man_body5460," 
"
man_body5461,"Chapter 61
"
man_body5462,"Alex Mackay and his cavalrymen arrived in Grantville the next day. Immediately, upon learning that his beloved fianc¨¦e¡ªcrazy girl!¡ªhad been involved in the thick of the fight at the school, Alex went in search of her. Desperate to assure himself that she was truly unharmed.
"
man_body5463,"But his betrothed was hiding from him. ""He's gonna kill me when he finds out I'm pregnant,"" she moaned. ""I'm dead.""
"
man_body5464,"""Leave the matter to me,"" intoned her new protector. ""No harm will befall you.""
"
man_body5465,"Nor did it. When Alex finally found Julie, hiding behind the huge form in the library, the king of Sweden set him straight.
"
man_body5466,"""Won't tolerate such behavior on the part of one of my officers,"" gruffed Gustav, in blithe disregard of his own not-entirely-reputable history. ""Bastardy is a shame before God!""
"
man_body5467,"As it happens, Alex was not angry with Julie at all. He was quite delighted at the news, in fact. But he had no time to reassure his betrothed. The king marched him directly to the parson and oversaw the rest of the preparations himself. Karen Reading was quite overwhelmed by his presence. Overwhelmed¡ªand ecstatic. Her bridal shop had just gotten a royal boost.
"
man_body5468,"They were married the following day. The king himself stood in the groom's party. For all the impromptu nature of the event, most of the town showed up for the wedding. Julie and Alex were quite popular, which accounted for some of the crowd. But most of them came to get a glimpse of Gustav Adolf. Or Captain General Gars, to use what would soon become his correct title whenever the king of Sweden visited the United States in an official capacity. Word of the negotiations was spreading rapidly, and everyone wanted to make their own assessment of this mysterious new figure in their political pantheon.
"
man_body5469,"On balance, they were quite impressed. The more so when it was announced that the Captain General had given his finest horse as a gift to the groom, and an actual title to the bride. Julie Mackay, nee Sims, former cheerleader, sharpshooter in the U.S. army, was now also the baroness of a small domain somewhere on the edge of Lappland in northern Sweden.
"
man_body5470,"The king also promised her a pair of skis. ""You will need them,"" he assured her, ""if you ever plan to visit the place. The hunting is excellent, incidentally. But I do not propose to provide you with a new rifle. Anyone else, but not you. Your rifle is already the best in the world.""
"
man_body5471," 
"
man_body5472,"A week later, Axel Oxenstierna arrived in Grantville. Just as Gustav II Adolf had foreseen, his chancellor was apoplectic when he heard the king's new political plans. Axel ranted and raged, desperately trying to convince his monarch that a Confederation of Europe with a republic planted at its center¡ªdon't think I'm fooled by this Captain General rigmarole! and you gave them Franconia also?¡ªwould assuredly be the death knell¡ªsooner or later!¡ªfor the aristocracy of Europe.
"
man_body5473,"But the king refused to budge. After two days, he took Oxenstierna to visit a place in Thuringia. A place called Buchenwald.
"
man_body5474,"""In another universe, Axel, this will be a place of slaughter."" Gustav's heavy jaws clenched. ""And by no means the worst!"" He pointed to the east. ""The real killing will take place in Poland and Russia. At places called Auschwitz and Sobibor and Treblinka.""
"
man_body5475,"He glared at his chancellor. ""In that universe, my new president's grandfather will be forced to fight his way into this place, that a handful might survive. And do you know why?""
"
man_body5476,"Now, the king pointed to the northeast. ""Because in that universe, chancellor of Sweden, I will die. Less than three months from now, at a battlefield called L¨¹tzen."" His lips quirked. ""Leading a perhaps reckless cavalry charge.""
"
man_body5477,"The brief moment of humor vanished. Gustav took a deep breath, resting his hands on the pommel of the saddle. His eyes scanned the entire landscape; unfocused, as if he were looking in his mind's eye at all of Europe. ""My death will end any chance of rescuing Germany from the clutches of the princes. You will try, Axel¡ªstrive well, and mightily¡ªto salvage what you can. But it will not be enough. Germany will be doomed to the centuries which came after, and the world will be doomed to that Germany.""
"
man_body5478,"He sat erect in the saddle. ""Not now! No longer! Not in this universe!""
"
man_body5479,"His next words ended any further argument. ""I understand God's will, Oxenstierna. It was for this purpose, in His mercy, that He created the Ring of Fire. This, and no other. Only a blind man, or an impious one, could fail to understand that now. So I will hear no further words on this subject. Do you understand, chancellor of Sweden? I am Vasa!""
"
man_body5480,"Axel bent his head. Accepting, if not the wisdom of his king, the will of that king's soul.
"
man_body5481," 
"
man_body5482,"Accepting the will, of course, did not mean accepting all the fine points. So, in the weeks which followed, Axel Oxenstierna¡ªSweden's canniest diplomat¡ªimmersed himself in the final negotiations. And, by the end, found himself in much better spirits. True, he disapproved in principle of the entire scheme. But Oxenstierna was a practical man, also. And he had discovered, in the political shrewdness of such men as Ed Piazza¡ªnow recovering from his injuries¡ªand Francisco Nasi and the Abrabanel brothers, as well as Michael Stearns and especially his wife, a new asset for the cause of his king.
"
man_body5483,"So, although he remained dubious of the final outcome, Oxenstierna could still console himself with a certainty.
"
man_body5484,"Tremble, lords of Germany. A new breed has come into the world.
"
man_body5485," 
"
man_body5486,"A month after her wedding, Julie would use the best rifle in the world. As the armored column of the United States smashed its way through the imperial fortifications which Wallenstein had erected on the Burgstall, Julie took out Wallenstein himself.
"
man_body5487,"The king of Sweden did not approve, of course. By the semifeudal military protocol of his day, deliberately targeting an enemy commander was considered low and foul. But the Captain General was already beginning to accept some of the attitudes of his U.S. soldiery. To whom it seemed far more sensible¡ªnot to mention moral¡ªto shoot the commander of a vicious army like you would a rabid dog.
"
man_body5488,"So, the Captain General made no protest while Julie and her spotter went to work.
"
man_body5489,"""It's a good one thousand yards, girl,"" muttered Karen. ""This Wallenstein character sure as hell don't believe in leading from the front.""
"
man_body5490,"Karen could make out the figure easily enough through the spotting scope, standing on the battlements of the Alte Veste.
"
man_body5491,"""Are you sure it's him?"" asked Julie.
"
man_body5492,"""Yep. There's a portrait in one of the books in the school library. I musta studied it for an hour, memorizing his ugly face. That's him, all right.""
"
man_body5493,"Reassured, Julie studied the enemy commander through her scope. He was an ugly bastard. Reminded her of a cartoon version of the Devil. ""Wind?"" she asked.
"
man_body5494,"""Hard to tell,"" muttered Karen. ""Nothing here, but on top of that hill?"" She shrugged. ""Start by figuring no wind. I'll try to spot where the first bullet hits.""
"
man_body5495,"Silence followed, while Julie gauged the elevation. The shot was at the outermost limit of the rifle's range. It would require her utmost skill and concentration. She blocked everything out of her mind¡ªthe sound of the APCs smashing through the lower fortifications, the fiery flares of napalm clearing the side trenches¡ªeverything except the devil in the distance.
"
man_body5496,"As always, squeezing the trigger, her shot came as a bit of a surprise.
"
man_body5497,"""Four feet off!"" cried Karen. ""Nine o'clock! That's wind! Elevation's dead on!""
"
man_body5498,"Julie had seen it herself. One of the officers standing to Wallenstein's right had been struck down by a bullet in the chest. Wallenstein himself, his mouth open, was staring at the man's body.
"
man_body5499,"Julie adjusted for the wind. Wallenstein's head came back around, staring directly at her. His mouth was still open.
"
man_body5500,"The sniper's triangle. You're dead, motherfucker.
"
man_body5501,"The only thing that saved Wallenstein's life was the extreme range. The shot was perfect. But, traveling that distance, the bullet slowed enough to go transonic. It began to tumble, and missed by inches. Wallenstein's jaw was shattered, instead of his throat.
"
man_body5502,"The imperial general's head spun, spraying teeth and blood on his subordinates. He staggered into General Gallas' arms.
"
man_body5503,"""Damn,"" growled Julie. She jacked another round into the chamber. Fired again.
"
man_body5504,"That shot splintered Wallenstein's shoulder. Gurgling with pain and fear, Wallenstein tried to shout orders to Gallas: Put me down, you idiot! But he could not get the words through his mangled mouth, and Gallas was too confused to understand what was happening. Wallenstein's frantic attempt to force Gallas to the ground brought the general's own head into the path of the next bullet. Now finally in the safety below the battlements, Wallenstein stared at the pieces of Gallas' brains scattered over the stones.
"
man_body5505,"Good riddance was his last thought, before pain and shock dragged him into unconsciousness.
"
man_body5506,"A thousand yards away, sighing regretfully, Julie lowered her head and muttered a few curses. The Captain General knelt by her side and consoled her with a heavy hand on the shoulder. Due to the sports spectacles which Julie had presented him as her own gift, Gustav's eyesight was good enough to have followed the action.
"
man_body5507,"""No matter,"" he said. ""He will not be there to rally his men. All that matters.""
"
man_body5508,"The Captain General raised his head and studied the battle. The U.S. armored column had now broken through the outer fortifications on the lower slope of the Burgstall. The M-60 in the lead APC was shattering the counterattack coming down from the Alte Veste. Thousands of Swedish cuirassiers and Finnish light cavalry were pouring into the breach. For a mile on either side of the armored thrust, Swedish pikemen and arquebusiers were launching a massive charge. The Captain General smiled, seeing the U.S. infantrymen at the fore of that charge. Even from the distance, he could hear their incredible rate of fire.
"
man_body5509,"""No matter,"" he repeated. ""Wallenstein's army will break¡ªand very soon. We are on the verge of an even greater victory than Breitenfeld. Trust me, girl. I am experienced in these things.""
"
man_body5510,"Julie raised her head and glared at him. ""And I suppose you're going to lead another idiot cavalry charge?""
"
man_body5511,"Gustav II Adolf, King of Sweden and the Baltic Territories, newly crowned Emperor of the Confederated Principalities of Europe, and Captain General of the United States, shook his head.
"
man_body5512,"""Please! Do I look like a madman?""
"
man_body5513," 
"
man_body5514,"When Mike returned from the Alte Veste that evening, the Captain General ordered him to return home. He would brook no argument.
"
man_body5515,"""I command the armies of the United States in the field!"" he roared, driving over Mike's protest. ""That was the agreement!""
"
man_body5516,"He settled down, a bit. ""Besides,"" he gruffed, ""there is no further need for you here. The battle is won¡ªdecisively. And you have a situation at home. We just got word over the radio.""
"
man_body5517,"Mike's face paled. The Captain General chuckled. ""Relax, man! It happens. A bit early, in this case, but that is not so unusual in a first¡ª"" The rest of the words went unheard. Mike was already racing out of the command tent, looking for his vehicle and official driver.
"
man_body5518,"Hans got him back to Grantville in record time, even on those roads. The pickup, of course, needed extensive body work afterward. But they were still late. The baby had been born many hours earlier.
"
man_body5519,"""Relax, fer Chrissake,"" said James, as he trotted alongside Mike down the corridor of the town's new hospital, trying to keep up with the frantic new father. It was a long corridor. The hospital had only been completed two months earlier, and its builders had planned for the future. Halfway down, Mike almost trampled Jeff as he emerged from one of the wards, his arm in a sling. Gretchen, coming right behind her husband, called out a greeting. But Mike only responded with a vague wave of the hand.
"
man_body5520,"""She's fine,"" the doctor insisted. ""No complications at all. So's the baby.""
"
man_body5521,"James gave up. ""It's a girl, by the way!"" he shouted after Mike's retreating back.
"
man_body5522," 
"
man_body5523,"""Isn't she beautiful?"" whispered Rebecca, cradling the sleeping baby in her arms. ""Kathleen,"" she murmured.
"
man_body5524,"That was the name they had agreed on, if the child was a girl. But Mike had been thinking about it during the endless drive back from N¨¹rnberg with ferocious concentration, trying to keep his mind on future hope rather than today's fear.
"
man_body5525,"""No,"" he said, shaking his head. Startled, Rebecca looked at him.
"
man_body5526,"Mike smiled. ""We can call our next girl Kathleen. But this one¡ª"" Gently, he stroked the tiny head. ""This one I'd like to name after a promise kept. So let's call her Sepharad.""
"
man_body5527,"Rebecca's eyes filmed with moisture. ""Oh, Michael,"" she whispered. ""I think that would be wonderful.""
"
man_body5528,"She reached up her free hand and drew Mike's head down. But halfway through the kiss she started laughing.
"
man_body5529,"""What's so funny?"" he demanded.
"
man_body5530,"""Sepharad!"" she exclaimed. ""It's such a splendid name. But you know they'll be calling her Sephie before she's two months old.""
"
man_body5531,"Laughing, laughing. ""Hillbillies! You have no respect.""
"
