﻿¼üÖµ,Ô­ÎÄ,ÒëÎÄ
man_body2909,"Chapter 35
"
man_body2910,"""Those bastards!"" snarled Bernard. The younger duke of Saxe-Weimar glared at the Saxons racing toward the safety of Eilenburg. ""Wretched cowards!""
"
man_body2911,"Bernard shifted his gaze to the oncoming tercios, lurching at an oblique angle toward the ruptured left flank of the Swedes. He turned a pale face to Gustav Adolf. ""We can hold them off, Your Majesty¡ªlong enough, I think, for you to organize a retreat.""
"
man_body2912,"Gustav's light blue eyes were alive and dancing. ""Retreat?"" he demanded. ""Are you mad?""
"
man_body2913,"The king pointed a thick finger at his left flank. ""Race over there, Bernard¡ªfast as you can¡ªand tell Horn to pivot his forces to the left. Tell him to keep his right anchored to the center, but to form a new battle line at right angles to our own. Do you understand?""
"
man_body2914,"Bernard nodded. An instant later, he had spurred his charger into a gallop. His older brother made to follow, but Gustav restrained him. ""You stay with me, Wilhelm.""
"
man_body2915,"The king smiled. ""Your impetuous and hot-headed brother is enough to pester Horn¡ªwho won't need the pestering anyway.""
"
man_body2916,"Wilhelm nodded obediently. Gustav twisted in his saddle. As usual, his small band of couriers were sitting their horses not many yards behind him. Most of these were young Swedish noblemen, but there were two Scots in the group. The king snatched the broad-brimmed hat from his head and used it to summon them forward. The flamboyant gesture was quite unnecessary, being due simply to Gustav's high spirits. For all the world, the king seemed like a man facing a ball rather than a disaster.
"
man_body2917,"He spoke to the Scots first. ""Tell Colonel Hepburn to move his brigade over in support of Field Marshal Horn. Understand?""
"
man_body2918,"The Scots nodded. Hepburn's brigade, along with that of Vitzthum, formed the second line of the Swedish center. They constituted the bulk of the Swedish reserves. The king, logically enough, was now using them to shore up his threatened left.
"
man_body2919,"The Scots had barely left when Gustav was issuing the same orders to two other couriers. Vitzthum the same!
"
man_body2920,"The king eyed the center of the battle. Tilly's tercios were rippling slowly down the gentle slope where the veteran Catholic general had positioned them. Even with the advantage of downhill movement, across unimpeded ground, the imperial soldiers were making slow progress.
"
man_body2921,"Gustav gave them no more than a quick scrutiny. He was quite confident that his infantry in the center, anchored by Torstensson's guns, could repel any direct charge. The Habsburg tercios would probably not even drive directly forward. The danger was on the left, and he had done what he could to support Horn against the coming hammer blow. The opportunity¡ª
"
man_body2922,"On the right!
"
man_body2923,"Eagerly, Gustav examined his right flank. For a moment, he silently congratulated himself for having kept Ban¨¦r from pursuing Pappenheim's broken cavalry. The temptation had been almost as great for the king as for his Field Marshal. But Gustav had distrusted the steadiness of the Saxons. Better to have Ban¨¦r available if the battle went sour.
"
man_body2924,"Which it most certainly had! But now¡ªnow!¡ªGustav could turn disaster into triumph. Ban¨¦r and his men were back in line, organized and ready. Most of all, Gustav knew, those cavalrymen would be infused with self-confidence. They had already broken Pappenheim's famous Black Cuirassiers. Why should they not do the same to the rest?
"
man_body2925,"""Why not?"" demanded the king aloud. He grinned at the four couriers still around him. ""Why not?"" He waved his hat about cheerfully.
"
man_body2926,"The young noblemen grinned back. One of them lifted his own hat in salute, shouting: ""Gott mit uns!""
"
man_body2927,"A few feet behind them, Anders J?nsson slid his saber an inch or so out of its scabbard, before easing it back. He did the same with his four saddle-holstered pistols. Those weapons would be needed soon, and he wanted to be certain they were easy to hand. The huge J?nsson was the king's personal bodyguard.
"
man_body2928,"The dozen Scotsmen under his command followed suit. They knew Gustav Adolf. The king of Sweden was utterly indifferent to personal danger. There had been few enough battles in which the king was present where he did not lead a charge himself.
"
man_body2929,"Clearly, this was not going to be one of them. His Scots bodyguards were about to earn their pay.
"
man_body2930,"One of the Scotsmen tried to be philosophical about the matter. ""Ah weel, he's a braw lad, no' like yon God-rotton Stuart king o' England."" He spit on the ground. ""Ae fuckin' papist, tha' one be.""
"
man_body2931,"""Aye. Near's ca' be,"" agreed one of his mates.
"
man_body2932,"Gustav Adolf spurred his horse into a canter, and then a gallop. Duke Wilhelm of Saxe-Weimar rode at his side, with the couriers and bodyguards thundering just behind.
"
man_body2933,"As they neared the Swedish right flank, Gustav could see Ban¨¦r trotting out to meet him. But the king gave the Field Marshal nothing but a moment's glance. His gaze was riveted on a large body of cavalrymen waiting behind Ban¨¦r, under green standards. Those were Erik Soop's V?stg?ta. Over a thousand horsemen from West Gothland, organized into eight companies. Gustav thought highly of them. Just the thing!
"
man_body2934,"When he reached Ban¨¦r, Gustav reined in his horse and shouted gaily: ""And now, Johann? You see?""
"
man_body2935,"The Field Marshal nodded his bullet head. ""You were right, Majesty. As always.""
"
man_body2936,"""Ha!"" cried Gustav. ""So modest! Not like you at all!""
"
man_body2937,"The king was grinning fiercely. His own combative spirit seemed to transfer itself to his horse. The great charger pranced about nervously, as if impatient for battle.
"
man_body2938,"""I want you to take the V?stg?ta, Johann."" The king pointed to the left flank of Tilly's battle line. With Pappenheim's cuirassiers routed, that flank was unguarded. Unguarded, and getting more ragged by the moment. Tilly's oblique advance, marching from left rear to right front across the field in order to fall on the Swedish left, was straining the rigidity of his tercios. The Spanish-style squares were not well suited for anything but a forward advance.
"
man_body2939,"""I intend to do the same to Tilly that he plans for me,"" the king explained. ""Ha!"" he barked happily. ""Except I will succeed, and he will fail!""
"
man_body2940,"For a moment, Ban¨¦r hesitated. The king was proposing a bold gamble. It would be safer¡ª
"
man_body2941,"As if reading his thoughts, Gustav shook his head. ""Horn will hold, Johann. He will hold. Horn will be the anvil¡ªwe the hammer.""
"
man_body2942,"Ban¨¦r did not argue. He trusted his king's battle instincts. Gustav II Adolf was young, by the standards of generalship in his day. He was thirty-six years old. But he had more battle experience than most men twice his age. At the age of sixteen, he had organized and led the surprise attack which took the Danish fortress of Borgholm. By the age of twenty-seven, he had taken Livonia and Riga and was already a veteran of the Polish and Russian wars.
"
man_body2943,"Ban¨¦r had been with him there. Ban¨¦r, Horn, Torstensson, Wrangel¡ªthe nucleus of that great Swedish officer corps. Along with Axel Oxenstierna and the more recently arrived Scots professionals¡ªAlexander Leslie, Robert Monro, John Hepburn, James Spens¡ªthey constituted the finest command staff in the world. Such, at least, was Ban¨¦r's opinion.
"
man_body2944,"The king's also. ""We can do it, Johann!"" he cried. ""Now be off!""
"
man_body2945,"Ban¨¦r turned his horse and shouted orders at his own couriers and dispatch riders. Within seconds, the neatly arrayed Swedish right wing erupted into that peculiar disorder which precedes coordinated action. Company commanders and their subofficers dashed about, shouting their own commands¡ªunneeded commands, for the most part. The Swedish and Finnish cavalry were veteran units themselves, as such things were counted in those days. Within a minute, the scene was one of individual frenzy. Men jumped to the ground to cinch a girth, or checked the ease of a saber's draw, or changed pyrites in the jaws of a wheel lock, swearing all the while. Cursing their refractory horses and equipment, perhaps; or clumsy mates who impeded them; or their own clumsiness¡ªor, often enough, simply the state of the world. Many¡ªmost¡ªtook the time as well for a quick prayer.
"
man_body2946,"The Brownian motion of a real battlefield, nothing more. Logic and order emerged from chaos soon enough. Within five minutes, Ban¨¦r and his West Gothlanders began their charge.
"
man_body2947,"The king, in the meantime, had been organizing the heavier forces which would drive home the assault. Four regiments, numbering perhaps three thousand men.
"
man_body2948,"The Smalanders and East Gothlanders were Swedish. Heavy cuirassiers, in their arms and armor, although the term was mocked by the puny size of their horses. The two Finnish regiments were more lightly armed and armored, but their Russian horses were much superior.
"
man_body2949,"The Finns, like their mounts, favored the wild Eastern European style of cavalry warfare. What they lacked in discipline they made up for in fervor. They were already screeching their savage battle cry: Haakkaa p??lle!
"
man_body2950,"Hack them down!
"
man_body2951,"Gustav would lead the charge, at the head of his Swedish regiments. He hesitated only long enough to gauge the battle on his left. He could see nothing now. The farmland dust thrown up by thousands of chargers, mixed with billowing gunsmoke, had turned the battlefield into a visual patchwork.
"
man_body2952,"But he could hear the battle, and it did not take him more than a few seconds to draw the conclusion. Horn¡ªgood Horn! reliable Horn!¡ªwas holding Tilly at bay.
"
man_body2953,"He drew his saber and pointed it forward. ""Gott mit uns!"" he bellowed. ""Victory!""
"
man_body2954," 
"
man_body2955,"The first imperial cavalry charge shattered against Horn's defense. The Catholic horsemen had been astonished at the speed with which the Swedes took new positions. They had been expecting the sluggish maneuvers of Continental armies.
"
man_body2956,"Others could have warned them. The Danes and Poles and Russians had been bloodied enough, over the past twenty years, by Gustav's small army. The Danes could have told them of Borgholm, Christianopel, Kalmar and Waxholm¡ªall places where a teenage Swedish king had bested them. The Russians could have told them of Angdov and Pleskov, and the Poles could have recited a very litany of woe: Riga, Kockenhusen, Mittau, Bauske, Walhof, Braunsberg, Frauenburg, Tolkemit, Elbing, Marienburg, Dirschau, Mewe, Putzig, W?rmditt, Danzig, Gurzno and the Nogat.
"
man_body2957,"The haughty cuirassiers in Tilly's army never thought to ask. They were south Germans, in the main, taking the coin of Maximillian of Bavaria. The peculiar-sounding names of Baltic and Slavic battlefields and sieges meant nothing to them.
"
man_body2958,"In all those years Gustav II Adolf had suffered defeats as well. The Danes had beaten him at Helsingborg, and the Poles at Honigfeld. But the Danes and the Poles could have warned the forces under the Habsburg banner of the incredible elasticity of the Swedish king. He rebounded from reverses with renewed energy, using defeat as his school.
"
man_body2959,"Tilly's men would study in that school themselves¡ªstudy long and hard, before this day was over. They were not, alas, apt pupils. Arrogant Pappenheim, now trying¡ªand failing¡ªto rally his cavalrymen somewhere on the Halle road, had learned one lesson. Pathetic the Swedish nags might be, but there was nothing pitiful about the men astride them. Neither they, nor the infantrymen who formed their shield. Seven times his Black Cuirassiers had charged the Swedish line. Seven times they had been beaten back¡ªand then routed by a countercharge.
"
man_body2960,"Not apt pupils, no. Now, on the opposite flank, the imperial cavalry failed the lesson for the eighth time. The first charge, headlong, exuberant, certain of victory¡ªno caracole here!¡ªbroke like a wave against a rock. They had been expecting a confused and shaken enemy, disorganized by the sudden rout of the Saxons. Instead, the Catholic cuirassiers found themselves piling into a solid and well-positioned defense. Horn had even managed to seize and prepare the ditches alongside the D¨¹ben road.
"
man_body2961,"The Swedish arquebus roared; the Swedish pike held firm. The imperial cavalry fell back.
"
man_body2962,"Back, but not dismayed. Tilly and his men had won the first great Catholic victory in the Thirty Years War, the Battle of the White Mountain. Eleven years had since passed, and with them came many more triumphs. That army had been accused¡ªand rightly¡ªof many crimes over those years. Of cowardice, not once.
"
man_body2963,"Again, they charged; again, with sabering fury. And, again, were driven back.
"
man_body2964,"The infantry tercios lumbered nearer. The cavalrymen, seeing them come, were driven into yet another headlong charge. For them the victory! Not those wretched footmen!
"
man_body2965,"No use. The tercios crept forward.
"
man_body2966,"Finally, the imperial cuirassiers abandoned the saber and fell back on the wheel-lock pistol. They began wheeling in the caracole, firing their pistols at a distance and circling to reload. Those men were mercenaries, when all was said and done. They could not afford to lose their precious horses. And they had already learned, as Pappenheim's men before them, that the Swedish tactic against heavy cavalry was to aim arquebus and pike at the horses. They had been trained and instructed in that method by their king. Gustav Adolf had long understood that his Swedish ponies were no match for German chargers. So kill the chargers first.
"
man_body2967,"The tercios advanced across the battlefield, at the oblique. Grinding toward the Swedish left, now bent at a right angle away from the original battle line. Like a glacier, those seventeen tercios seemed. Slow¡ªand unstoppable.
"
man_body2968," 
"
man_body2969,"But that too was illusion. The glacier was about to calve, under gunfire it had never before encountered. The finest artillery in the world was on the field, that day, under the leadership of the world's finest artillery commander. Torstensson had needed no orders. His king had not even bothered to send a courier. The young artillery general, as soon as he saw Gustav sending Hepburn and Vitzthum's men to reinforce Horn, had known what was coming. For all the Swedish king's strategic caution, he was invariably bold on the battlefield. Torstensson knew that a counterattack was looming, and it was his job to batter the tercios in advance. Batter them, stun them, bleed them. Like a picador in a bullring, he would weaken the beast for the matador.
"
man_body2970,"""Swivel the guns!"" he roared. Torstensson, afoot as always in a battle, raced to stand at the front. It was a day for hat-snatching, it seemed. He tore his own from his head and began waving it.
"
man_body2971,"""Swivel the guns!"" That second roar caused him to choke. There had been a drought in the area that summer, and the plains were dry. The dust thrown up by thousands of horses caught in his throat. Using his hat as a pointer, Torstenson silently emphasized his command.
"
man_body2972,"His gunners were all veterans. Immediately, grunting with exertion at the levering spikes, they began swiveling the field guns to bring enfilade fire on the tercios crossing in front of them.
"
man_body2973,"There were two types of guns in the batteries. The majority, forty-two of them, were the so-called ""regimental guns."" Three-pounders: the world's first genuine field artillery. These cannons were made of cast bronze, with a light, short barrel to make them easily maneuverable in the field. The Swedes, after experimenting, had discovered that by using a reduced powder charge the guns could be fired safely time after time. They were of no use in a siege, but were superbly effective on the battlefield.
"
man_body2974,"The heavier field guns were twelve-pounders. Gustav Adolf had simplified his ordnance drastically over the past years, based on his experience in the Polish wars. He brought only three sizes of cannon with him to Germany¡ªthe light and heavier field guns, and twenty-four-pounders for siege work. He had dispensed altogether with the forty-eight-pounder traditionally used in reducing fortifications.
"
man_body2975,"The three-pounders were firing within a few minutes. The twelve-pounders quickly followed suit. By the time Tilly's infantry neared the angle in their opponent's line, they were coming under heavy fire from the Swedish artillery.
"
man_body2976,"Understanding that the battle had reached a critical moment, Torstensson was ordering a rate of fire which was just barely short of reckless.
"
man_body2977,"""I want a shot every six minutes!"" he bellowed, trotting up and down behind the line of his guns. ""Nothing less!"" He practically danced with energy, waving his hat. ""I'll hang the crew who gives me less!""
"
man_body2978,"His men grinned. Torstensson always issued blood-curdling threats on the battlefield. And never carried them out. Nor was there any need. His men were well into the rhythm again, and had already reached the round-every-six-minutes rate which was considered the maximum of the day.
"
man_body2979,"They could not keep that up forever, of course. The problem was not with them, but the guns. The cannons had been firing for three hours, now. Each of them had discharged close to thirty rounds. After another ten rounds, at that rate of fire, the guns would be so hot that they would have to sit idle. For at least an hour, probably, to allow the barrels to cool enough to be used safely.
"
man_body2980,"""Let the blasted things melt!"" roared Torstensson. He flung his hat toward Tilly's tercios. ""I want those battles broken! Broken in pieces, do you hear?""
"
man_body2981,"The grins faded from his gunners' faces. Torstensson was dead serious now, they knew. If need be, he would keep the guns firing long past the point of safety. The artillerymen sweated through the rhythm. So be it. If a crew died because of a burst cannon, so be it. Torstensson himself would pick up the rammer.
"
man_body2982,"Cannonballs began tearing great holes in the tightly packed Catholic formations. Torstensson's gunners were the finest in the world, and they knew what their commander wanted.
"
man_body2983,"""Grazing shots!"" Torstensson slammed the flat of one hand into the other, as if skipping a stone off a lake. ""Nothing but grazing shots! I see two balls in a row plunge into the ground I'll hang the crew! Hang 'em, do you hear?""
"
man_body2984,"His men laughed. Another idle threat. Almost every round they fired was the good artilleryman's sought-after ""grazing shot.""
"
man_body2985,"The ""grazing shot"" was useless against fortifications, but against men in the field it was devastating. The balls landed dozens of yards in front of their target and bounced forward at a shallow angle, instead of burying themselves in the ground. From that first bounce, their trajectory was at knee-to-shoulder height. The cast-iron missiles caromed into the packed ranks of the enemy like bowling balls¡ªexcept these balls destroyed men instead of knocking down pins. Even a three-pound ball, in a grazing shot, could easily kill or maim a dozen men in such close ranks. The twelve-pounders wreaked pure havoc.
"
man_body2986,"Torstensson's artillery was ripping the tercios like an orca ripping flesh from a great whale. Blood began settling the dust. The men in the rear tercios slogged through mud left by their comrades' gore¡ªand added their own to the mix. Graze, graze, graze, graze. Death wielded his sickle that day, and mercilessly.
"
man_body2987,"Not even Tilly's men could shrug off that kind of fire. Courageous as always, the recruits following the lead of the veterans; they obeyed their orders and plowed stubbornly toward the angle in the Swedish line. But their formations became more and more ragged and broken. Pikemen were being injured by the weapons of their mates, now, as men stumbled over corpses and lost control of the great blades.
"
man_body2988," 
"
man_body2989,"Tilly saw, and grew pale. Near the front of his advancing tercios, he reined in his horse and stared back at the carnage.
"
man_body2990,"""God in Heaven,"" he muttered. Wallenstein had tried to warn him of the Swedish artillery. Wallenstein¡ªthat black-hearted Bohemian! Aye, he¡ªand a dozen Polish officers in Tilly's service. But Tilly had not believed.
"
man_body2991,"""God in Heaven,"" he muttered again. For a moment, he thought of changing his attack. Wheeling, and driving down on those cursed guns.
"
man_body2992,"Wheeling . . . 
"
man_body2993,"Tilly dismissed the notion instantly. His battles did not ""wheel."" Could not wheel. They were instruments of crushing victory, not clever maneuver.
"
man_body2994,"""Victory,"" he growled. Seventy-two years old he was, not a day less. Seventy-two years, not one of whose days had ever seen defeat.
"
man_body2995,"""Onward!"" he bellowed. The old general drew his sword and trotted toward the front. He waved the sword at the Swedish left.
"
man_body2996,"""Onward!"" he bellowed. ""Victory is there!""
"
man_body2997,"The tercios obeyed, and obeyed, and obeyed¡ªseventeen battles, down the line, slogged tenaciously forward. Not one of them faltered in their duty. Not one tercio, not one rank, not one file, not one man.
"
man_body2998,"Torstensson splattered their entrails across the land. No matter. Those men had marched through entrails before. Torstensson painted the soil with their blood. No matter. Those men had bled before. Torstensson savaged them like no artillery in their grim experience. No matter. Tilly had never failed them before.
"
man_body2999,"Murderers many of them were. Thieves and rapists too. Cowards, never.
"
man_body3000,"The broken Swedish angle was in front of them now. Like a bear trailing gore, the tercios were about to mangle their prey.
"
man_body3001,"At last!
"
man_body3002,"""Father Tilly!"" they bellowed. ""Jesu-Maria!""
"
man_body3003," 
"
man_body3004,"But the angle was not broken. Not any longer. Horn¡ªtrusted Horn, trustworthy Horn¡ªhad reformed the line even before his king's orders arrived. The Swedish left now formed a solid corner for the battlefield. The imperial heavy cavalry had already broken against that Baltic rock. The tercios lumbered up and did no better.
"
man_body3005,"Pike against pike, the Catholics were easily the equal of their foe. But the Swedish king was a believer in firepower more than cold steel. He had studied the methods of the Dutch, and tested them in Poland and Russia.
"
man_body3006,"At Breitenfeld, the Swedes had a higher arquebus-to-pike ratio than their enemies. More important, Gustav Adolf had trained them to fight in shallow formations, following the Dutch example. Tilly's arquebusiers were arrayed thirty ranks deep. Most of those arquebuses could not be brought to bear. Gustav's, not more than six¡ªjust enough to allow time to reload while the front ranks fired.
"
man_body3007,"The Swedish pikes held the tercios at bay long enough for the Swedish preponderance in firepower to bring down them down. Tilly's men never buckled. But they made no headway against the Swedish line. They simply died. And meanwhile, the king of Sweden prepared the death stroke.
"
man_body3008,"Tilly and his tercios could not wheel, but Gustav Adolf could. Could, and did.
"
