﻿¼üÖµ,Ô­ÎÄ,ÒëÎÄ
man_body342,"Chapter 4
",第四章
man_body343,"The carriage's sudden lurch threw Rebecca against her father. Balthazar Abrabanel hissed with pain.
",马车突然颠簸起来， 瑞贝卡扑倒在父亲身上，父亲疼地嘘声道。
man_body344,"""Gently, daughter!"" he admonished. He pressed his hand more firmly against his chest. Balthazar's gray-bearded face was drawn and haggard. His breath came short and quick.
",“轻点，孩子！”他用力捂住胸口，满是络腮胡子的脸苍白而憔悴，呼吸急促。
man_body345,"Rebecca stared at him. Her own heart was racing with a fear so great it bordered on panic. Something was wrong with her father. His heart . . . 
",瑞贝卡盯着父亲，心里充满恐惧，显得惊慌失措。父亲有些不对劲，他的心脏...
man_body346,"The sound of a shouting voice came from outside the carriage. Rebecca recognized the voice. It belonged to the leader of the small group of Landsknecht whom her father had hired in Amsterdam to escort them to Badenburg. But the man's German was so thickly accented that she didn't understand the words themselves. Clearly, though, the man was startled by something.
",车厢外有人在大声嚷嚷。瑞贝卡认得这个声音。是父亲在阿姆斯特丹雇来的德意志雇佣兵团伙头领，要护送他们前往巴登堡。但是对方的德语口音很重，她听不懂在说什么。不过那人显然被什么东西吓了一跳。
man_body347,"Another shout. This time she understood. ""Identify yourselves!""
",此时又传来叫喊声，这次她听懂了，“报上姓名来！”
man_body348,"Balthazar moaned softly. Then, with an obvious effort: ""See what is happening, Rebecca.""
",巴尔塔萨轻声呻吟着，然后努力说道：“瑞贝卡，去看看发生了什么”。
man_body349,"Rebecca hesitated. Her father's condition was frightening. But, from long habit, she obeyed within a moment.
",瑞贝卡犹豫了，父亲此时的状况令人害怕。但是由于长期的习惯，她很快便顺从了父亲的意思。
man_body350,"She fumbled with the sash which held the curtain closed. The hasty action brought its own exasperation. The carriage was open-sided. Rebecca would have preferred to keep the curtain open at all times, to enjoy the breeze. But her father had insisted on making the entire trip closed off from exterior view.
",她手忙脚乱地解开系着窗帘的饰带。她有些懊恼，因此行为显得仓促。马车是敞开式的，瑞贝卡宁愿一直拉开窗帘，感受微风。但是父亲却坚持在整个旅程与外界隔绝。
man_body351,"""This journey will be dangerous enough, child,"" he'd told her, ""without men getting a look at you."" The statement had been accompanied by an odd smile. Fondness and pride, partly. But there had been something else. . . . 
",“这次出行很危险，孩子，不能让男人看到你的样子”。父亲说这话的时候笑容有些古怪。有欣喜、骄傲，但似乎还有别的含义. . .
man_body352,"When she had realized what that ""something else"" was, Rebecca had been startled as much as shocked. The shock came from understanding the crime her father feared. Do men actually do such things? The startlement, from realizing that even her father thought she was beautiful. Others had told her so, but¡ª The notion still seemed odd. She herself never saw anything in the mirror but a young Sephardic woman. Olive skin, long black hair, a nose, two dark eyes, a mouth, chin. Yes, the features were very regular and symmetrical. More so than most, perhaps. And she sometimes thought, in her rare moments of vanity, that her lips were attractive. Full, rich. But still¡ªbeautiful? What does that mean?
",当瑞贝卡明白过来，惊愕失色。父亲担忧的行为令她震惊。那些男人真的会这么做吗？当她意识到连她父亲都认为自己漂亮时，她不由大吃一惊。虽然曾有其他人也这么说过，但是自己一直觉得这种想法只是偶然。她从镜子里看到的自己只是一个忧郁的年轻犹太女孩。橄榄色的皮肤，乌黑的长发，鼻子、黑眼睛、嘴巴、下巴也许比别人要标致一些。有时她也会难得虚荣地认为自己的双唇比较有吸引力，虽然丰满厚实，但是还算好看吧？这是什么意思呢？
man_body353,"Finally¡ªit took but seconds, though it seemed an eternity¡ªshe had the sash undone. She brushed the curtain aside and thrust her head through the window.
",短短几秒钟，却仿佛过了很久，最后，她解开饰带。把窗帘拉开，将头探出窗外。
man_body354,"For a moment, she did not understand what her eyes were seeing. Her mind was still fixed on her father's plight. His heart . . . !
",期初，她并没有注意眼前，而是一心惦记着父亲，他的心脏. . !
man_body355,"Then, she saw. She gasped and drew back. A new terror came, crashing onto the old. Some of that fear was caused by the sight of bodies scattered everywhere. Or so it seemed to her, in that first glimpse. Rebecca had never witnessed scenes of violence before. Nothing beyond scuffling ruffians, at least, and the authorities in Amsterdam tolerated little even of that. She had certainly never¡ª
",但很快，眼前的景象令她缩回身子，倒吸一口冷气。新旧恐惧交织在一起。映入眼帘的是四处遍布的尸体，这让瑞贝卡感到害怕。她还从未见过如此暴力的场景。顶多是几个恶棍扭打在一起而已，而在阿姆斯特丹当局的努力下，这样的打架斗殴都非常少见。她肯定没见过这样的——
man_body356,"Blood everywhere! And that's¡ªthat's a head lying over there. And that woman¡ªwhat? Has she been¡ª? Oh, God!
",——到处都是血迹斑斑的场景！那，那有一颗人头，那里还有个女人，她看上去像被——？哦，上帝啊！
man_body357,"But so much only caused fear. The terror¡ªthe hot spike sent down her spine¡ªwas caused by the sight of the man standing right before her. Advancing toward her. Not thirty feet away, now.
",这些只是让她觉得害怕，真正让她恐惧的是面前的男子此刻向她走来，离她不到三十英尺远（合9米），这种恐惧宛若滚烫的长钉刺穿脊背一般。
man_body358,"Rebecca watched the man come, paralyzed. Like a mouse watching a serpent.
",瑞贝卡就这样看着他走过来，好像身体不是自己的，一丝不动地眼睁睁看着那人走过来，就像老鼠看到蛇一样。
man_body359,"An hidalgo! Here? God save us!
",是位伊达尔戈（高贵的人，贵族）！在这种地方？上帝啊，救救我们吧！
man_body360,"""What is it, child?"" demanded her father. Hissing: ""What is happening?"" She sensed him lurching forward on his seat behind her.
",“怎么了，孩子？她父亲轻声问道：“发生了什么？”她感觉到他从身后的座位上侧身过来。
man_body361,"She was torn between fear of the hidalgo and fear for her father. Then¡ªwas there any end?¡ªcame yet another terror. She heard the leader of her father's hired Landsknecht shout again.
",她既害怕这位伊达尔戈，又担心父亲，我们要完蛋了吗？-这时她又听到父亲雇来的雇佣兵头领喊道，令她再一次陷入恐惧。
man_body362,"""Let's go!"" she heard him cry. ""Come on! We're not getting paid enough for this!""
",“我们跑吧！”她听见他喊道。“快点！我们收到的报酬不值得我们卖命！”
man_body363,"Rebecca heard pounding hooves set into motion. An instant later she felt the carriage rock and realized that the driver had leapt off also. She could hear him thrusting through the bushes alongside the road, racing off.
",瑞贝卡听见马蹄声。不一会儿，她感到马车晃了一下，她看到车夫也跳下了马车，冲进路边的灌木丛，飞快地逃跑了。
man_body364,"They're deserting us!
",他们抛弃了我们！
man_body365,"She turned back into the carriage, staring wide-eyed at her father. Her lips began to open. But the gentle and wise man upon whom she had relied all her life would be no help to her now. Balthazar Abrabanel was still alive. But his eyes were shut, his jaws tight with agony. Both hands were now pressed to his chest. He was slipping off the cushions onto the floor of the carriage. A faint groan came.
",她转身回到马车上，瞪大眼睛看着父亲，嘴唇微微张着。但这个曾让她无比依赖的温和睿智的男人此时却帮不了她什么。巴尔塔萨·阿布拉内尔还活着，但闭上了双眼，痛苦地紧咬着牙关。父亲双手捂住胸口，从垫子滑到车厢地板上，发出轻微的呻吟声。
man_body366,"The child's terror overrode the others. Rebecca was on her knees in an instant, clutching her father. Desperately trying to bring comfort and aid, not knowing how she could do either. She stared at the heavy chests resting on the seat bench opposite her. Those contained her father's books. His translation of Galen's medical writings was in one of those chests. But it was hopeless. There were thirty-seven volumes of Galen. All of them written in Arabic, which Rebecca could only read poorly. 
",瑞贝卡快要被恐惧压垮了，她立马跪下，紧紧抱着父亲。竭力尝试给父亲带来安慰和帮助，但是却于事无补。眼睁睁看着父亲倚靠在对面的长凳上呼吸沉重。长凳上放着父亲的书。 盖伦医书的译本就装在其中一个箱子里，但现在指望不上它们。盖伦的著作有三十七卷，全部是阿拉伯语，瑞贝卡读起来很吃力。（译者注：盖伦是古罗马医学家、哲学家。直到16世纪他都是欧洲医学的权威。）
man_body367,"She heard a voice. Startled, she turned her head.
",此时她听到声音，吓了一跳，转过头来。
man_body368,"The hidalgo was standing at the window of the carriage, pushing his head through the window. The man was so tall that he had to stoop a bit to do so.
",那位伊达尔戈正站在马车的窗户边，头伸进窗户。因为个子很高不得不弯下腰来。
man_body369,"Again, the voice. The words registered, barely. She thought she understood them, almost. But it was not possible. He couldn't be speaking¡ª
",他又说了句什么，只有几个词。瑞贝卡想全部听懂，但这是不可能的。他似乎不是在说西班牙语——
man_body370,"The hidalgo spoke the same words. This time, they registered fully. Most of them, anyway. His accent was very strange, unlike any she had ever heard in that language.
",那个伊达尔戈又重复了一遍。这次，她听懂了，至少懂了个大意。他的口音非常奇怪，不像她听过的其他说着这门语言的人。
man_body371,"English? He speaks English? No hidalgo speaks English. It is beneath their contempt. A tongue for pirates and traders.
",英语？他会说英语？伊达尔戈是不说英语的，贵族们可看不起这种鄙俗的语言，只有低贱的海盗和商人才会说英语。
man_body372,"She stared at him, now as confused as she was frightened. The man was every inch the hidalgo. Tall, strong, erect, handsome. He exuded the certainty and self-confidence which only a Spanish nobleman possessed. Even his clothing, a ruffled white shirt¡ªsilk, she was sure of it¡ªover dark trousers, was not dissimilar. True, she thought there had been something odd about his boots, but¡ª
",她目不转睛地看着他，既困惑又害怕。这个人看上去是十足的伊达尔戈，高大强壮，英俊挺拔。流露出只有西班牙贵族才有的坚定和自信。就连扎进深色裤子的白色丝绸衬衫上衣都显得与众不同。是的，尽管她觉得他的靴子有些奇怪，但是——
man_body373,"He smiled very widely. Who else has such perfect teeth?
",他笑得很灿烂，露出整齐地牙齿。
man_body374,"And then, he spoke again. The same words, repeated for the fourth time. ""Please, ma'am, do you need help?""
",然后，他又开口了。同样的话，重复了第四遍，“女士，您需要帮助吗？”
man_body375," 
", 
man_body376,"Rebecca Abrabanel would always wonder, in the years to come, why she spoke the truth then. Spoke it¡ªbabbled it. She would spend hours remembering that moment, sitting quietly by herself. Wondering.
",在之后的岁月里，瑞贝卡·阿布拉内尔仍然会去想，自己为什么要敢把真相告诉他，还说得磕磕绊绊的。她会独自静静地坐着，带着疑惑花好几个小时回想那一刻。
man_body377,"Some of it, she would decide, was ancient heartbreak. For all the savagery of the Holy Inquisition and the pitilessness with which the hidalgos enforced the expulsion, Spain and Portugal's Sephardim would never be able to forget Iberia, the sun-drenched land they had come to love, spending centuries helping to build, convinced that Jews had finally found a place of welcome and refuge. Until Christian royalty and nobility decreed otherwise, and they were driven out to wander again. Yet they retained the language, and recited the poetry, and cherished the culture for their own. Ashkenazim could huddle in their ghettos in central and eastern Europe, shutting the outside world from their souls. But not the Sephardim. Almost a century and a half had gone by since their expulsion from the land they called Sepharad, but it was still the highest praise, amongst them, to call a man hidalgo.
",其中一部分，她以为，是古代的恩恩怨怨。尽管经历过西班牙宗教裁判所的野蛮审讯和那些无情贵族所签署的大流散，但西班牙和葡萄牙的犹太人们还是不能忘记伊比利亚——那片阳光普照的土地，那个他们热爱的家园，那个他们花了数个世纪来建设、那个犹太人曾深信的庇护之所。直到基督教政权和贵族下令将他们驱逐，他们才不得不再次流浪。然而，他们将语言留存下来，将诗歌传颂下去，爱护着自己的文化。德系犹太人还可以蜷缩在中欧和东欧的隔都，将他们的灵魂与外界隔绝。 但是西班牙裔犹太人连躲都没地方躲。自他们被西班牙人从塞法迪——犹太人对那片土地自己的叫法——驱逐了出去，已然过去了一个半世纪，但西班牙语“伊达尔戈”仍然是他们用来褒奖一个人的最高词汇。（译者注：西班牙宗教审判所（Holy Inquisition），由1478伊莎贝拉一世建立，BBQ了大量犹太人和异教徒。大流散：1492卡斯蒂利亚女王伊莎贝拉一世颁布的驱逐异教徒法令，大约有20万人被驱逐。）
man_body378,"So she would conclude, as the years went by, that some of her response had been a child's, discovering¡ªhoping to discover¡ªthat legends were not lies, after all. That there did exist, somewhere in the world, a nobility that was not simply cruelty and treason, veiled beneath courtesy and custom.
",多年后，她自己总结道，也许当时她的回复是基于，一个孩子发现了——希望她自己发现了——一位真正的贵族。那个孩子相信，传说不都是假的，这个世界上还是存着在真正的贵族，而不都是潜藏在礼貌和服饰下的禽兽。
man_body379,"But there was more. That, too, she would conclude. There had also been the reaction of a woman.
",但是孩子的一厢情愿并不是全部。这里面也有女性的直觉。
man_body380,"For there had been the man himself. Handsome, yes, but not quite in the hidalgo way. Even in that moment of terror and confusion, she had retained enough of her wits to sense the difference. The man had possessed none of a hidalgo's raptor beauty. Simply a good-looking man¡ªalmost a peasant, come to it, with that blunt nose and open smile. And if his eyes had been such a pure blue as to give despair to hidalgos, there had been nothing in them but friendship and concern.
",是的，那个男子很帅，但不太像一般的伊达尔戈。即使当时深感恐惧和困惑，她还是清醒地感受到了这种差异。这个男人有着伊达尔戈人所没有的野性美。他很好看，有着扁平的鼻子，更像一个农民，微笑地走到面前。他有着能令其他伊达尔戈妒忌死的纯蓝色眼眸，那眸中深藏着友好和关怀。
man_body381,"So Rebecca Abrabanel would conclude, over the years. But she would still find herself wondering about that moment. Hour after hour, at times. It was self-indulgence, perhaps. No other moment in her life, when she looked back, would ever bring quite such a glow to her heart.
",所以瑞贝卡·阿布拉内尔经过多年得出结论。但是这个结论仍不能阻止她一次再一次地咀嚼这个场景。就像是个令人上瘾的癖好。生命中任何时候都不曾像那一时刻像明亮的光一样照进自己的心。
man_body382," 
", 
man_body383,"""Yes¡ªplease! My father . . ."" She lowered her head for a moment, shutting her eyes. Tears began leaking through the lids. Softly: ""He is very ill. His heart, I think.""
",“是的，求您了！我父亲...“她低下头，闭上眼睛。泪水从眼眶里涌出来。轻声说道：“他病得很重。我想是他的心脏出了问题。”
man_body384,"She opened her eyes and raised her head. The man's face was blurred by the tears.
",她睁开眼睛抬起头，眼中的泪水模糊了男人的面孔。
man_body385,"""We are alone,"" she whispered. ""No one¡ª"" A shuddered breath. ""We are marranos."" She sensed his puzzlement at the term. Of course. He is English. ""Secret Jews,"" she explained. To her surprise, she managed a chuckle. ""Not even that now, I suppose. My father""¡ªshe pressed her fingers down, as if to safeguard the gray head in her hands¡ª""is a philosopher. A physician, by trade, but he studies many things. Maimonodes, of course, but also the arguments of the Karaites on the Talmud. And Averroes the Moslem.""
",“我们无依无靠”她颤抖着呼吸，低声说：“没有人了——我们是马拉诺人”。 她感到他对自己所说的有些困惑。哦，当然，他是个英国人。“就是地下犹太人，”她解释道。令她惊讶的是，她勉强挤出了笑容。“先别说这个了，我的父亲他——”她扶了扶倚在自己身上的父亲。“——是位哲学家。他也是个行商医生，在旅途中学了很多其他的东西。他研究迈蒙尼德，当然也研究卡拉派对塔木德的讨论。也涉猎过穆斯林阿威罗伊的著作。
man_body386,"She realized she was babbling. What did this man care? Her lips tightened. ""So he was expelled by Amsterdam's Jews for heresy. We were on our way to Badenburg, where my uncle lives. He said he could provide us shelter."" She jarred to a halt, remembering the silver hidden in the chests of books. Fear came again.
",她意识到自己有些胡言乱语。男子怎么会关注这些呢？她闭了闭双唇，“所以他被阿姆斯特丹的犹太人当做异端而放逐。我们在去巴登堡的路上，我的叔叔住在那里。他说会为我们提供住所。”瑞贝卡顿了顿，想起藏在书箱里的银子，恐惧感再次席卷而来。
man_body387,"The man spoke. Not to her, however. He turned his head and shouted: ""James, get over here! I think we've got a very sick man here.""
",那人说话了。但并不是冲她说，而是转过头喊道：“詹姆斯，过来！咱们这儿有个病人。”
man_body388,"He turned back. His smile was thinner, now, not the gleaming thing it had been earlier. But even through the tears Rebecca could sense the reassurance in it.
",他转过身来，灿烂的笑容逐渐消失。瑞贝卡脸上挂着泪，但仍从中得到些许安慰。
man_body389,"""What else do you need, ma'am?"" he asked. His face tightened. ""There are some people coming this way. Men carrying weapons. Who are they?""
",“女士，您还需要别的什么吗？”他问道，此时他的脸绷紧了。“有人带着武器沿着路正在过来。他们是谁？”
man_body390,"Rebecca gasped. She had utterly forgotten about the band of mercenaries they had encountered earlier.
",丽贝卡喘着气，她完全忘记了先前遇到的那帮雇佣军。
man_body391,"""Tilly's men!"" she exclaimed. ""We didn't think they had come so far from Magdeburg. We encountered them two miles up the road. We were hoping to escape down this path, but¡ª""
",“是提里的一伙人！她叫道。“我们没想到他们会从马格德堡赶来这么远的地方。“我们在路的前方两英里处撞见他们，本想沿着这条路逃跑，但——”
man_body392,"""Who is¡ªTilly?"" the man demanded. The smile was gone completely. His face was tight, tense, angry. But the anger did not seem directed at her.
",“谁是——提里？”男人质问道。他脸上的笑容完全消失了，脸也绷住了。他看上去有些愤怒，但这怒意好像又不是冲着她的。
man_body393,"Rebecca wiped the tears away. Who is Tilly? How can anyone not know? After¡ªMagdeburg?
",瑞贝卡抹了抹眼泪。她心里想着，“谁是提里？在马格德堡那事之后，竟然还有人不知道他们——”
man_body394,"The man seemed to sense her confusion. ""Never mind,"" he snapped. There came a shout from a distance. Rebecca couldn't make out the words, but she knew they were in English. A warning of some kind, she thought.
",男子似乎看出了她的困惑。“不要紧，”他厉声说。远处传来一声大叫。瑞贝卡听不懂，但她知道他们在讲英语，也许是某种警告，她想。
man_body395,"The man's next words were quick and urgent: ""I only need to know one thing. Do those men mean to do you harm?""
",男子紧接着说道：“我只需要知道一件事。那些人是想伤害你们吗？”
man_body396,"Rebecca stared at him. Was he joking? The honesty in the face reassured her.
",瑞贝卡看着他，他是在开玩笑吗？但那张老实正直的脸看上去不像是明知故问。
man_body397,"""Yes,"" she replied. ""They will rob us. Kill my father. Me¡ª"" She fell silent. Her eyes flitted toward the place where the woman had been lying on the ground. But the woman was not there now. She was on her feet, walking slowly toward the farmhouse. Two of the hidalgo's men were helping her along.
",“是的，他们想要抢劫我们，杀了我的父亲，然后把我...”她没有说下去。她的眼睛迅速地朝着之前那个躺在地上的女人的方向看了眼。但是那个女人现在不在那里了。她在伊达尔戈的两个手下的搀扶下站起来，正慢慢向农舍走去。
man_body398,"She heard the hidalgo's voice, snarling. ""That's good enough. More than good enough."" She was startled by the sheer fury in his tone.
",她听到伊达尔戈咆哮着。“好极了，实在是好极了。”她被这种愤怒地语气吓了一跳。
man_body399,"An instant later, the door was being opened. A black man, naked from the waist up, was climbing into the carriage. In one hand, he held a small red box emblazoned with a white cross. Despite her astonishment, Rebecca made no protest when the black man gently moved her away from her father and began examining him.
",过了一会儿，门开了。一个赤裸着上身的黑人爬上马车。一只手拿着印有白色十字架的红色小盒子。尽管瑞贝卡很吃惊，但当黑人轻轻地将父亲从她身边为父亲作检查时，她并没有提出抗议。
man_body400,"The examination was quick and expert. The man opened the box and began withdrawing a vial. Rebecca, a physician's daughter, recognized another. She felt a vast sense of relief. Thank God¡ªa Moor! Her father thought well of Islamic medicine. His opinion of Christian physicians bordered on profanity.
",那人快速熟练的检查完后，打开盒子，取出一个小药瓶。瑞贝卡，医生的女儿，认出了另一药瓶。她感到轻松了许多。感谢上帝，是摩尔人！父亲十分崇尚伊斯兰医学，至于基督教医生，他的评语中只有脏话。（译者注：摩尔人主要由皈依了伊斯兰教的埃塞俄比亚人构成。）
man_body401,"The Moor turned to the hidalgo. The hidalgo, after shouting a few commands¡ªRebecca, preoccupied with her father, had not caught their meaning¡ªhad his head back in the carriage.
",摩尔人转向伊达尔戈。那位伊达尔戈下了几条命令——瑞贝卡的注意力几乎全都放在了她父亲的身上，没有听明白他们的意思——又低头进了车厢。
man_body402,"The Moor spoke in quick and curt phrases. His accent was different from the hidalgo's, and he used strange words. Rebecca could only understand some of his English.
",摩尔人说话用的都是短小的、唐突的字眼，他的口音与那位伊达尔戈不同，有些词语很陌生，瑞贝卡只能听懂部分内容。
man_body403,"""He's having a (meaningless word¡ªcoronation?¡ªthat made no sense). Pretty bad one, I think. We need to get him to a (hostel?) as soon as possible. If we don't get some (meaningless phrase¡ªthe first part, she thought, sounded like 'clot-busting,' but what could dirt have to do with anything?) into him, there won't be any point. The damage will have been done.""
",“他得了（无意义的词汇——加冕仪式？——这说不通啊）。情况很糟糕。我们必须要尽快把他送往（招待所？）我们必须尽快在他体内植入（无意义的短语——她觉得第一部分的单词听起来像是’摧毁黏土块，’但是土壤和这到底有什么关系？）。不然他会遭受更多的伤害。”
man_body404,"Rebecca gasped. ""Is he dying?"" The black physician glanced at her. His dark eyes were caring, but grim. ""He might, ma'am,"" he said softly. ""But he might make it, too."" ('Make it?' Survive, she assumed. The idiom was strange.) ""It's too early to tell.""
",瑞贝卡喘着气。“他要死了吗？”黑人医生瞥了她一眼。黑色的眼眸流露出担忧，但很严肃。“是的，姑娘，”他轻声说。“但是他也可能撑着过去。”（’撑着过去’？大概是幸存下来的意思吧，英语的俗语真是奇怪。）“现在下定论还太早。”
man_body405,"Another shout came from one of the hidalgo's men. Rebecca thought it came from the farmhouse. This time she understood the words. ""They're coming! Take cover (meaningless¡ªthe hidalgo's name, she thought)!"" Maikh?
",瑞贝卡听见从农舍传来伊达尔戈手下的叫喊声。这次她听懂了，“他们来了！注意掩护（无意义的词——也许是这位贵族的名字？马刻？）！”
man_body406,"The hidalgo was staring down the road. Rebecca could now hear the sounds of racing footsteps and other shouting men. Germans. Tilly's men. Baying like wolves. They had spotted the carriage.
",伊达尔戈盯着路口，此时，瑞贝卡听到马蹄声和其他人的叫喊声，是德语，提里的人来了，他们像狼一样嚎叫，发现了马车。
man_body407,"The hidalgo shook his head and shouted back. ""No! You all stay in the farmhouse! As soon as they come up, start shooting. I'll draw their fire away from the carriage!""
",伊达尔戈摇摇头，喊道。“不！你们都呆在农舍里！他们敢过来就开枪。我要把他们的火力从马车上引开！”
man_body408,"Quickly, he thrust his head into the carriage, extending his hand toward the physician. ""James, give me your gun. I haven't got time to find my own.""
",很快，他把头伸进车厢，将手伸向医生。“詹姆斯，把枪给我。没有时间拿自己的枪了。”
man_body409,"The Moor reached back and drew something out of the back of his trousers. Rebecca eyed it uncertainly. Is that a pistol? It's so tiny! Nothing like those great things the Landsknechte were carrying.
",摩尔人伸手从裤子后面抽出了样东西，瑞贝卡迟疑地看着，这是枪吗？也太小了！一点也不像雇佣兵带的那些大家伙。
man_body410,"But she did not doubt her guess, from the eager way the hidalgo seized the thing. Rebecca knew very little about firearms, after all, though she was struck by the intricate craftsmanship of the weapon.
",但她还没来得及怀疑自己的猜测，就看见伊达尔戈急切地抓住那东西。尽管她对火器的知识非常有限，但这件工艺复杂的武器令她印象深刻。
man_body411,"Now the hidalgo was striding away. Not more than five seconds later, he had taken his stance many yards from the carriage. He stopped, turned. Briefly, he inspected the pistol, doing something with it that Rebecca could not make out clearly. Then, squaring his shoulders and spreading his feet, he waited.
",现在那位伊达尔戈大步走开了。不到五秒钟，他就站在了离马车很远的地方。停下来转过身。简单检查了一下手枪，还有些动作瑞贝卡看得不是很清楚。然后，他挺直身子，双脚张开，等待着。
man_body412,"Rebecca was at the carriage window now, watching. Her eyes flitted back and forth from the farmhouse to the hidalgo. Even as inexperienced as she was, Rebecca understood immediately what the hidalgo was doing. He would draw the attention of Tilly's men to himself, away from the carriage. His men in the farmhouse would have a clear angle of fire.
",瑞贝卡趴在马车窗口，看着这一切。她的眼睛从农舍飞快瞟向伊达尔戈。尽管没有经验，但她立马明白了伊达尔戈要干什么。他准备把提里手下的人引到自己跟前，远离马车。这也给埋伏在农舍中的人很好的射击角度。
man_body413,"The mercenaries charging toward the farmhouse were on the other side of the carriage. Rebecca could hear them but not see them. All she could see was the hidalgo, facing at an angle away from her.
",向农舍冲去的雇佣军在马车的另一边。瑞贝卡虽然能听到但却看不见。她只能看到伊达尔戈站在斜角处远远面向着自己。
man_body414,"In the battle which followed, she watched nothing else. Her eyes were fixed to a tall man in a farmyard, standing still, in a ruffled white blouse and black trousers. A humble setting, and there was something odd about his boots. But Rebecca did not care. Samuel ibn Nagrela, reciting Hebrew poetry to the Muslim army he led to victory at the Battle of Alfuente, would have been proud of that footwear. So, at least, thought a young woman raised in the legends of Sepharad.
",在接下来的战斗中，她一直盯着农家场院里的高个男子，穿着皱巴巴的白衬衫和黑裤子，一动不动地站着。简陋的着装，加上他奇怪的鞋子，但是丽贝卡对此并不在意。那位带领伊斯兰军队取胜阿尔芬特之战并写下诗歌为此纪念的撒母耳·伊本·纳格雷拉，会为这双鞋感到骄傲。至少这位听着塞法拉迪传说长大的女孩是这么认为的。（译者注：撒母耳·伊本·纳格雷拉 安达卢西亚犹太人。塔木德研究者，政客，军人，诗歌也很出名。经常在诗歌中称赞自己军事上的成果，将自己与古希伯来列王相比。）
man_body415,"So confident he seemed¡ªso certain. Rebecca remembered lines from Nagrela's poem celebrating Alfuente.
",他看起来很自信。这让瑞贝卡想起了纳格雷拉为庆祝阿方特胜利所写的诗。
man_body416," 
", 诗文如下：
man_body417,"My enemy rose¡ªand the Rock rose against him.
",我的敌人来了，拿起石头反抗吧
man_body418,"How can any creature rise up against his Creator? 
",人们怎么能反抗自己的造物主？
man_body419,"Now my troops and the enemy's drew up their ranks
",现在我的军队和敌人已经开始集结，
man_body420,"Opposite each other. On such a day of anger, jealousy,
",在这愤怒妒火的日子里彼此对立。
man_body421,"And rage, men deem the Prince of Death
",人们视愤怒为死亡的君主，
man_body422,"A princely prize: And each man seeks to win renown,
",为王者的奖品：每个人都想赢取名声，
man_body423,"Though he must lose his life for it.
",尽管为此丢掉性命。
man_body424," 
", 
man_body425,"The hidalgo fired first. He gave no warning, issued no commands, made no threats. He simply crouched slightly, and brought the pistol up in both hands. An instant later, to Rebecca's shock, the gun went off and the battle erupted.
",伊达尔戈率先开火，没给警告，没下命令，没做威胁。他只是略微蹲下身子，双手举起手枪。片刻之后，令瑞贝卡震惊的枪声响起，战斗爆发了。
man_body426,"It was short, savage and incredibly brutal. Even Rebecca, an utter naif in the ways of violence, knew that guns could not possibly be fired as rapidly as the hail of bullets which erupted from the hidalgo's pistol and the weapons of his men. She could not see the carnage which those bullets created, in the small mob of mercenaries, but she had no difficulty interpreting their cries of pain and astonishment.
",战斗短暂却野蛮残忍。即使是瑞贝卡对暴力行为一无所知，也知道这样短时间内倾泻如此巨量的弹幕是普通火枪做不到的。她虽然看不见那些子弹肆虐击穿这一小群雇佣兵，但是她能听到他们的因疼痛和惊讶而发出的惨叫声。她还是不难想象出那副场景的。
man_body427,"Literature kept her soul from gibbering terror. She took courage from the hidalgo's own, that day, and the poetry of another at Alfuente.
",文学作品令她的灵魂不再沉沦于恐惧。那一天，她从伊达尔戈那里和另一首关于阿方特之战的诗歌那里，拾起了勇气。
man_body428," 
",诗文如下：
man_body429,"These young lions welcomed each raw wound upon
",年轻的狮子迎接额头的每一道伤口
man_body430,"Their heads as though it were a garland. To die¡ª
",把它当做花环。
man_body431,"They believed¡ªwas to keep the faith. To live¡ª
",他们坚信赴死就是忠于信念。
man_body432,"They thought¡ªwas forbidden.
",他们认为求生就是背信弃义。
man_body433," 
", 
man_body434,"She held her breath. Not all the weapons fired belonged to the hidalgo and his men. She could recognize the deeper roar of the mercenaries' arquebuses. She fully expected to see the hidalgo's white shirt erupting with blood.
",她屏住呼吸，并非所有的火力都来自伊达尔戈和他的手下。她能听辨出佣兵的火绳枪声，以为伊达尔戈的白衬衫上也会浸透着鲜血。
man_body435," 
", 
man_body436,"The hurled spears
",投掷的长矛
man_body437,"Were like bolts of lightning, filling the air with
",如似闪电，轻轻划破长空
man_body438,"Light . . . The blood of men flowed upon
",人们的鲜血涌上心头
man_body439,"The ground like the blood of the rams on the corners
",地面犹如祭坛
man_body440,"Of the altar. 
",遍地流淌着鲜血
man_body441," 
", 
man_body442,"But there was nothing¡ªnothing beyond an unseen wind which tugged the hidalgo's left sleeve and left it torn and ragged. She hissed. But there was no blood. No blood.
",但是除了看不见的风以外，什么也没有，风撕扯着伊达尔戈左边破烂的袖子。她小声说，但是没有血，没有血，没有血。
man_body443,"No blood.
",没有一丝血。
man_body444,"Suddenly¡ªas shocking, in its way, as the beginning¡ªthe battle was over. Silence, except for the sound of footsteps running away and the shouts of fearful retreat. Rebecca heaved a deep breath, then another and another. The motion drew the physician's eye. After no more than a glance, the Moor turned back to her father. A slight smile came to his face. Rebecca, recognizing the meaning of that smile, flushed from embarrassment. But not much. Just an older man, whimsically admiring a young woman's figure. There was no threat to her in that smile.
",突然，就像开始时一样令人震惊，战斗结束了。除了逃跑的脚步声和惊慌撤退的叫喊声，周围一片寂静。瑞贝卡深吸一口气，一次又一次。这一举动引起了医生的注意。他只看了一眼，就转向瑞贝卡的父亲。他脸上露出一丝微笑。瑞贝卡明白这个微笑是什么意思，尴尬得脸红了。其实也没什么，只是一个老绅士挑皮地表达他对年轻女士样貌的欣赏。那个笑容中没有恶意。
man_body445,"Rebecca collapsed, falling back from her own crouch onto the cushioned seat of the carriage. She burst into tears, covering her face with her hands.
",瑞贝卡一下子放松下来，瘫坐在马车座椅的软垫上。手捂着脸大哭起来。
man_body446,"Some time later¡ªnot more than seconds¡ªshe heard the door of the carriage opening again. She sensed the hidalgo entering the carriage. Gently, he eased himself onto the seat next to her and put his arm around her shoulder. Without wondering at the impropriety of her action, she leaned into the shoulder and turned her face into his chest.
",过了不一会儿，她听到马车的门再次被打开。她感觉到那位伊达尔戈走进车厢，轻轻地坐在她旁边的座位上，搂住她的肩膀。 瑞贝卡丝毫没有顾忌自己的行为是否妥当，而是靠在他的肩膀上，把脸埋进他的胸膛。
man_body447,"Soft silk, over hard muscle. No blood.
",柔软的丝绸下是坚实的肌肉。没有血迹。
man_body448,"""Thank you,"" she whispered.
",“谢谢，”她轻声说道。
man_body449,"He said nothing. There was no need. For the first time since the terror began that day, Rebecca felt all tension and fear fade away. For the first time in years, perhaps.
",他什么也没有说，也没有说的必要。自从丽贝卡感到惊恐的那天开始，她就感受到所有的紧张和恐惧都消散了。或许这是多年来的第一次。
man_body450," 
", 
man_body451,"Has a flood come and laid the world waste?
",洪水来了，会毁灭世界吗？
man_body452,"For dry land is nowhere to be seen.
",因为旱地是寻不到的。
man_body453,"It was odd, then, what came to her mind. Recovering from terror in the shelter of a strange man's arm, all she could think of was a sun-drenched land of poetry and splendor, which she had never seen once in her life. Drying her tears on a silk shirt, she remembered Abraham ibn Ezra's ode to his cloak:
",她突然想到了什么，有些奇怪。她在陌生男子的臂弯里，恐惧散去，她脑中浮现了那片阳光普照、满是诗歌与瑰丽的土地，那片她未曾造访过的土地。用衬衫擦了下眼泪，她又想起了亚伯拉罕·伊本·以斯拉为他的斗篷所赋的诗：
man_body454," 
", 诗文如下：
man_body455,"I spread it out like a
",我把斗篷
man_body456,"Tent in the dark of night, and the stars
",向帐篷一样在黑暗中展开，
man_body457,"Shine through it: through it I see the moon and the 
",星星透进来闪烁着光芒；我看见月亮，
man_body458,"Pleiades, and Orion,
",昴宿星和猎户座。
man_body459,"Flashing his light.
",旷吾之盈视。
