﻿¼üÖµ,Ô­ÎÄ,ÒëÎÄ
man_body2286,"Chapter 27
"
man_body2287,"Gretchen awoke in a panic. Disoriented in time, confused in space¡ªbut, mostly, petrified by a memory.
"
man_body2288,"Her eyes sped to the door. Closed. For a moment, she was relieved. There was nothing in the door to say that her memory was false. She remembered closing that door, on a smiling face.
"
man_body2289,"Still¡ª
"
man_body2290,"She sat up. Her eyes scanned the room. That act of long-practiced vigilance brought back a measure of calm. Her family was piled all over the floor, clustered in little heaps, arms and legs entwined in sleep. The automatic snuggling of people for whom winter was a familiar assassin. Even in midsummer, the feel of another body¡ªwarm, warm¡ªbrought a primordial sense of safety.
"
man_body2291,"Smiling, Gretchen looked down. Her own baby was cradled in her arm. Wilhelm was still fast asleep. To her left, Annalise pressed herself against Gretchen's hip, reacting to the sudden absence of a shoulder. To her right, Gramma did the same. Muttering, now half-awake with the light hold on sleep of the elderly.
"
man_body2292,"Gretchen's eyes went back to the door. The memory poured back in, demanding, insistent.
"
man_body2293,"I must know!
"
man_body2294,"As gently as possible, she disentangled herself from the others. Gramma awoke fully, then. The old woman was obviously confused and disoriented by their surroundings. Gretchen handed Wilhelm to her. Automatically, Gramma took the baby. The familiar act brought reassurance.
"
man_body2295,"Gretchen arose and stepped to the door. She could hear the faint sound of voices coming from the corridor beyond. No words, just voices. She hesitated.
"
man_body2296,"I must know. Firmly, decisively¡ªalmost frantically¡ªshe opened the door.
"
man_body2297,"There were four young men there. Sitting easily, their backs leaning against the opposite wall of the corridor, legs stretched out before them. They had obviously been engaged in cheerful but quiet conversation.
"
man_body2298,"The suddenness with which Gretchen opened the door startled them. Four faces jerked toward her.
"
man_body2299,"She saw only the face in the middle. Smiling, now; beaming, now; rising to his feet; coming toward her¡ªso eagerly¡ªsmiling, smiling. Green eyes like spring itself. Life, enlarged by spectacles.
"
man_body2300,"Gretchen almost collapsed from relief. Shakily, she leaned against the doorframe, clutching it with a hand. A moment later, she was enfolded in his arms.
"
man_body2301,"Safe.
"
man_body2302," 
"
man_body2303,"She had noticed, without wondering at the reason, that one of Jeff's friends had hurried down the corridor as soon as she appeared from her room. A minute or two later, he returned. With him came several older people.
"
man_body2304,"Two of them, Gretchen recognized¡ªthe duchess and the war leader. To her relief, they were both smiling broadly. Gretchen had been half certain that the powerful figures in Jeff's world would ban his marriage to such a one as she. Then, seeing the face of the young woman who accompanied them, her jaw almost dropped.
"
man_body2305,"She had never seen one before¡ªthey had all been banned from her town long ago¡ªbut she had no doubt at all.
"
man_body2306,"A court Jew¡ªhere?
"
man_body2307,"That the woman was Jewish, Gretchen was certain. Her features, her skin tone, her long black hair¡ªso curly!¡ªfit the descriptions she had heard. And men always said Jewesses were beautiful, which she most certainly was.
"
man_body2308,"That she was a court Jew, Gretchen was not so certain. She knew very little about noblemen, and princes and kings, and the life of their courts. But who else would have such poise?
"
man_body2309,"Gretchen brought her surprised reaction under control immediately. She had no personal animus against Jews, and she had no desire to offend the woman. Leaving aside whatever influence the Jewess might have in the American court in her own right, Gretchen was quite certain from little subtleties in body language that the Jewess was the war leader's concubine.
"
man_body2310,"The duchess arrived first, arms spread wide in greeting, and Gretchen lost her self-composure again. The duchess was hugging her!
"
man_body2311,"Gretchen couldn't understand most of what the duchess was saying. She recognized many of the words, but the sense of them was simply gibberish.
"
man_body2312,"""¡ªget you some¡ªgarble¡ªfirst thing! Can't have you¡ªgarble¡ªlaugh¡ªin a robe! Then¡ªgarble¡ªhelp us. Garble¡ªneed good men but¡ªgarble¡ªwheat from the¡ªgarble (chaff?).""
"
man_body2313,"The Jewess began to speak, translating the duchess' words. Her German was excellent. The accent was a bit odd¡ªDutch? Spanish?¡ªand the intonation far more cultured than anything Gretchen was accustomed to, but she understood perfectly.
"
man_body2314,"The words themselves, at least. The content of the words was insane.
"
man_body2315," 
"
man_body2316,"Everything that happened that day was insane. And the next day, and the next. Gretchen obeyed, of course. She had no choice in any event, and the constant presence of Jeff kept her reassured. True, her husband to be was every bit as crazed as the other Americans, but Gretchen was learning to trust those green eyes. Very much.
"
man_body2317,"By the fourth day, the day of her wedding, Gretchen would be reconciled to her new reality. And why not? There were worse things in the world than losing your mind and going to heaven. Much worse.
"
man_body2318," 
"
