﻿¼üÖµ,Ô­ÎÄ,ÒëÎÄ
man_body3109,"Chapter 37
"
man_body3110,"Word of Breitenfeld reached Grantville toward the end of September. The town erupted in celebration, which went on for two full days.
"
man_body3111,"The fact that the Catholics¡ªwho now constituted well over half the population¡ªparticipated fully in the festivities was a sign of just how little religious affiliation lay at the center of the war. Germany's commoners, by and large, tended to be indifferent to their neighbors' Christian denomination. It was the aristocracy and the princes¡ªabove all, the Habsburg dynasty¡ªwho had forced the issue upon the Holy Roman Empire. And while each one of those noblemen claimed to be acting out of nothing more than piety, it was really their own power and privileges which were at stake. The great mercenary armies which ravaged central Europe were willing enough to enlist Protestants or Catholics into their ranks, regardless of their official allegiance. Any number of the ""Catholic"" mercenaries defeated by the Americans and then incorporated into their new society proved, once the dust settled, to be Lutherans or Calvinists.
"
man_body3112,"So, everyone celebrated. Even Simpson and his coterie, for once, refrained from their usual recriminations and protests. Not even an ox was dumb enough not to understand that the king of Sweden's great victory at Breitenfeld removed most of the immediate military pressure from Thuringia.
"
man_body3113,"Most, but not all. There were no official imperial armies squeezing the province any longer. But Tilly's army, in shattering, had produced a number of splinters. One of them, under the ""command"" of a self-appointed ""captain,"" had decided to seek refuge for the winter south of the Harz mountains.
"
man_body3114,"That ragged army numbered perhaps a thousand men, accompanied by twice that many camp followers. They marched¡ªin a manner of speaking¡ªinto southern Thuringia, desperately seeking food and shelter from the coming winter. They had heard that the region was still largely unravaged by the war. They believed those rumors.
"
man_body3115,"They had also heard that a band of sorcerers lurked thereabouts. But that rumor they dismissed. Witchcraft was a thing of old women, casting malicious spells on their neighbors¡ªnot powerful sorcerers shattering entire armies.
"
man_body3116,"They learned otherwise before they got within thirty miles of Grantville, at a small crossroads not far from Jena.
"
man_body3117," 
"
man_body3118,"Jena was a university town, famed throughout Germany as a center of learning. Its Collegium Jenense had been founded in 1558 with the help of the Protestant reformer Melanchthon. Jena had a population numbering in the thousands but, unlike Badenburg, the town was unwalled and essentially unprotected. When word arrived of an approaching army of mercenaries, the townsfolk were thrown into panic.
"
man_body3119,"The notables conferred, debated, squabbled, bickered. What to do? The traditional remedy for the coming ill was to pay what amounted to extortion money. But there was no guarantee the measure would shield the town from such an undisciplined and half-leaderless force. It was a moot point, anyway. Jena's coffers had already been drained dry by Tilly.
"
man_body3120,"Resistance? With what?
"
man_body3121,"To be sure, the university's students mobilized in the streets, brandishing their cudgels fearlessly and demanding to be led into battle. The notables refrained from public sarcasm, since university students had a tendency to become riotous when mocked. But they did not take the offer seriously. A few hundred students armed with clubs¡ªagainst a thousand real soldiers, armed with pike and arquebus?
"
man_body3122,"Absurd.
"
man_body3123,"Then, there came an unexpected offer of assistance. From the mysterious new town to the southwest called Grantville. A sorcerers' town, some said. A den of witchcraft and deviltry.
"
man_body3124,"The notables consulted privately with the university's leading professors. Theologians, to a man. Experts on the Devil and his works.
"
man_body3125,"The theologians, of course, also debated and bickered and squabbled. But not for long. Divine intention has a way of becoming very clear, when the alternative is a city sacked.
"
man_body3126,"God's will. Accept the offer.
"
man_body3127," 
"
man_body3128,"Three days later, the military contingent from Grantville passed by the town, on their way to confront the oncoming mercenaries. The townsfolk were relieved when the leaders of that force stated they had no intention of entering Jena. They were even more relieved when the leaders¡ª""Americans,"" they called themselves; odd name¡ªreiterated that they sought neither payment nor tribute. Only, as they had said in their offer, a desire for trade and commerce. Oh, yes¡ªand a desire to exchange knowledge with the university's faculty and students, and take advantage of their famous printing facilities.
"
man_body3129,"What could be the harm in that?
"
man_body3130,"Half the town, and all the students, turned out to watch the Americans march by. They lined the road leading to Leipzig, cheering wildly. The applause was not diminished by the relatively small size of the American army. There were only four hundred men in that force, but they marched in good order and seemed full of confidence. So did the two hundred or so Scots cavalrymen who accompanied them.
"
man_body3131,"The onlooking burghers and their wives were disturbed by the passing army. Well disciplined and unthreatening, yes. But the gear and equipment! Especially¡ª
"
man_body3132,"The university students, on the other hand, were not upset in the least by the huge vehicle which led the procession. To the contrary, they were quite charmed by the grotesque-looking thing. And once a few of their bolder number ascertained the name of the contraption, its further progress was greeted by a new cheer:
"
man_body3133,"APC! APC! APC!
"
man_body3134,"The older residents were less enthusiastic. Mutters were heard in which the name of the Devil was bandied about. But even the town's notables were ready enough to accept the explanation of the students. They had heard of Leonardo da Vinci, even if they had never seen his sketches.
"
man_body3135,"The rifles, oddly enough, caused more distress. The coal-truck-turned-armored-personnel-carrier was too outlandish for the townspeople to gauge. But many of them were quite familiar with firearms, and the American-style arquebuses brought a chill to their spines. Not much to look at, true. But there was something reptilian and deadly about the serpentine slenderness of the things.
"
man_body3136,"The camouflage hunting apparel also caused comment, as did the motorcycles. Couriers and scouts, apparently, although the onlookers were puzzled by the nature of the small black boxes into which the motorcyclists were seen to speak. The more perspicacious of the students spotted the similar device in the hand of the American leader riding in another vehicle. Inquiries were made, in stumbling English, to the passing American soldiers. Once it was ascertained that some of those soldiers were actually Germans themselves, additional charming acronyms were added to the students' cheers:
"
man_body3137," 
"
man_body3138,"Four by four! Four by four!
"
man_body3139,"CB! CB!
"
man_body3140," 
"
man_body3141,"* * *
"
man_body3142,"Squatting in the back of the armored pickup, Mike grinned. Frank, the operational commander of the little army, was riding up front. As soon as Frank stopped talking on the radio, Mike leaned forward and hissed at him through the small window in the back of the cab.
"
man_body3143,"""See?"" he demanded. ""What did I tell you?""
"
man_body3144,"""All right, all right,"" grumbled Frank. ""You don't have to rub it in.""
"
man_body3145,"Satisfied, Mike leaned back. But his grin never faded. He transferred it to the six other occupants in the back of the truck.
"
man_body3146,""" 'Familiarity breeds contempt,'"" he stated. ""Give something a label and it stops being mysterious and devilish. It just is, that's all. That's why I told Heinrich and his guys to spread the word, if anybody asked.""
"
man_body3147,"The interior of the truck bed, enclosed by welded quarter-inch steel plate, was dark and gloomy. But there was enough light coming through the firing slits to allow Mike to see the faces of his companions. They responded to his cheerful grin with their own smiles, which were nervous in every case but one.
"
man_body3148,"The nerveless¡ªsay better, insouciant¡ªsmile was actually quite wicked. The eyes above it gleamed with amusement and glee.
"
man_body3149,"""You hear that, Frank?"" the smile's owner demanded. ""'Familiarity breeds contempt!' ""
"
man_body3150,"Frank turned his head and glowered through the back window. At the nerveless smile, first; then, at the others.
"
man_body3151,"""I still say girls have got no business here!"" he snapped.
"
man_body3152,"""'Girls'?"" snorted Gayle Mason. ""I'm thirty-two, you old geezer. I remember you saying the same thing the first day I showed up at the mine. What was that¡ªten years ago?""
"
man_body3153,"Frank glared; Gayle glared back. Gayle was an attractive enough woman, in a stocky and muscular manner. Her face was too plain to be considered pretty, but no one had ever suggested she was ugly. Still¡ªexcepting the absence of jowls¡ªwhen she glared, Gayle bore a fair resemblance to a pugnacious bulldog.
"
man_body3154,"""What I say,"" she continued, ""is that broken-down old farts have got no business on a battlefield.""
"
man_body3155,"""Now, Gayle,"" murmured Mike. ""Be nice.""
"
man_body3156,"Frank's eyes moved away from Gayle, and focused on the other women in the truck. ""Gayle's hopeless,"" he growled. ""She's doing this just to spite me. But you other¡ªyou girls¡ªshould have more sense.""
"
man_body3157,"The young women in the truck abandoned their nervous smiles, in favor of stubborn jaws. Except for Gayle, they were in their late teens or early twenties. The youngest of them, Julie Sims, managed a fair imitation of Gayle's glare.
"
man_body3158,"""This is a hell of a time to bring up that argument, Uncle Frank!"" she snapped. ""We've already been through it, and it's settled."" Unkindly: ""You're just pissed because I'm a better shot than you are, and you know it!""
"
man_body3159,"Grumbling: ""I'm tired of being a cheerleader.""
"
man_body3160,"""Beats being dead,"" came Frank's immediate reply.
"
man_body3161,"""You were quick enough to put my boyfriend in the front line!""
"
man_body3162,"Frank was just as stubborn as his niece. ""That's different. He's a guy. And I'll tell you something else, young lady. If that stupid damned boyfriend of yours breaks ranks 'cause he's worried about you, there'll be hell to pay! That's one of the reasons I don't want¡ª""
"
man_body3163,"""Chip?"" demanded Julie. ""Ha! I already told him what'd happen if he did. He's hunted with me too, you know. I'll nail him before he takes a step.""
"
man_body3164,"Watching the interplay, Mike's grin faded. In truth, despite his genuine amusement at his older friend's knee-jerk outrage, Mike was uneasy himself with the arrangement. Mike thought he possessed little of any traditional ""male chauvinism""¡ªand what little there was had long ago been beaten out of him by his spunky sister¡ªbut he could still recognize a certain crude reality to Frank's opposition. It was a simple fact that, by and large, women were not as physically suited for infantry combat as men.
"
man_body3165,"By and large . . . 
"
man_body3166,"Mike remembered a phrase from a play he had just seen two weeks ago. Shakespeare's Hamlet, staged by the high school's drama class in front of a packed audience in the school's auditorium, and then rebroadcast on TV. (They had kept the author's name. Balthazar had not objected; he had even had kind words to say about the performance, which, as was his custom, he had seen on the opening night.)
"
man_body3167,"By and large . . . 
"
man_body3168,"Ay, there's the rub. What happens to the individual, when they get locked within that dangerous ""by and large""? Generality is a slippery slope.
"
man_body3169,"Mike studied the women in the pickup's bed, steadying himself with a hand against the truck's jolting progress down the dirt road.
"
man_body3170,"Julie Sims, for all her cheerleader prettiness, had the physique of someone who was as well trained athletically as any of the boys she cheered on. Mike didn't doubt for a minute that she was in better physical shape than ninety-five percent of the men in the American/German army. Not as strong, no doubt, as many of them. But¡ª
"
man_body3171,"He eyed the rifle held casually in her hands. By universal acknowledgement, Julie Sims was the best rifle shot in Grantville. In all of Marion county, for that matter. Maybe even in the whole state. There had been talk of sponsoring her for the Winter Olympics biathlon. The talk had been serious enough that Julie had taken up cross-country skiing, and applied herself to it with her usual energy. Her skill on skis would be her downfall, she was convinced. Certainly not the shooting!
"
man_body3172,"Mike's eyes met those of Gayle. The glance they exchanged was warm and friendly. When Gayle had started working in the mine years ago, she had encountered a certain amount of harassment from some of the male miners. Not much¡ªand nothing in the way of physical abuse¡ªbut enough to make her defensive. ""Defensive,"" for someone with Gayle Mason's temperament, was indistinguishable from belligerent. Then Mike had returned to West Virginia, gotten hired at his father's old job, and the harassment had ended within a week. They had wound up becoming good friends.
"
man_body3173,"His eyes moved to the woman sitting next to Gayle, and the concern in them deepened.
"
man_body3174,"""Relax, brother of mine,"" said Rita. ""We'll stay out of trouble. I promise.""
"
man_body3175,"Mike smiled ruefully. Promises be damned! He knew his sister too well.
"
man_body3176,"In the front, Frank was still muttering. ""Damn Melissa Mailey, anyway,"" he was heard to grumble. ""Stupid pinheaded liberal feminist peabrained¡ª"" On and on.
"
man_body3177,"Bouncing around in the semidarkness of the truck bed, Mike and his sister exchanged grins. Melissa, of course, was taking the public blame for this latest outrage. Simpson, especially, seemed to spend half his time cursing her name from the rooftops. He had long since, in his relentless political campaign, elevated Melissa Mailey to the status of Ba'alzebub to Mike's Satan.
"
man_body3178,"But Melissa was quite innocent, in truth. The middle-aged schoolteacher had been as surprised as anyone, when Rita and Gayle and Julie Sims advanced their demand to be incorporated into Grantville's armed forces. In the raucous debate which erupted in the emergency committee, Melissa had waffled and wavered¡ªquite unlike her usual self. On the one hand, her feminism inclined her to support the proposal. On the other . . . 
"
man_body3179,"At bottom, Melissa Mailey had the soul of a pacifist. A semipacifist, at least. A Boston Brahmin, born and bred in a certain other-worldly atmosphere. The thought of carrying a gun herself had never seriously crossed her mind. Not even in her days as a radical college student, when she had been much more attracted by the tactics of civil disobedience.
"
man_body3180,"No, Simpson could denounce Melissa all he wanted. Here, as in so many things, the rich man from the big city simply failed to understand the mentality of the ""poor white trash"" he had found himself placed amidst. Unsophisticated they might be, in some respects. But generations of poverty and hard times had also bred a certain hard-headed practicality, and a willingness to accept reality for what it was. Nor did the proposal seem all that strange, come down to it. Many of Grantville's women had already served in the U.S. military, after all, drawn by the same blue-collar motives which impelled their brothers and cousins to volunteer.
"
man_body3181,"Our army's too small? Well, then¡ªenlist women.
"
man_body3182,"Squawk, squawk, squawk. By and large . . . 
"
man_body3183,"Fine. They've got to pass the same physical tests.
"
man_body3184,"By and large, the women who volunteered failed to pass Frank's rigorous regimen. And Mike refused all pleas to ease the training. That far, he was not prepared to go.
"
man_body3185,"By and large . . . 
"
man_body3186,"Ay, there's the rub. Because a fair number of women did pass even Frank's disgruntled scrutiny¡ªand some of them with flying colors. Six of them, to be precise. All six were now riding in the pickup with the army's official commander. Mike had decided he should accompany them, in their first test in actual battle.
"
man_body3187," 
"
man_body3188,"""Just stay out of trouble,"" Mike said, loud enough to be heard by all the occupants in the back of the truck. ""Do us all a favor, will you? Stay out of trouble.""
"
man_body3189,"Gayle and Julie grinned. The other three girls smiled. Rita seemed to ignore the remark completely. She was peering through one of the firing slits.
"
man_body3190,""" 'Stay out of trouble,' "" she mimicked sarcastically. ""Jeff's just dropping Gretchen off. Now there's the woman you oughta be worrying about.""
"
man_body3191,"She turned away, bestowing her brother with a glare. ""Why is it,"" she demanded, ""that men shit their pants at the idea of a woman in a battle¡ªbut have no trouble at all sending Mata Hari into the lion's den?""
"
man_body3192,"Mike laughed. ""Mata Hari? Get real! Gretchen's not going to be batting her eyes at any diplomats and generals.""
"
man_body3193,"His sister's gaze was unwinking. ""No. That'd be safe, compared to what you want her to do.""
"
man_body3194,"Mike looked away. To his relief, Gayle came to his rescue. ""Give your poor brother a break, Rita,"" she said, chuckling. ""He backed us up, didn't he, push come to shove?""
"
man_body3195,"His sister's reply was inaudible. But Mike wouldn't have heard it, anyway. He had caught sight of Gretchen, still kissing her new husband as she stood alongside Jeff's motorcycle. He almost laughed again, seeing the shocked expressions on the faces of the German burghers and their women alongside the road. In public! Outrageous!
"
man_body3196,"""You ain't seen nothing yet,"" he whispered. ""Notable men and women of Germany¡ªheeere's Gretchen!""
"
