﻿¼üÖµ,Ô­ÎÄ,ÒëÎÄ
man_body2132,"Chapter 25
"
man_body2133,"Ed Piazza underlined the last word on the blackboard, with all the flourish of a former teacher, and marched back to the table. ""That's it,"" he said. ""That's the bottom line. Ten thousand people. Able-bodied and able to work. Over and above, you understand, the folks we've already got.""
"
man_body2134,"He clasped his hands on the table. ""Some of them can include healthy old people and big enough kids. There's a few thousand jobs that don't require any kind of heavy labor. But most of it does. Especially the farming and construction work.""
"
man_body2135,"Mike leaned back in his chair and clasped his own hands behind his head. He studied the figures on the blackboard for a few seconds before speaking. ""And if we don't get them?""
"
man_body2136,"Quentin Underwood shrugged. The mine manager had been part of the team which, led by Piazza, had developed the production plan. ""Then we have to change the equation the other way, Mike. Subtraction.""
"
man_body2137,"""Driving people off, in other words,"" said Mike. ""Push the extra mouths back into the furnace."" There was no heat in the words, just clarification.
"
man_body2138,"Quentin and Ed both looked uncomfortable. So did Willie Ray Hudson and Nat Davis, the other two members of the planning team.
"
man_body2139,"Nat cleared his throat. ""Well, I don't know as I'd put it that way.""
"
man_body2140,"""Cut it out, Nat,"" growled Quentin. ""Mike's putting it bluntly, but that's exactly what we're talking about.""
"
man_body2141,"He sat up straight, half glaring. ""I don't like it any better than you do, Mike. But that's the way it is. It's just an estimate, of course, but I think it's pretty damn close. We need ten thousand workers in order to build the infrastructure that'll keep everybody in this area alive through the winter. Food production and shelter are the big jobs. Even if we meet this schedule, winter is going to be a pure bitch. Pardon my language.""
"
man_body2142,"Mike lifted his hands off his head and made a little waving motion. ""I'm not criticizing anybody,"" he said mildly. ""I just want to make sure we're all on the same wavelength."" He pursed his lips. ""Does this include the labor force in Badenburg?""
"
man_body2143,"Piazza shook his head. ""Badenburg's not included on either side of the equation, Mike. We're just figuring the people already in town and our best estimate of all the refugees camped out in the area. A fair number of them are drifting in, now. All the churches are already packed to the gills. So's the community center next to the fairgrounds.""
"
man_body2144,"Dreeson, the town's mayor, looked alarmed. ""That fast? What's that doing to our sanitation program?""
"
man_body2145,"""Straining the hell of it,"" replied Ferrara bluntly. The science teacher leaned forward. ""And that was true even before we got all these newcomers. The prisoners and the people from the soldiers' camp.""
"
man_body2146,"Dreeson was looking very alarmed, now. Bill Porter interrupted before the explosion came. ""Relax, Henry! The refugee center by the power plant will be operational in eighteen hours. We've got a sanitation system up there that has way more capacity than anything in the town itself. We can cycle hundreds of people an hour through it, easily.""
"
man_body2147,"Melissa snorted. ""And how are you going to get them through it, Bill? With cattle prods? You did notice that I was wearing a bathrobe earlier, didn't you? Is that the way you think I normally prance around in public?""
"
man_body2148,"Porter shrank a little from the same piercing stare that had abashed teenagers over the years. Melissa relented, after a few seconds. ""Folks, I just learned from bitter experience that these people coming in are so¡ªso traumatized¡ªthat the only way I got them through the showers was to lead the way personally. Even then¡ª""
"
man_body2149,"She broke off, shuddering a little.
"
man_body2150,"Mike took his hands from his head and set them on the table, palms down. The gesture had an air of authority about it.
"
man_body2151,"""Okay, then. I've been trying to make a decision anyway, and it just got made. We're going to lean on the soldiers. The prisoners, I mean. We don't have any choice.""
"
man_body2152,"Ed cocked his head. ""Lean on them?""
"
man_body2153,"""Rely on them. There are well over a thousand able-bodied men in that crowd. When the wounded recover¡ªthose of them who do¡ªthat'll add maybe a couple of hundred more. That's the start of our labor force. We'll run them through the sanitation process at the power plant as soon as it's open for business.""
"
man_body2154,"The squawks started immediately.
"
man_body2155,"""That's forced labor!"" protested Melissa. ""How are you going to get them through the showers?"" demanded Underwood. ""What about resistance?"" queried Ferrara.
"
man_body2156,"Mike scowled. ""Melissa, give me a break! I've been a union man all my life, so I'd appreciate not getting any lectures about forced labor. Those guys aren't downtrodden workers. They're prisoners of war captured after launching an unprovoked attack on us. I'm not proposing to work them to death, for Christ's sake. But they will work.""
"
man_body2157,"He turned to Underwood, still scowling. ""How? Simple. 'Take a shower or a bullet. Delouse your hair or we'll delouse your guts.' How's that for motivation?""
"
man_body2158,"Melissa started to screech, but Mike slammed his hand on the table. The flat palm sounded like a rocket. ""Melissa¡ªcut it out!"" His scowl was purely ferocious. ""These aren't traumatized women and children, goddamit. These are the guys who did the traumatizing! Frankly, I don't care if they drop dead from fear. They will be sanitized, and they will work.""
"
man_body2159,"The scowl moved on to Ferrara. ""What was that? Something about resistance?""
"
man_body2160,"Ferrara smiled. ""Ah¡ªnever mind. I think it's a moot point.""
"
man_body2161,"Melissa's mouth was still open, ready to speak. Her eyes were slits, her shoulders tense. She'd faced down bullies before, by God! Southern sheriffs and D.C. police and company goons. If Mike Stearns thinks he can intimidate me . . . !
"
man_body2162,"Suddenly, she puffed out her cheeks. For a moment, she looked like a slender, elegant, sophisticated blowfish. Then, with a rush, blew out the air.
"
man_body2163,"""Okay,"" she said.
"
man_body2164,"Mike eyed her with suspicion. ""What is this? Since when do you give up so quick? I was expecting you to throw up a picket line next.""
"
man_body2165,"Melissa grinned. ""Well . . . Don't think I'm not tempted."" The grin faded. Her face grew a little weary. ""I don't like it, Mike. Not one bit. But I imagine you don't either. And¡ªwell, you're right, much as I hate to admit it. The alternative is just to drive them and their camp followers out.""
"
man_body2166,"Underwood cleared his throat. ""Excuse me, folks, but I've got to say here that I think we should consider that alternative."" Hastily: ""Well, the soldiers anyway.""
"
man_body2167,"Frank Jackson started to speak but there came a knock at the door. Ed got up and went to open it. When he saw who was standing there, his eyebrows lifted in surprise.
"
man_body2168,"Jeff Higgins. Flanked by his three friends, Larry Wild, Jimmy Anderson and Eddie Cantrell. All of their faces bore the same expressions. An equal mix of stubborn determination and deep apprehension.
"
man_body2169,"""What's up, boys?"" Ed asked. ""We're in a meeting, you know.""
"
man_body2170,"Jeff took a deep breath and spoke.
"
man_body2171,"""Yeah, Mr. Piazza, we know and I'm sorry to barge in like this but I thought¡ªwell, me and my buddies talked it over after I talked it over with them and""¡ªa look of surprise and relief washed quickly across his face¡ª""since they backed me up even though I thought they were gonna give me a hard time about it we talked it over and after we did we all agreed that I should come here first¡ªthey said they'd back me up¡ªand tell you about it first on account of there's probably going to be all hell to pay¡ªpardon my language, Ms. Mailey¡ªso we might as well get it over with right away. So there it is.""
"
man_body2172,"He braced himself, obviously expecting some sort of onslaught.
"
man_body2173,"Ed frowned, and turned his head to face the adults in the room. They responded with frowns of their own. In the doorway and the corridor beyond, four teenage boys braced themselves.
"
man_body2174,"Ed shook his head. ""Jeff, uh¡ªwhat's this about, exactly?""
"
man_body2175,"Jeff's eyes widened. ""Oh. Yeah. Sorry."" He took another deep breath and launched. ""Well, it's like this and we've already agreed¡ªboth of us¡ªand it's over and settled and done with and nobody can do anything about it because I'm legal age and my parents aren't around anyway and neither are hers either. So there it is.""
"
man_body2176,"The boys braced themselves.
"
man_body2177,"Silence. Frowns.
"
man_body2178,"Suddenly, Melissa started laughing.
"
man_body2179,"""Oh, Lord!"" She bestowed a look of sheer approval upon Jeff. ""Young man, I want you to know that I've never inflated a grade in my life, but you are guaranteed an A in any class of mine you ever take.""
"
man_body2180,"Jeff frowned. ""I'm about to graduate, Ms. Mailey.""
"
man_body2181,"""Silly! Adult education. Instruction in German, if nothing else. I've already started learning the language so I can help teach it.""
"
man_body2182,"She beamed at Jeff. ""Had to use a dictionary, didn't you?""
"
man_body2183,"He looked sheepish. ""Well. Yeah.""
"
man_body2184,"Ed exploded. ""What's this all about?"" he demanded, throwing up his hands.
"
man_body2185,"""Isn't it obvious?"" Melissa pointed a finger at Jeff, wiggling it a bit. ""He just proposed to Gretchen and she accepted."" Grinning: ""So. When's the wedding?""
"
man_body2186,"All hell broke loose.
"
