﻿¼üÖµ,Ô­ÎÄ,ÒëÎÄ
man_body5352,"Chapter 59
"
man_body5353,"By the time they reached Grantville, Mike had reached his conclusion. He didn't much care for it, in many ways. But he knew it was¡ªby far¡ªthe best alternative.
"
man_body5354,"If nothing else, listening to Harry Lefferts' monologue during the drive from Eisenach had convinced him. Once they got word over the radio that the imperialist raid had been driven off, with light casualties, everyone in the relief column had been able to relax. Cheerfully, enthusiastically¡ªeven gaily¡ªHarry had spent the last two hours explaining all the many ways in which the United States could be made safe from any future invasion or attack.
"
man_body5355,"Barbed wire. Land mines. Fortresses along every approach bristling with Gatling guns¡ªwe can make 'em, Mike, I'm telling you!¡ªand napalm catapults. Greg says we can make phosphorus bombs too¡ªway better'n napalm! A much bigger army¡ªuniversal draft, goddamit!¡ªand a massive expansion of the military college which they had already decided to launch. Oh, and lots more. Observation balloons, and powered hang gliders for recon. Even poison gas, maybe.
"
man_body5356,"Outside of the poison gas, Mike had no particular problem with any of Harry's specific ideas. But, taken as a whole, he understood the inexorable logic involved.
"
man_body5357,"Festung Amerika! Fortress America, and everything that went with it.
"
man_body5358,"When the relief column reached the center of Grantville, driving slowly through the cheering crowd, Harry stopped the APC. He turned to Mike, smiling broadly.
"
man_body5359,"""So, chief¡ªwhaddaya think?""
"
man_body5360,"Mike did not return the smile. ""What I think, Harry, is that your proposal is just Simpson all over again. Only bigger.""
"
man_body5361,"Harry's smile vanished, replaced by a look of bewildered outrage. The young coal miner detested Simpson!
"
man_body5362,"Mike couldn't help but chuckle. At that instant, Harry reminded him of a small boy, accused of liking girls.
"
man_body5363,"""Think it through, Harry."" Mike listened to the roar of the crowd, for a moment. Even through the steel plate armor, the sound penetrated easily. There was nothing about that sound that Mike disliked, in and of itself. It was just the roar of a triumphant nation, saluting its soldiers. Nothing to fear¡ªas long as it ended soon enough.
"
man_body5364,"But if it went on, and on, and on . . . 
"
man_body5365,"Festung Amerika. But there was not enough room for America in a fortress. Certainly not one as small as Thuringia. Not Mike's vision of America, at least. Soon enough, Fortress America would need to expand. The militarist logic would inevitably guide that expansion. Living space, to be seized from its neighbors. Everything else would follow, like a glacier moving to the sea. Drang nach Osten. Amerika ¨¹ber alles!
"
man_body5366,"It was obvious that Harry still didn't understand. Mike began to sigh with exasperation, but forced himself to control his impatience. Like a schoolteacher, explaining things again. And again. And again¡ªas long as it took.
"
man_body5367,"That image brought a smile to his face. Yes!
"
man_body5368,"He bestowed the smile on Harry. ""Didn't you wonder? Why Wallenstein sent most of his Croats against the school¡ªinstead of the town?""
"
man_body5369,"Harry frowned. ""I dunno. He's a murderous bastard, from what everybody says.""
"
man_body5370,"Mike shook his head. ""No. I've been reading about him, in the history books. He wasn't¡ªisn't, I should say¡ªa sadist, Harry. Not at all. He doesn't eat babies for breakfast. He's just utterly cold-blooded and, without a doubt, the smartest man on the other side. Smarter than Richelieu, even.""
"
man_body5371,"Someone started pounding on the door of the APC. Demanding that the soldiers emerge, so that the crowd could greet them properly.
"
man_body5372,"Nothing to fear. As long as it ended soon enough.
"
man_body5373,"Mike started unlocking the door. ""Think about it, Harry. Think long and hard. The reason Wallenstein wanted to destroy the school more than anything else is because he understands us better, I think, than we often understand ourselves. He knows what's really dangerous.""
"
man_body5374,"Now unlocked, the door was swung open from the outside. A sea of cheering faces appeared, and the sound of applause became almost deafening.
"
man_body5375,"Before he climbed out of the APC, Mike gave Harry a glance. The young miner still didn't understand. But, apparently, Harry didn't much care. Whether he understood or not, Harry Lefferts did know who he had confidence in.
"
man_body5376,"""So, chief,"" he shouted. ""You got another plan?""
"
man_body5377,"Mike grinned. ""I think I do, as a matter of fact."" He turned and started climbing out of the truck. Before his feet touched the ground, a multitude of hands had picked him up and were carrying him around the intersection in gleeful triumph.
"
man_body5378,"Mike returned the applause with waving hands and a big grin. A man could get to enjoy this, he thought. Like a snake, digesting its prey.
"
man_body5379,"He turned his head and stared to the east. The school was in that direction, not far away. He was burning with impatience to get there. To see his wife, of course. He knew that Rebecca was unharmed¡ªshe herself had been the one to make the last radio call¡ªbut he still wanted to hold her, and hold her, and hold her.
"
man_body5380,"Beyond that¡ª
"
man_body5381,"I've got to talk to a captain. And hope¡ªand pray¡ªthat he's every bit the madman that everyone says.
"
