﻿¼üÖµ,Ô­ÎÄ,ÒëÎÄ
man_body4223,"Chapter 48
"
man_body4224,"Rebecca and Ed Piazza remained in the farmhouse the next day, while Gustav Adolf prepared to move against Tilly. They would spend the entire day, and the next, working with the king's quartermasters to organize the new Swedish logistical base.
"
man_body4225,"The rest of the delegation went with the Swedish army. Tom and Rita and Heinrich, who had spent the previous weeks working with the machine shops to get the cannons ready, went with Torstensson. Insofar as the new United States had anything resembling an ""artillery officer corps,"" those three were it. Mike and Frank had urged them to take whatever opportunity they might find to get acquainted with the artillery practices of the current day¡ªthe best of which, by universal acknowledgment, was embodied in Torstensson's Swedes.
"
man_body4226,"""The key is the hostlers as much as the artillerymen,"" Torstensson informed them, as they watched the Swedish guns being brought into position. ""My horses and wagons are owned by the artillery stable.""
"
man_body4227,"The information meant nothing to Tom and Julie, but Heinrich started. Unlike the two Americans, he was quite familiar with the practices of the day. ""You mean¡ª?"" He pointed to the hostlers guiding the horses forward and unhitching the cannons.
"
man_body4228,"Torstensson nodded. ""Army men. Mine¡ªall of them, to a man."" His lip curled in a magnificent sneer. ""Not a single one of them is a misbegotten wretched coin-counting¡ª"" The rest trailed off into muttered obscenities.
"
man_body4229,"Heinrich chuckled. He turned to Tom and Julie and explained.
"
man_body4230,"""Every other army I know uses civilian contractors to handle the horses and wagons in the artillery train.""
"
man_body4231,"Tom's eyes widened. ""That's crazy!"" he grunted.
"
man_body4232,"As always in the field, whenever possible, Tom spoke in German. Torstensson, hearing the words, grinned. But his humor vanished at once, seeing the American guns being brought up to the earthworks. A moment later, he was bellowing new orders, seeing to it that the new cannons were properly placed. Right in the center of the line, under his watchful eye.
"
man_body4233,"Torstensson intended to test those guns today. He had had his men selecting cannonballs since daybreak. He wanted to take advantage of those perfect bores by using the best cannonballs in his arsenal, the ones which were the roundest and made the best fit.
"
man_body4234,"""Half again the range, I'll wager,"" he said softly, staring at the enemy entrenchments across the river.
"
man_body4235," 
"
man_body4236,"Gustav Adolf was studying the same entrenchments, from a position further up the river. Trying to, at least. His myopia made the exercise a bit pointless.
"
man_body4237,"His bodyguard, Anders J?nsson, was standing to his right. One of Anders' unofficial jobs was to serve as his king's eyes. He leaned over and whispered: ""Tilly's got all his men in those woods beyond the marsh, just as you expected. I can't see a one by the riverbank itself.""
"
man_body4238,"Gustav nodded. The gesture was more one of frustration than agreement, however. He wished he could see for himself. 
"
man_body4239,"He heard a feminine sound. The American girl¡ªJulie Sims¡ªwas clearing her throat.
"
man_body4240,"""Uh, sir¡ªuh, I mean, Your Majesty¡ªuh¡ª""
"
man_body4241,"He turned and peered down at her. She and Mackay were standing to his left. The girl herself was right at his elbow.
"
man_body4242,"""Yes?""
"
man_body4243,"Again, she cleared her throat. Then, in halting German: ""Why don't you wear spectacles, sir? I mean, Your Majesty?""
"
man_body4244,"Anders hissed. A few feet behind, the Scottish bodyguards stiffened.
"
man_body4245,"There was going to be a royal explosion!
"
man_body4246,"For an instant, the king felt his hot vanity surging to the fore. But there was something about the innocent, open, pretty face which disarmed the fury. Gustav restrained himself.
"
man_body4247,"""Impossible!"" he barked. ""I tried, once. The spectacles flew off my nose at the first clash of the sabers.""
"
man_body4248,"Julie tried to speak again. But she had apparently reached the limit of her German. She whispered hurriedly to her fianc¨¦. His face a bit pale¡ªlike all of Gustav's soldiers, Mackay was well aware of the king's sensitivity on this subject¡ªthe Scotsman translated.
"
man_body4249,"""She says that she didn't mean normal spectacles, Your Majesty. She was referring to the kind of sports spectacles that¡ª"" Here, Mackay stumbled himself. How to explain a basketball game?
"
man_body4250,"He managed, more or less, and in the process described to the king of Sweden the special goggle-style spectacles which young American athletes wore.
"
man_body4251,"Gustav's eyes widened. ""Impossible!"" he repeated. ""Absurd!""
"
man_body4252,"His temper was rising, now. He glared at the impudent girl. The glare transferred itself to the peculiar firearm in her hands¡ªthen, to the telescope mounted upon it. Despite his irritation, the king recognized the superb craftsmanship embodied in both the firearm and the optical piece.
"
man_body4253,"The girl seemed quite properly abashed by now. Perhaps in an attempt to mollify the royal outrage, she held up the weapon. ""Would you like to look?"" she asked.
"
man_body4254,"Scowling, Gustav took the weapon and held it up for inspection. Despite the peculiarities of the thing, its use was clear enough. A moment later, he had the butt nestled against his shoulder and was peering through the telescope.
"
man_body4255,"His annoyance vanished at once. ""Marvelous!"" he exclaimed. The clarity of the image was far better than anything he had ever seen through a telescope. He spent perhaps a minute, gaily swinging the rifle back and forth, before settling to serious business.
"
man_body4256,"The next few minutes were devoted to a careful inspection of his opponent's position. The Swedish and the Bavarian armies were located on opposite banks of the Lech, just south of the small river's confluence with the Danube. Here, the river passed through a low, marshy plain, flanked by higher land on either side. Tilly had marshaled his forces in the elevated woods beyond the marsh. Clearly enough, the old Catholic general was confident that the boggy terrain on the river banks would impede any Swedish advance badly enough to prevent a crossing. His flanks were well anchored by fortifications, and he had his own batteries drawn up in the center. It was, to all appearances, a well-nigh impregnable position.
"
man_body4257,"But¡ª
"
man_body4258,"The king smiled grimly, as he studied a particular stretch of the river through the telescope. Directly opposite the high ground where Torstensson was positioning his seventy-two guns, the Lech made a wide loop. The river's meandering course had left a spit of land projecting toward the Swedes on the opposite bank. If a strong force could be moved across the water, onto that spit, under the cover of the Swedish guns, the king would have his bridgehead.
"
man_body4259,"The king lowered the rifle. ""Just as the Finns reported,"" he murmured to Anders with satisfaction. He turned to Julie and handed back the weapon.
"
man_body4260,"""Splendid telescope,"" he said. ""Though I found that peculiar flaw a bit distracting.""
"
man_body4261,"Mackay translated. Julie frowned¡ªinsult her scope!¡ªand demanded an explanation. Mackay translated. The king explained:
"
man_body4262,"Those two black lines meeting right in the center of the eyepiece.
"
man_body4263,"Mackay translated. Julie¡ªroyal temper be damned¡ªgrowled her response. Mackay translated.
"
man_body4264,"The king erupted anew. ""Nonsense!"" he bellowed. Waving a great hand angrily: ""That's five hundred yards!""
"
man_body4265,"Imperiously, he pointed to Mackay and spoke to Julie. ""Give this braggart that gun!"" To Mackay: ""Now¡ªsir. Make good your boast!""
"
man_body4266,"Mackay swallowed. Then, explained. The king's eyes bulged. Her?
"
man_body4267,"Mackay nodded. The stare was transferred to¡ªto¡ªthis¡ªthis impudent female!
"
man_body4268,"Julie had had enough. She hefted the rifle. ""Tell that fathead to pick his target,"" she snarled.
"
man_body4269,"Mackay translated, more or less. He did not include the term ""fathead."" Gustav II Adolf glared at the enemy across the river, selecting his target. He couldn't see well enough, alas, so the king was forced to rely on J?nsson.
"
man_body4270,"""There's a very fine-looking officer near that one grove, Your Majesty. Dramatic fellow, judging from his posture.""
"
man_body4271,"Mackay began to translate, but Julie's German was good enough to understand the gist. The rifle was into her shoulder, her eye at the scope.
"
man_body4272,"The king, watching, began to hiss. For all his indignation, Gustav was far too experienced a soldier not to recognize the casual expertise with which the girl¡ª
"
man_body4273,"Crack! The flat, unfamiliar sound startled the king. His head swiveled to Anders. The bodyguard's face seemed a bit pale.
"
man_body4274,"""Well?"" demanded Gustav.
"
man_body4275,"""Dead on, Your Majesty. Right through the heart, I think. Hard to tell, at that distance. But he's down for good, that's certain.""
"
man_body4276,"""Nonsense! Luck! Another!""
"
man_body4277,"Anders called out another target. A few seconds went by. Crack.
"
man_body4278,"""Another!""
"
man_body4279,"Crack.
"
man_body4280,"""Another!""
"
man_body4281,"Crack.
"
man_body4282,"""Ano¡ª"" Gustav fell silent. The silence lasted for well over a minute. At the end, he heaved a sigh. Then, suddenly, he broke into a smile.
"
man_body4283,"""Ah, Mackay¡ª"" The Scotsman, face very pale, stared at his sovereign. The king, for his part, was staring at Julie. Still smiling.
"
man_body4284,"Julie was not smiling. She was glaring at Gustav with grotesque disregard for all proper etiquette in the presence of royalty.
"
man_body4285,"""I believe I have offended your fianc¨¦e,"" he said. ""Under the circumstances, it might be best if you explained to her the provisions of the dueling code. Can't challenge a ruling monarch. Simply isn't done. Besides¡ª""
"
man_body4286,"He chuckled. ""Explain to her that as the challenged party I would have the choice of weapons. Sabers, for a certainty!""
"
man_body4287,"When Mackay translated, Julie's ill humor evaporated instantly. For a moment, she and the king of Sweden exchanged grins. Watching, Anders thought of a chipmunk and a bear beaming in mutual approval.
"
man_body4288,"But he kept the thought to himself. He even managed not to smile at his king's next muttered words.
"
man_body4289,"""Witchcraft¡ªnonsense! What woman needs to be a witch, when she can shoot like that?""
"
man_body4290,"A moment later, Torstensson's guns began to fire, and his amusement vanished. Anders knew the king's plan for the coming battle. No one had asked his opinion, of course¡ªhe was merely a bodyguard¡ªbut the veteran had a firm one nonetheless.
"
man_body4291,"Gustav II Adolf proposed to force a river in the face of a powerful fortified enemy, in defiance of all established military wisdom of the day.
"
man_body4292,"Madman!
"
man_body4293," 
"
man_body4294,"""Too high!"" bellowed Torstensson. ""Still too high, damn you!""
"
man_body4295,"The gunners at the American cannons swore angrily. Again, they fumbled at the¡ªcursed newfangled!¡ªthings which the Americans called elevating screws. They were accustomed to adjusting the tangent elevation by simply levering up the breech and inserting quoins. Admittedly, the new system was quicker, and certainly much easier. Probably more accurate, too. But the gunners did not have the hang of it yet, and they kept overshooting. Some of that inaccuracy, of course, was due to the simple fact that the American guns, with their tight-fitting balls in perfect bores, had a greater range than they were accustomed to. As was the custom of the day, ""aiming"" was simply a matter of gauging the distance and the angle of the barrel.
"
man_body4296,"Tom turned to Heinrich and whispered, ""Remember, when we get back, to talk to Ollie about setting up some kind of sights and elevation lines.""
"
man_body4297,"Heinrich nodded. He did not need an explanation of the terms. The German mercenary¡ªformer mercenary; like Tom, he now held the rank of captain in the regular U.S. army¡ªhad spent much of the past winter in the machine shop. He had become quite familiar, even comfortable, with American notions of precision and accuracy.
"
man_body4298,"Finally, the gunners got it right. The next salvo of cannonballs hammered straight into the earthworks sheltering Tilly's batteries. Those earthworks had already taken a beating from the traditional guns. Now, with the flat and powerful trajectories of the new cannonballs adding their own force to the bombardment, the enemy fortifications were beginning to come apart.
"
man_body4299,"""Take a while, still, to smash them up,"" stated Torstensson. He smiled grimly. ""But they won't be doing any shooting themselves, that's for sure.""
"
man_body4300,"He turned, cupped his hands around his mouth, and shouted to the orderly waiting on the slope above. An instant later, the man was spurring his horse toward the king's position upstream.
"
man_body4301,"Torstensson went back to overseeing his guns. ""Up to the Finns, now,"" he said. Cheerfully: ""But those sullen savages won't be able to whine about their covering fire. Not today!""
"
man_body4302,"He bestowed a look of approval on Tom and Heinrich. ""Splendid pieces!"" His eyes then moved to the very attractive American woman standing at their side. A similar thought crossed his mind, but he left it unspoken. Lennart Torstensson had already come to the same conclusion as Tom Simpson's own mates. Not a good idea, irritating a man who could probably lift one of those marvelous cannons.
"
man_body4303,"An idle question came. He leaned over and murmured to Tom: ""I'm curious. What would be your weapon of choice? In a duel, I mean.""
"
man_body4304,"The very attractive woman's husband replied instantly.
"
man_body4305,"""Ten-pound sledgehammers.""
"
man_body4306,"Not a good idea.
"
man_body4307," 
"
man_body4308,"""Now, now!"" bellowed the king. On the marshy ground below, Swedish engineers led hundreds of soldiers in a rush to the river bank. The ""rush,"" needless to say, was a slow and sodden kind of thing. The terrain was bad enough, even if the soldiers hadn't been hauling a multitude of freshly cut logs.
"
man_body4309,"Despite the marshy ground, the engineers were soon throwing a crude bridge across the water. The work was not suicidal, due to the heavy covering fire of Torstensson's guns, but it was still dangerous. Within five minutes, several of the engineers had been wounded or killed. Gustav scowled unhappily. Tilly's men were simply sticking their arquebuses over the ramparts and firing blindly. But an occasional round, he supposed, was bound to find a target.
"
man_body4310,"The king heard the American girl whisper something to Mackay. The Scotsman passed the remark along.
"
man_body4311,"""Your Majesty, Julie says that most of the damage is being done by some skirmishers in the woods.""
"
man_body4312,"Gustav squinted at the line of trees. The term ""sniper"" was unknown in that day, but all armies had contingents of lightly armored skirmishers using hunting pieces. Those weapons, since they were not part of the line and were not concerned with rate of fire, were rifled. Their accuracy was still not great, but it was not laughable either.
"
man_body4313,"""She is certain?""
"
man_body4314,"Mackay nodded. Then, after a moment's hesitation, he added: ""She is also offering to¡ªah, the expression she favors is 'take them out.' ""
"
man_body4315,"The king smiled thinly. ""You are afraid I will be offended by such an offer? My royal dignity insulted?""
"
man_body4316,"Mackay pursed his lips. The king's smile widened.
"
man_body4317,"Then, disappeared entirely¡ªreplaced by a ferocious scowl. ""Well, I am¡ªand it is!"" He shook himself like very large dog. Still scowling: ""But not half as much as seeing my engineers struck down.""
"
man_body4318,"The scowl faded. With royal dignity, Gustav turned to Julie and gave her a small bow. ""If you would, Miss Sims. I would be much obliged.""
"
man_body4319,"Julie stooped, dug into the backpack she had brought with her, and hauled out the spotting scope and the binoculars. A moment later, Mackay was festooned with the optical equipment.
"
man_body4320,"""Call 'em out, Alex,"" Julie commanded. She brought the rifle up.
"
man_body4321,"As he watched the ensuing slaughter, the king of Sweden was not sure which disturbed him the most. Seeing the casual ease with which a young American girl from the future struck down men at a third of a mile¡ªor the casual ease with which her Scots fianc¨¦ of the time assisted her in the task. The first introduced a very bizarre and rather frightening new world. The latter opened the entire book.
"
man_body4322,"Crack!
"
man_body4323,"""Left fifty paces! By the tree! Red feathered hat!""
"
man_body4324,"Crack!
"
man_body4325,"Like steel pages turning.
"
man_body4326," 
"
man_body4327,"As evening fell, the Finns surged onto the nearly completed bridge. There were three hundred of them, volunteering in eager anticipation of the ten rix dollars promised as bonus. Each man carried a bundle of damp straw which, set alight, soon covered the end of the bridge and the opposite riverbank with thick smoke. Under that concealment, the work of finishing the bridge was done and the Finns charged onto the opposite bank. Hastily, they began erecting new earthworks, turning the spit of land into a fortress.
"
man_body4328," 
"
man_body4329,"Tilly ordered his guns to begin a desperate attempt to destroy the new bastion. Desperate, because after hours under Torstensson's counterbattery fire, there was not much left of the Catholic artillery.
"
man_body4330,"""Damn those Swedish guns!"" he roared. ""They're even worse than they were at Breitenfeld!""
"
man_body4331," 
"
man_body4332,"Through the night, under cover of darkness, smoke and Torstensson's batteries, the king led his army across the bridge onto the spit.
"
man_body4333,"From there, through the course of the day¡ªApril 16¡ªthe Swedes used their numbers to establish a solid position along the entire bank. Gustav Adolf had successfully forced the river. There remained only two choices for Tilly: retreat, again¡ªor launch a final assault.
"
man_body4334,"He chose the latter, and led it himself. Late in the afternoon, atop his white charger, Tilly thundered down the slope. Thousands of cavalrymen and infantry came in his wake.
"
man_body4335,"The struggle which followed, for all its brevity, was no mean affair. Gustav led his own cavalry in a countercharge and the Swedish infantry, at many points along the line, clashed head-on with their Bavarian counterparts. Had the battle been restricted to those forces, Tilly might still have won.
"
man_body4336,"But, it wasn't. Throughout, from their position on the opposite bank, Torstensson's guns kept up their deadly fire. Now exposed on open ground, Tilly's men were being butchered.
"
man_body4337,"""Damn those Swedish guns!"" snarled Tilly again. And so, too, came a bitter self-reproach: I should have listened to Wallenstein.
"
man_body4338,"It was the old general's last thought. One of Torstensson's cannonballs shattered his thigh. His valiant charger staggered under the blow but kept its feet. Slowly, unconscious from shock, Tilly toppled from the saddle. In the years to come, men who saw would say it was like watching a tree fall. A great, gnarled oak, finally come to the end.
"
man_body4339," 
"
man_body4340,"As Tilly's men carried him to the rear, Aldringer took command. But Aldringer fell within minutes, wounded in the head. By now, the imperial forces had suffered four thousand casualties, and the men lost heart. Night was falling, and they took advantage of the darkness to retreat back into their fortified camp near the Danube. The next day, under the command of the elector himself, Tilly's army retreated to Ingolstadt. Maximillian of Bavaria had had enough of Gustav II Adolf.
"
man_body4341,"""Let Wallenstein try to handle him,"" he snarled. ""Let bastard Bohemian deal with bastard Swede!""
"
man_body4342," 
"
man_body4343,"When Gustav heard the news of Tilly, he sent his own body-surgeon into the enemy camp. ""Do what you can for the old man,"" he commanded.
"
man_body4344,"""Won't be much,"" grumbled the surgeon. ""Not from the description of the wound."" But he obeyed.
"
man_body4345,"Torstensson was not entirely pleased. ""Let the butcher of Magdeburg bleed to death,"" he growled. The savage expressions on the faces of the other Swedish officers surrounding Gustav made clear their agreement.
"
man_body4346,"The king said simply: ""Last of a line. A great line, for all its sins."" Then, as if struck by a thought, he turned to the young girl standing a few feet away.
"
man_body4347,"""And what do you think?"" he demanded. The girl responded with a shy smile.
"
man_body4348,"""I think you're a nice man,"" came her reply.
"
man_body4349,"Gustav II Adolf was quite taken aback. ""Nice man,"" he muttered, as he walked away. He shook his head. ""Nice man. What kind of thing is that to say¡ªto a king?""
"
man_body4350," 
"
man_body4351,"Tilly died two weeks later.
"
man_body4352,"The last of a line was gone, and another line was stepping forward to challenge the King of Sweden.
"
man_body4353,"Wallenstein, now. Wallenstein and his wolves.
"
man_body4354," 
"
man_body4355," 
"
man_body4356,"Part Six
"
man_body4357,"When the stars threw down their spears,
"
man_body4358,"And water'd heaven with their tears
"
