﻿¼üÖµ,Ô­ÎÄ,ÒëÎÄ
man_body1558,"Chapter 18
"
man_body1559,"The first thing Jeff Higgins saw clearly, in the chaos of the camp ahead of him, was the figure of a woman. Alone, among the hundreds of people shouting and scurrying about, she was standing still. Still, silent, and very straight. Her hands were tucked under her armpits, and she was staring at him.
"
man_body1560,"Jeff's motorcycle hit an unseen obstacle in the field, and he almost lost control of the bike. For a few frantic moments, he could concentrate on nothing else. Fortunately, his skill with a dirt bike was not much less than his boasts, and he kept himself from a very nasty spill.
"
man_body1561,"When his eyes came up, he immediately looked for the woman.
"
man_body1562,"She was still there. Still standing, still silent, and still staring at him.
"
man_body1563,"There seemed to be no expression at all on her face, from what Jeff could tell at a distance. But something about her drew him like a magnet, and he steered his motorcycle toward her. Behind, his three friends followed faithfully.
"
man_body1564,"Afterward, his friends would tease him about that instant reaction. But their jests were quite unfair. What drew Jeff toward her was simply that she seemed to be the one island of sanity in a world gone mad. A serene statue, towering over a horde of squealing people, scuttling through a rabbits' warren of makeshift tents and shelters.
"
man_body1565,"It wasn't until he actually brought the bike to a skidding halt, not more than fifteen feet away, that he finally got a good look at the woman herself.
"
man_body1566,"Goddam. She's¡ª Goddam.
"
man_body1567,"He was suddenly overwhelmed by shyness, as he always was in the presence of very pretty young women. Especially tall young women with an air of self-confidence and poise. The fact that the woman in question was wearing a dress that was not much more than a collection of sewn-together rags, was barefoot, and had a streak of dirt on her forehead, didn't matter in the least. All that registered on Jeff, and closed his throat, was the face itself. Long, blondish hair; light brown eyes; straight nose; full mouth; strong chin; and¡ª
"
man_body1568,"Oh God she's so lovely.
"
man_body1569,"Choke.
"
man_body1570,"Larry Wild's voice, coming from behind, didn't help a bit.
"
man_body1571,"""Leave it to Higgins to spot her,"" his friend snickered. ""Now watch him blow his opening line.""
"
man_body1572,"""Hey, lady,"" whispered Jimmy Anderson, loud enough to be heard in China, ""you wanna see my computer? I got a really great Pentium¡ª""
"
man_body1573,"Jeff flushed. ""Shut up!"" he snapped, turning his head. The movement brought his eyes to bear on the Protestant soldiers they had swept past on their way to the camp. The mercenaries were much closer, now. Not more than fifty yards away and charging forward like¡ª
"
man_body1574,"He didn't want to think about that like. Jeff Higgins, for all his precocity, was still a small-town boy at heart. But he wasn't that innocent.
"
man_body1575,"Neither were any of his friends. All three of them were turned around in their bike saddles, staring at the mercenaries pounding toward them.
"
man_body1576,"""What do we do?"" asked Eddie Cantrell.
"
man_body1577,"""Mike said warn 'em off,"" muttered Larry. ""But I don't think those guys are gonna listen to any warning.""
"
man_body1578,"Jeff brought his eyes back to the woman. She was still staring at him. Her face was totally expressionless. For all that he could tell, she hadn't moved a muscle since he first spotted her. Her mind seemed to be a complete blank. Was she mentally retarded or something?
"
man_body1579,"Then¡ªfinally¡ªJeff noticed the women kneeling in a circle around her. Young women. All of them were babbling something. Prayers, he thought. And all of them were weeping.
"
man_body1580,"His eyes rose back up and met the gaze of the standing woman. Light brown eyes. Empty eyes. Blank.
"
man_body1581,"Understanding came, and with it a rage he had never felt in his life.
"
man_body1582,"Over my fucking dead body!
"
man_body1583,"Deliberately, slowly, he lowered the bike's kickstand and climbed off. Then he removed the shotgun slung over his shoulder. A twelve-gauge pump-action, it was, loaded with buckshot. It had belonged to his father, just like the 9mm pistol holstered to his waist.
"
man_body1584,"Jeff began stalking toward the oncoming mercenaries. They were thirty yards away. He pumped a round into the chamber.
"
man_body1585,"He heard Jimmy shout something about Mike, but he didn't catch the words. His ears were too full of the sound of his own rushing blood. He did hear Larry's response, and felt a moment's rush of comradeship.
"
man_body1586,"""Mike can kiss my ass! Hold on, Jeff¡ªI'm coming!""
"
man_body1587,"Jeff didn't hold on. He didn't even think. When the first mercenary was fifteen yards away, he brought the shotgun to his shoulder. The mercenary stumbled to a halt. The ten or so men with him did likewise.
"
man_body1588,"Jeff moved the shotgun, waving it slowly back and forth to cover the entire little crowd. Dimly, he sensed a tide of other mercenaries breaking around the knot he had stopped. They were spilling around the edges, moving toward other parts of the camp. But they were slowing, he thought. He caught a glimpse of several of them, off to the side, staring at him. One of them was reloading his arquebus. The other two were fingering their pikes.
"
man_body1589,"The men in front of him were all pikemen, fortunately. They could run him down, but not before he killed several.
"
man_body1590,"Then, Larry was standing at his left, his own shotgun leveled. And then, not a second later, Jimmy and Eddie were bracing him on the right. Both of them had their own shotguns up also.
"
man_body1591,"Jeff heaved a sigh of relief. He had acted without thinking, on impulse. Now that some time had elapsed, he realized how insane his situation was.
"
man_body1592,"Their situation, actually. Even with his three friends¡ªeven armed with pump-action shotguns¡ªJeff could no more have held off that mob of several hundred mercenaries than he could have stopped a stampede.
"
man_body1593,"Yet¡ª
"
man_body1594,"He raised his head a little, taking his eye off the barrel of the shotgun, and swept his head around.
"
man_body1595,"The mob was stopped.
"
man_body1596,"Well . . . in a manner of speaking. The Protestant mercenaries had poured around the group which Jeff had halted in its tracks. The four American boys were now, for all practical purposes, surrounded. Dozens of mercenaries in the inner ring were staring at them. Others were pushing forward to look over their shoulders. Jeff had a sense that other mercenaries were starting to tear at the edges of the Catholic camp, but he wasn't certain. Everything was very chaotic.
"
man_body1597,"""So what's the plan, kemo sabe?"" hissed Larry.
"
man_body1598,"Jeff hesitated. He had no idea what to do. He was amazed that the mercenaries hadn't already attacked them. He decided that they were simply too confused by the situation to know what to do.
"
man_body1599,"So am I, for that matter.
"
man_body1600,"Then, Jimmy's squeal of glee came. And then, the bellowing hoot of the first truck's air horn. And Jeff Higgins found himself fighting not to tremble.
"
man_body1601,"The Seventh Cavalry had arrived, so to speak. In the proverbial nick of time.
"
man_body1602," 
"
man_body1603,"The coal-hauling trucks which Mike and his men had converted into armored personnel carriers were not really off-road vehicles. But they would do well enough, on flat ground, as long as rain hadn't turned the soil into mud. The drivers were pushing their vehicles at a reckless pace, under the circumstances. It didn't help that the steel sheeting which had been welded over the cabs left them with only narrow slits to steer by.
"
man_body1604,"In the cab of the lead truck, Mike was holding on for dear life. The driver had an air-cushioned seat, but all Mike had was a thinly upholstered one which provided almost no protection from the jolting ride.
"
man_body1605,"The driver yanked on the cord over the door, blowing another blast through the air horn. ""You want me to slow down?"" he asked.
"
man_body1606,"""No!"" shouted Mike. He squinted through the slit in the steel plate over the window. ""Damn those kids,"" he muttered. ""Warn 'em off, I said. Instead¡ª"" An unseen furrow sent him lurching half off the seat. ""They're making like Davey Crockett at the Alamo.""
"
man_body1607,"But for all the grousing in the words, his tone was not hostile. Not in the least.
"
man_body1608,"Mike caught another glimpse of the four boys, staring down a huge mob of thugs with leveled shotguns, and felt a surge of pride.
"
man_body1609,"My kids, goddamit!
"
man_body1610,"""Hit that horn again,"" he commanded. ""Just lean on it, lean on it. And step on the gas.""
"
man_body1611,"The ride got worse. ""Where do you want me to park the truck when we get there?"" asked the driver.
"
man_body1612,"Mike laughed. ""Don't park it at all. Just drive right into that crowd of goons and start circling the boys."" Seeing the driver's frown, he laughed. ""What? Are you worried about getting a ticket?""
"
man_body1613,"Harshly: ""I don't give a damn if you crush fifty of those bastards. Just do what I say.""
"
man_body1614,"He caught a glimpse of a man on horseback, floridly dressed. Ernst Hoffman. The mercenary leader was in the middle of the crowd, giving some kind of speech.
"
man_body1615,"""You see him?"" Mike demanded. The driver nodded. ""Aim right for him. Try to run him down.""
"
man_body1616,"The driver looked startled. Then, seeing the grim and implacable look on Mike's face, he forbore any protest. A moment later, he even grinned.
"
man_body1617,"""Yessir. One road kill coming up.""
"
man_body1618," 
"
man_body1619,"By the time the truck arrived, none of the mercenaries were staring at Jeff and his friends any longer. They had turned around and were gaping at the¡ªmonsters?¡ªcharging toward them.
"
man_body1620,"In truth, few of those soldiers really thought the oncoming trucks were monsters. Men of their time were already accustomed to machinery and manufacture. Wagons, wheels, gears, crankshafts, glass¡ªeverything except rubber and the internal combustion engine. The Bohemian Hussites, more than a century earlier, had even developed their own version of armored personnel carriers. The machines of the time were primitive, of course, and the mercenaries wondered where the horses pulling the things were hidden. But they were still able to recognize the trucks for what they were. Vehicles, not magic beasts.
"
man_body1621,"Still, the oncoming things were larger than elephants and they were charging forward faster than any vehicles those mercenaries had ever seen. As they neared, the armored cabs of the trucks loomed up like battlements.
"
man_body1622,"Then the mercenaries spotted the slits in the front of the things¡ªand the bigger slits along the steel sides¡ªand they knew. War machines. Those slits would be spouting gunfire any moment¡ªthe same gunfire which had shattered Tilly's tercio.
"
man_body1623,"They broke even faster than they had when Tilly's pikemen charged. In an instant, all thought of plunder and rapine vanished. The mercenaries were simply scrambling to get out of the way.
"
man_body1624," 
"
man_body1625,"Jeff didn't start laughing until he realized what the driver of the lead truck was doing. Then, for the next several minutes, he and his friends were howling with glee. Their shotguns¡ªon safety; they had all been well trained by their fathers and uncles¡ªwere lowered, held in loose hands.
"
man_body1626,"The lead truck¡ªand then another, and then another¡ªwere playing ""tag"" with Ernst Hoffman. The scene was utterly comical, for all its deadly potential. None of those truck drivers was trying to miss.
"
man_body1627,"The portly mercenary leader's horse pitched him after the first truck roared past. Thereafter, Ernst Hoffman was waddling on his own. He lasted for five minutes, scampering through the torn-up fields of what had once been fertile farmland, before he collapsed from fear and exhaustion.
"
man_body1628,"One truck roared up and stopped just a few feet short of crushing him. A figure clambered down from the passenger's side of the cab and stalked over to Hoffman. The mercenary leader looked like a pig, lying on his side, flanks heaving.
"
man_body1629,"Even from the distance, Jeff could recognize Mike Stearns. He couldn't make out the face, but Mike's athletic stride was unmistakable. He saw Mike lean over, something glinting in his hand. It was the work of seconds to haul Hoffman's arms around to his back and put on the handcuffs.
"
man_body1630,"""Yes!"" shouted Jeff, his fist pumping. ""My man!""
"
man_body1631,"He looked around. All of the mercenaries within sight were surrendering. There had been twelve trucks in that charge. Three of them were near the Catholic camp, protecting it. The rest, except for Mike's truck, had formed a wide circle around the milling mob of Protestant soldiers. Some of the mercenaries, Jeff suspected, had managed to escape the encirclement. But most of them were lowering their weapons and raising their hands.
"
man_body1632,"""A nice day's work!"" exclaimed Larry. The boy¡ªthe young man, rather¡ªwas filled with elation. ""Just like Mike planned. The Catholic mercenaries are whipped, and these so-called Protestant bastards¡ª"" He jeered at the huddling knots of soldiers, and jerked his thumb over his shoulder, pointing to Badenburg. Some of the surrendering soldiers were staring at the town also, obviously longing for the safety of its walls.
"
man_body1633,"Too far, too far. They had been well and surely trapped.
"
man_body1634,"Jeff stated the obvious. ""Ernst Hoffman's reign of terror is over.""
"
man_body1635," 
"
man_body1636,"Then, she was there. Jeff had quite forgotten her, in the excitement of the standoff.
"
man_body1637,"She didn't say anything. Her face still seemed as blank as ever. She just stared at him. Light brown eyes.
"
man_body1638,"She extended her hand. Her hand was large, for a woman, and not at all delicate. The fingernails were blunt, worn short by labor. When she took Jeff's shoulder and squeezed it, he was astonished by her strength.
"
man_body1639,"She spoke. Her words were a pidgin mishmash. German and heavily accented English mixed together.
"
man_body1640,"""Bitte. Pliss. I muss¡ªneed he'p.""
"
man_body1641,"She pointed to an outhouse nearby. To Jeff, the structure looked like something out of¡ª
"
man_body1642,"Middle ages. Probably when it was built, too. Yuck! Thank God for plumbing.
"
man_body1643,"Insistently, the woman gave his shoulder a little shake. ""Pliss. Need he'p. Pliss!""
"
man_body1644,"Puzzled, Jeff slung his shotgun over his shoulder and nodded. The woman led him toward the outhouse, striding quickly. Behind him, Jeff's friends followed. The cluster of older women and children huddled to one side rose and began running toward the outhouse.
"
man_body1645,"What the hell is going on?
"
man_body1646,"The woman ahead of him reached the outhouse first. She seized the door and practically wrenched it loose, almost snapping the leather hinges. For a moment, Jeff was dazzled by the strong, shapely figure outlined under the tattered and shapeless dress. Even the woman's dirty bare feet seemed lovely to him.
"
man_body1647,"A moment later, the woman¡ªfrantically, now, no almost about it¡ªhad entered the outhouse and was lifting the wooden seat up. Wrestling with it, pitching it out the door. Jeff scuttled aside hastily, barely avoiding the horrid missile.
"
man_body1648,"What the hell is she doing? Is she crazy or something?
"
man_body1649,"Then, when he heard the first wail, he knew. He was so stunned, he couldn't move. Dimly, to one side, he saw Larry turn away and double up, vomiting. Behind him, he heard Eddie hiss with shock and horror. Jimmy came up alongside him, muttering. ""I can't believe this, I can't believe this.""
"
man_body1650,"The woman bent over, extending her arms. A moment later, her back arched with effort. Effort. Effort.
"
man_body1651,"Jeff saw her face turning toward him. Saw the look of silent pleading. Pliss. Need he'p.
"
man_body1652,"Jimmy was still muttering. ""I can't believe this. I can't believe this."" Jeff was paralyzed.
"
man_body1653,"The face. Pliss. Need he'p.
"
man_body1654,"The breath blew out of Jeff's chest. He hadn't realized he'd been holding it. Jerkily, he scrabbled the shotgun off his shoulder and thrust it at Jimmy. ""Hold this!""
"
man_body1655,"An instant later, he was stepping forward. Then, seeing the straining frenzy in the face ahead of him, began running. He was at her side in seconds.
"
man_body1656,"Looking over her arm, he saw the face of a young girl staring up at him from a black pit. The girl's expression combined terror and¡ª
"
man_body1657,"Christ, they must be suffocating in there.
"
man_body1658,"Almost violently, Jeff thrust his arm into the hole. The woman crowded alongside him was holding the girl's hands. He seized the girl's wrist. Between them, heaving, they hauled the girl out in seconds. Jeff, flinching from the smell, almost threw her out the door. But he managed to transform the motion into a simple toss. The girl landed on her knees, gasping for breath. Then, almost immediately, she began vomiting alongside Larry. Her tattered dress was crawling with spiders.
"
man_body1659,"Eddie and Jimmy were staring at him. Jimmy was still muttering. ""I can't believe this, I can't believe this.""
"
man_body1660,"Angrily, Jeff pointed at the girl. ""Help her, goddamit! At least get the spiders off of her!""
"
man_body1661,"He didn't wait to see if they obeyed. He turned back into the outhouse and took his place alongside the woman. Another girl, another heave¡ªout. This one didn't vomit, judging from the sounds coming from behind him. Just gasped and gasped, before breaking into sobs.
"
man_body1662,"Another¡ªout. He and the woman had the procedure down, now. Each take a wrist. Heave. Get them out of here!
"
man_body1663,"Another¡ª
"
man_body1664,"Jeff almost lost it, then. A baby? Fortunately, the woman could handle the baby on her own. Jeff was locked into paralysis, fighting down his nausea.
"
man_body1665,"Seeing another white face in the darkness¡ªthe last, thank God!¡ªhe managed to control himself. He didn't wait for the woman to return. Just bent over, seized, heaved. He drove off hideousness with humor. Coach'd be proud of me.
"
man_body1666,"He did not toss the last girl out of the outhouse. Something in him rebelled, demanding that a measure of dignity be returned to a world swirling down into utter foulness. Holding the girl under the armpits, ignoring the spiders on her shoulders and the one crawling down his arm, he carried her out and set her gently on her feet.
"
man_body1667,"The gesture was pointless, perhaps. The girl collapsed immediately and began retching. But Jeff still felt the better for it. He held out his arms, examining. One spider, no more. A quick flick of the fingers did for that.
"
man_body1668,"Jimmy and Eddie were crowding around him. Then, backed away.
"
man_body1669,"""Thanks a lot,"" grumbled Jeff. ""Can you see any more spiders?""
"
man_body1670,"After circling him for a few seconds, his friends shook their heads. Jeff was almost amused by the paleness of their faces. But not much. He didn't doubt his own face was just as pale.
"
man_body1671,"He was feeling a bit giddy, now. He realized that he had been holding his breath. Trying to restore his calm, he turned his head back and forth, examining the scene around him.
"
man_body1672,"The area was now packed with Americans. Two of the coal-hauling trucks had pulled up near the outhouse and disgorged the miners who had been inside manning the rifle slits. Other Americans had begun to arrive in pickups. All of them were being drawn by the commotion at the outhouse.
"
man_body1673,"A young man pushed forward from the crowd. Harry Lefferts. His camouflage was bulked up in his midsection by the bandages he was still wearing from the first day's gunfight. He held his rifle in one hand, muzzle pointing to the ground.
"
man_body1674,"""I can't believe this shit,"" muttered Harry. He shook his head, turned it, fixed his eyes on a German prisoner standing a few feet away. The man had his hands raised, clasped on top of his head.
"
man_body1675,"""Little girls'd rather hide in a shithouse than deal with these fuckheads."" Harry gave the German prisoner a very savage grin. ""Go ahead, asshole!"" he shouted, hefting his rifle. ""Look at me cross-eyed, why don't you? Spit on the ground. Anything. Just give me an excuse so's I can blow your fucking brains out!""
"
man_body1676,"The German obviously didn't understand the words. But, just as obviously, he understood the essence of them. He kept his hands firmly clasped on top of his head, and kept his eyes carefully away from Harry.
"
man_body1677,"Smart move, thought Jeff. He looked around. All the German soldiers were now behaving as meekly as lambs. Harry's reaction to seeing the girls being hauled out of the outhouse was fairly typical. Many of the coal miners were taking the opportunity to express their opinion of Hoffman's mercenaries¡ªusually right in their faces, obviously quite prepared to shoot if anyone gave them any trouble.
"
man_body1678,"Trouble, needless to say, was conspicuously absent. The prisoners were thoroughly intimidated.
"
man_body1679,"Mike Stearns arrived then. After hearing a quick muttered explanation from Harry, Mike walked over to the group of girls and stared at them. The girls were still on their knees, but they were not vomiting anymore. Jeff didn't think there was anything left to vomit. Just four girls, gasping for breath. Old women surrounded them, still brushing off spiders.
"
man_body1680,"Jeff was standing close enough to hear Mike's whisper. ""They can't be more than thirteen years old."" His face was as pale as a sheet. Mike's faint freckles were normally almost invisible. Now, they shone like stars in the sky. Red stars. Antares¡ªand Mars. Jeff could sense the big man's effort to control his temper.
"
man_body1681,"Hearing the whisper, the young woman whom Jeff had helped stared up at Mike's face. She seemed to flinch, for an instant. Then, rising, she stood straight before him. Hands at her side, back stiff, shoulders square.
"
man_body1682,"She was shielding her family again, Jeff realized. From the blows she expected to come from Mike. He saw her turn her face aside. Still level, but presenting the cheek.
"
man_body1683,"Mike understood also. ""Jesus Christ,"" he whispered. ""What a nightmare world."" He started to raise his hand, as if to comfort the young woman, but dropped it. The gesture seemed feeble, helpless. What can you do? Say?
"
man_body1684,"* * *
"
man_body1685,"The leader of the strangers came up just as Gretchen and her family were cleaning the last spiders off of the girls. Gretchen was so relieved to see that all of them were unharmed¡ªfilthy, yes, but unharmed¡ªthat she never noticed his arrival. Not until he was standing right next to her and whispered something did she realize that he was there.
"
man_body1686,"Startled, she looked up. Then, when she saw his face, she stood erect.
"
man_body1687,"She recognized the leader. He was the one who had captured the Protestant chieftain. He was even bigger, up close, than she had realized. Not as big as Ludwig, but¡ª
"
man_body1688,"This man could have broken Ludwig in half.
"
man_body1689,"Gretchen didn't doubt that for a moment. The American leader was the scariest man she had ever seen in her life. Much scarier¡ªmuch scarier¡ªthan even Diego the Spaniard.
"
man_body1690,"It was not so much the sheer size of the man¡ªnot even when that size contained nothing but bone and muscle¡ªas he himself. He loomed above her like something out of old legends. She barely noticed the mottled clothing and the odd helmet. (Why put a lamp on a helmet?)
"
man_body1691,"She saw only the face, and the anger in it, and knew the ancient warriors of Teuton myths.
"
man_body1692,"Gretchen assumed that the leader was angry at her and her family. The Protestant soldiers also, of course. But mostly she. Because of her, some of his newly captured women were so foul no man would touch them. Not even soldiers.
"
man_body1693,"She felt herself cringing, and fought it down. Cringing before men only fed the flames. She turned her head, bracing herself for the beating. She knew from experience that a blow on the cheek was the easiest to handle.
"
man_body1694,"But the man simply turned away. He muttered something to the young man who had helped her. The young man nodded and turned toward Gretchen. She realized that the leader had instructed him to watch over her.
"
man_body1695,"She glanced around. The victors' camp followers were arriving. She was astonished to see a Moorish physician in their midst. Only powerful people could afford Moorish or Jewish doctors. Then she saw two or three women moving through the camp, and was astonished again. Each of them was wearing a white armband with a red cross emblazoned on it. A religious order, apparently. Gretchen almost laughed. The piety of the insignia went very poorly, she thought, with those brazen bare calves. One of the women had a dress so short it showed her knees!
"
man_body1696,"Then, another thought drove out all humor. She turned, looking for help from the same man who had provided it twice already. The man who had helped save her, and her sister, might help her save her brother. If Hans could be saved at all.
"
man_body1697," 
"
man_body1698,"""Mein bruder. Hans."" The woman pointed toward the battlefield. Jeff, looking, saw that the distant field was now covered with people, moving slowly through¡ª
"
man_body1699,"He swallowed. There were so many bodies there. So many.
"
man_body1700,"""Pliss,"" she repeated. ""Mein¡ªmy¡ªbrutter. Hans.""
"
man_body1701,"Eddie Cantrell spoke hesitantly. ""I think she's looking for her brother, Jeff.""
"
man_body1702,"Jeff looked back at the woman. She was not much shorter than he was, he thought. At least, her eyes seemed very level. Light brown eyes.
"
man_body1703,"""Pliss.""
"
man_body1704,"""Sure, ma'am,"" he replied. ""I'll be glad to help you look for your brother.""
"
man_body1705," 
"
man_body1706,"He ignored the chuckles, as he and the woman walked away. With great dignity, he thought. He even managed to ignore Larry's parting remark.
"
man_body1707,"""See? That's an opening line, stupe. Flowers'll work, too."" Then, half-shouting: ""Beats the last stand at the Alamo, you crazy jerk!""
"
man_body1708," 
"
