﻿¼üÖµ,Ô­ÎÄ,ÒëÎÄ
man_body1232,"Chapter 13
"
man_body1233,"In the hours that followed, the Roths' home became a whirlwind of activity. Michael and Alexander Mackay, along with Andrew Lennox and Frank Jackson, spent the entire afternoon at the large table in the kitchen, planning out their coming campaign. American coal miners and Scots soldiers trooped in and out as the hours went by. Bearing commands on their way out, and bringing questions on their way in. The Scots soldiers would come and go quickly, but many of the American miners would stay for awhile, chiming in with their own suggestions and opinions.
"
man_body1234,"Julie Sims even showed up, bouncing into the kitchen to greet her uncle Frank and take advantage of that family connection to sate her eager curiosity. Mackay immediately lost his concentration on military affairs. Entirely. Julie had replaced her cheerleader's outfit with a blouse and blue jeans, true. But with her figure, and the energy which filled it, the change of clothing was irrelevant.
"
man_body1235,"Then, seeing the smirk lurking in Lennox's eyes, Mackay flushed and tried to keep his eyes off the girl. But he still did not manage to bring his mind back into focus until several minutes after Frank shooed Julie away.
"
man_body1236,"Mackay thought the extreme looseness of the American command structure¡ªif such it could even be called¡ªwas extremely odd. But¡ª
"
man_body1237,"Everything about these Americans was extremely odd, when you came down to it. Yet there was no question that Michael and Frank had the final authority on any decisions. So, after a time, the two Scottish professional soldiers simply relaxed and¡ªto use one of those peculiar American expressions¡ª""went with the flow.""
"
man_body1238,"Others came also, to gather in the living room around Balthazar and Rebecca. The two doctors had remained, along with Morris Roth. Judith, now and again, would sit in on their discussion, but she was generally too busy providing food and drink for the soldiers. Rebecca offered to help in that chore, but Judith wouldn't permit it.
"
man_body1239,"""Melissa will be coming over, any moment,"" she explained. Smiling: ""I'll catch enough hell from her as it is, catering to the men the way I am. If she sees you doing it too¡ªyou're the National Security Adviser, remember?¡ªI'll never hear the end of it. Knowing Melissa, she'd probably start picketing my house.""
"
man_body1240,"Rebecca's look of incomprehension caused Judith to laugh. ""You never heard of women's lib, I take it?""
"
man_body1241,"Julie Sims was standing nearby, listening to the exchange. Judith smiled at her and said: ""Explain it, why don't you?""
"
man_body1242,"""Sure! Piece of cake!""
"
man_body1243,"Judith went off to the kitchen. Grinning, Julie gave Rebecca a pr¨¦cis on the subject of women's liberation. And if the eighteen-year-old girl's version of it would have caused the more doctrinaire advocates of women's lib to blanch, they certainly couldn't have complained about the enthusiasm of the presentation. By the time Julie finished, the look of incomprehension was gone from Rebecca's face. Her expression was now one of pure and simple shock.
"
man_body1244,"""You must be joking.""
"
man_body1245,""" 'Course not!"" was Julie's reply. A moment later, her eye drawn by someone on the street outside the window, Julie charged out of the house. Haltingly, Rebecca took a seat on the couch and began to listen to the conversation among the doctors.
"
man_body1246,"At first, her mind was elsewhere. Women's liberation? Absurd! But then, as she caught the drift of the discussion, all other thoughts were driven aside immediately.
"
man_body1247,"And, again, Rebecca's face must have shown her shock and disbelief.
"
man_body1248,"Her father smiled at her. ""Yes, daughter. This is what I was about to tell you when you first arrived. So¡ªwhat do you think of the proposal?""
"
man_body1249,"She was at a loss for words. Are they serious? But a glance at the two American doctors made clear that they were.
"
man_body1250,"It is unheard of! A medical partnership¡ªbetween gentiles and Jews?
"
man_body1251,"The older doctor, the one Rebecca had first thought to be a Moor, cleared his throat. ""You understand, Dr. Balthazar, that while you will be entitled to your full share of the proceeds¡ªone third of what the doctors take in, after the salaries of the nurses and other employees are paid¡ªthat you will still, in practice, be¡ªuh¡ª"" Nichols hesitated. He was obviously trying to be diplomatic. ""For a time, that is, not forever¡ªuh¡ª""
"
man_body1252,"Balthazar held up his hand. ""Please, Dr. Nichols!"" Rebecca's father leaned over and picked up a book lying on the table beside the couch. ""Dr. Adams was so good as to lend this to me yesterday. One of his many volumes on medicine¡ªa textbook, he tells me, from his days as a student.""
"
man_body1253,"Balthazar cradled the heavy tome on his lap, almost caressing it with his fingers. ""I have not been able to read much of it yet, I'm afraid. There are so many new words¡ªnot to mention new concepts¡ªthat each page must be studied carefully.""
"
man_body1254,"Rebecca stared at the cover of the book. The title was not what drew her attention, however. Something to do with introductory principles of medicine. Instead, her eyes were drawn to the names of the authors.
"
man_body1255,"George White, M.D. Harold O'Brien, M.D. Abraham Cohen, M.D.
"
man_body1256,"Cohen? Her eyes went to Morris Roth. The American Jew seemed to understand the question in her stare. So, at least, she interpreted his little smile and the nod which went with it. Yes.
"
man_body1257,"Her father was still speaking. ""¡ªso I understand fully that I will have to learn everything anew.""
"
man_body1258,"Dr. Adams shook his head. ""That's not true, Balthazar. Not even with regard to theory. Your notions about miasmas being the cause of disease are not that far removed from the truth. And your practical knowledge, in many ways, exceeds our own."" He shrugged. ""The truth is, I think you'll have much to teach us about the medications available in this time and place.""
"
man_body1259,"Nichols chuckled. ""I certainly hope so! Just to give one example, our supply of antibiotics will be gone soon, and we can hardly call up the pharmaceutical companies for more."" He made a sour face. ""Then what? Eye of newt? Bat's wings ground up with coriander?""
"
man_body1260,"Balthazar laughed. ""Please! I have always found that Avicenna's great Canon of Medicine has remedies for almost every malady. Many of them even seem to work.""
"
man_body1261,"Nichols and Adams were peering at him skeptically. Dr. Abrabanel spread his hands. ""Of course, you should examine the text yourself, before we prescribe anything."" Hesitantly: ""You do read Arabic?"" Seeing the expressions on the faces of the two American doctors, Balthazar shrugged. ""Well, no matter. I believe I have most of the Canon available in a Greek translation.""
"
man_body1262,"Nichols and Adams looked at each other. Adams coughed. Nichols looked like he was choking.
"
man_body1263,"""Dr. Abrabanel,"" asked Adams, ""just exactly how many languages can you read?""
"
man_body1264,"""Fluently?"" Rebecca's father wiggled his fingers. ""Not more than eight, I'm afraid. Nine, possibly, depending on how you reckon 'fluency.' Hebrew, Arabic and Greek, of course, those being the principal languages of medicine. Spanish and Portuguese are native to my family. And English now, naturally. I spent most of my life on the island. German, French."" Again, he wiggled his fingers. ""My Dutch is becoming quite good, I think. But it would be boasting to say it was fluent as yet.""
"
man_body1265,"He paused, thinking, running fingers through his well-groomed gray beard. ""Beyond that? I can manage Russian and Polish, with nontechnical matters. Italian and Latin, the same. I was concentrating on the Latin, actually, but I was forced to interrupt my studies due to the political state of affairs so that I could learn Swedish."" He frowned. ""It's a charming language, in its own way, but I almost hate to spend the time on it. There is nothing written in Swedish which is not already available in other tongues. Still¡ª"" He sighed. ""I felt it would be wise, given the role I was asked to play¡ª""
"
man_body1266,"He cut off abruptly and leaned forward, his face filled with concern. ""Dr. Nichols? Are you ill?""
"
man_body1267,"""No, no,"" gasped Nichols, waving his hand weakly. ""I am just¡ª"" Cough, cough.
"
man_body1268,"""Jesus Christ,"" whispered Adams. ""Almighty.""
"
man_body1269,"Rebecca leaned back in the couch. She managed¡ªsuccessfully, she thought¡ªto keep the pride and satisfaction from showing on her face. Much as she had come to like and admire these Americans, she could not deny the pleasure it gave her to see them¡ªfor once!¡ªabsent their usual smug complacence.
"
man_body1270,"Perhaps she was not as successful as she thought. Melissa Mailey marched in at that point, took one look at her, and demanded: ""What are you looking so pleased about?""
"
man_body1271,"Rebecca smiled. Demurely, she thought. Intended, at least. ""Oh, it just seems that my father is a more accomplished linguist than these other doctors. Whatever else he may lack.""
"
man_body1272,"""Well, of course!"" Melissa snorted. ""Americans are ignorant louts when it comes to language."" The schoolteacher planted her arms akimbo and gave Nichols and Adams the same glare which had cowed thousands of students over the years. ""What?"" she demanded. ""Did you think you were actually smarter than these people?""
"
man_body1273,"Then, spotting Judith scurrying from the kitchen with a plate of food in her hands, Melissa transferred the glare. ""And what's this? Two hundred years of progress gone down the drain?""
"
man_body1274,"The glare settled on Rebecca. ""You and I are going to have a talk, young lady. Soon.""
"
man_body1275,"The response was inevitable, inescapable. ""Yes, ma'am.""
"
