﻿¼üÖµ,Ô­ÎÄ,ÒëÎÄ
man_body4439,"Chapter 50
"
man_body4440,"""I don't like this,"" growled Gustav Adolf softly. He gave the letter in his hand a little flick of the fingers. ""Not in the least.""
"
man_body4441,"He raised his eyes and peered at Torstensson. ""Lennart, can you think of any good reason Bernard would be engaging in such maneuvers? That far to the south?""
"
man_body4442,"The young artillery general started to make some sarcastic remark¡ªwanted to admire his reflection in Lake Geneva¡ªbut restrained himself. He could sense that the king was genuinely concerned. He nodded toward the letter in Gustav's hand.
"
man_body4443,"""Axel has no suggestions?""
"
man_body4444,"Gustav shook his head. ""No. But he's worried, I can tell.""
"
man_body4445,"Standing on the walls of the redoubt which the Swedes had built where the river Rednitz entered N¨¹rnberg, Torstensson turned and stared to the northwest. The king copied the movement. Both men were groping in their minds, trying to visualize the terrain in the Rhineland. What could Bernard of Saxe-Weimar be thinking? There was no logical reason for him to have moved his troops as far south as Cologne.
"
man_body4446," 
"
man_body4447,"Their eyes passed over, but ignored, the huge complex of fortifications which surrounded the city. Most of those fortifications were crude earthworks, and most of them were new. Like the redoubt itself, they had been erected hastily over the past month.
"
man_body4448,"As soon as he entered the city on July 3, Gustav had used the labor of N¨¹rnberg's inhabitants to build those fieldworks. The citizens had not complained¡ªnot in the least. N¨¹rnberg had allied itself to the king of Sweden, and they were well-nigh ecstatic to see him make good on his promise: N¨¹rnberg will not be another Magdeburg.
"
man_body4449,"Gustav Adolf had arrived not a moment too soon. The huge army which Wallenstein had assembled in Bohemia was marching on the city. Sixty thousand strong, that army was¡ªthe largest force ever put into the field in the course of the long and brutal war. Tilly's Bavarian troops, now under the direct command of the Elector Maximillian, were marching to join him¡ªperhaps another twenty thousand men. And Pappenheim, whose Black Cuirassiers had spent the spring and early summer in Westphalia, was reported to be coming as well. Pappenheim's route was unclear, but the Swedes assumed he would take advantage of Gustav's withdrawal to N¨¹rnberg to march through Franconia. If so, N¨¹rnberg was threatened from three sides: Wallenstein from the northeast, Maximillian from the south, Pappenheim from the west. An army of one hundred thousand men was about to threaten N¨¹rnberg with the fate suffered by Magdeburg.
"
man_body4450,"While the inhabitants of the city frantically erected their fortifications, under the direction of the Swedish engineer Hans Olaf, Gustav had led his army back into the field. For days, the Swedes had maneuvered against the oncoming enemy forces, slowing their advance and buying time for N¨¹rnberg. But on July 10, at Neumarkt, the Bavarian and imperial armies had finally merged.
"
man_body4451,"Although he was outnumbered four to one, Gustav had continued to challenge Wallenstein to meet him in the open field. Wallenstein had declined. The Bohemian military contractor preferred the surer, if slower, methods of siege warfare. Steadily, surely, inexorably, his enormous army had moved into positions threatening the city. But, by then, the feverish program of fortifications had erected a new wall around N¨¹rnberg, replacing the inner walls of the city. Gustav's line of defense, hastily erected but well designed, was too large for even Wallenstein to surround.
"
man_body4452,"So, the Bohemian had been forced to ""besiege"" N¨¹rnberg by erecting what amounted to a ""counter-city."" Through the rest of July, Wallenstein's men had been set to work erecting a gigantic armed camp a few miles to the southwest of the city. Using the Bibert River as a central water supply, Wallenstein had erected fieldworks with a circumference of a dozen miles. The strong point in those fieldworks, directly facing the Swedes, was a wooded hill on the north. That hill was called the Burgstall. It rose some two hundred and fifty feet above the Rednitz river, flowing past its eastern slope. In effect, the Rednitz served as a moat, and the wooded hill was capped by an ancient ruined castle named the Alte Veste. Wallenstein had turned the Alte Veste and the entire Burgstall into a fortress. Palisades and ditches sprouted like mushrooms on the hill, with clear lines of fire for the heavy guns positioned on its slopes.
"
man_body4453,"Then¡ªnothing. Time after time, Gustav had sallied from N¨¹rnberg, challenging Wallenstein to open battle. Wallenstein declined. ""There has been enough fighting,"" he told his generals. ""I will show them another method.""
"
man_body4454,"Cold-blooded like no man of his time, Wallenstein's method was simple. Hunger and disease, soon enough, would strike both armies. Men would die in the thousands, and then the tens of thousands¡ªand he had a lot more men than the king of Sweden.
"
man_body4455," 
"
man_body4456,"""Treason,"" whispered Gustav. ""It can only be treason.""
"
man_body4457,"Torstensson frowned. He detested the younger duke of Saxe-Weimar, true. But¡ªtreason?
"
man_body4458,"""I can't¡ª"" The young general hesitated. ""I'm afraid I can't see the logic of that, Your Majesty."" He pointed to the west. ""It's true that Bernard's left the door open for the Spaniards, if they choose to come through. But even if that's his purpose, what's the point? The Lower Palatinate is still blocked. For a Spanish army to threaten us, they'd have to¡ª"" He stumbled to a halt, his eyes widening.
"
man_body4459,"The king nodded. ""March through Thuringia,"" he concluded grimly. ""Which, of course, would be an incredibly roundabout way of threatening N¨¹rnberg. But what if they have no intention of coming this far? What if, Lennart, their purpose is not to march through Thuringia, but simply to attack it?""
"
man_body4460,"Torstensson's head swiveled. He was staring north, now, instead of west. ""Maybe,"" he mused. ""That, at least, would make Bernard's maneuvers sensible¡ªassuming he is committing treason."" Torstensson squinted. ""But, even so¡ªwhat's the point?""
"
man_body4461,"The artillery general's shoulders twitched. The gesture was more an expression of exasperation than a shrug. ""I have never seen the Americans in action. But judging from every report we've gotten¡ªand I've heard Mackay myself¡ªthey can shatter any army which comes at them directly. Especially those hide-bound Spanish tercios.""
"
man_body4462,"The king snorted. ""Yes. But ask yourself this, Lennart¡ªhas anyone told the Spaniards?""
"
man_body4463,"Now, Torstensson's eyes were very wide. Like all of Sweden's top commanders, Torstensson was privy to the complex and tortuous diplomatic maneuvers which his king had been forced to engage in over the past two years.
"
man_body4464,"""Richelieu,"" he murmured.
"
man_body4465,"Gustav nodded. ""That would be the conduit, sure enough. Richelieu has the money, and the patronage, to offer Bernard an exceptional price for turning his coat. Alsace, probably, to replace his precious Thuringia. Or Lorraine. A word to the Spanish¡ªwho have been chafing to get into Germany for years, on any pretext¡ªand there we have it. An open road for a Spanish army from the Low Countries to strike at Thuringia.""
"
man_body4466,"""But Richelieu's been trying to keep the Spanish out of Germany since he took office,"" protested Torstenson. The protest was feeble, however. The quick-witted artillery general was already working through the logic. He began stroking his beard, thinking aloud: ""Hostility to Spain has been the keystone of his foreign policy, true enough. But now that your position in central Europe has become so strong, he may be thinking of a counterweight.""
"
man_body4467,"""Precisely. And ask yourself¡ªwhy has my position grown so strong?"" Gustav made a little dismissive gesture with his hand. ""Not my army. Richelieu is a money man, not a soldier. To him, bullion rules the world.""
"
man_body4468,"Torstensson's beard stroking grew vigorous. ""Yes. Yes. Thuringia's the key to that, too. As long as the Americans hold it firmly, we have a secure logistics base and a reliable source of cash. It's made us completely independent of any foreign pursemasters."" His lips pursed. ""Well¡ªit will, I should say. Take a few months before everything settles in. But Richelieu is a man to think ahead, if ever one lived.""
"
man_body4469,"He dropped his hand from the beard and turned to face his king squarely. ""But I still don't see what Richelieu hopes to accomplish. Unless he simply wants to see a Spanish army battered and bleeding.""
"
man_body4470,"Gustav grinned humorlessly. ""He certainly wouldn't lose any sleep over that."" The king shrugged. ""I don't understand the logic myself, Lennart. But I can smell it. Something's up.""
"
man_body4471,"He paused for a few seconds. Then, slowly, a wicked smile began spreading across his face. His blue eyes seemed to dance and sparkle.
"
man_body4472,"""The very thing!"" he exclaimed. He planted his hands on his hips and, grinning now, said to Torstensson: ""I believe we should send a small expedition to Thuringia to investigate. And I know just the man to lead it!""
"
man_body4473,"Torstensson frowned. ""Who? One of the Scottish colonels? Or perhaps¡ª"" The meaning of that wicked gleam in his king's eye finally registered. Torstensson's own eyes almost bulged. ""Not¡ª""
"
man_body4474,"""The very man!"" cried the king gaily. ""Captain Gars!"" He clapped his hands. ""He'll be ecstatic at the prospect, too¡ªI can assure you of that. Captain Gars is every bit as sick of this miserable siege as I am. And there's plenty of time for him to go and come back before anything happens.""
"
man_body4475,"The king turned his head and glared at the distant Burgstall. ""You know as well as I do, Lennart, that Wallenstein has no intention of offering me battle. That spider intends to just sit there¡ªfor months, if need be¡ªwhile everyone dies around him. He counts men like a spendthrift counts coin.""
"
man_body4476,"Again, he clapped his hands. ""Yes! Plenty of time for Captain Gars to carry out the task. More than enough.""
"
man_body4477,"Torstensson was scowling ferociously, now. ""Your Majesty,"" he protested, ""you haven't used Captain Gars for anything of that nature in years!""
"
man_body4478,"The king matched the scowl with one of his own, even more ferocious. ""What?"" he demanded. ""Are you saying you have no confidence in the man?""
"
man_body4479,"Torstensson started. ""Well¡ªno. Of course not!""
"
man_body4480,"The king's gaiety returned. ""Done, then!"" He gave Torstensson's shoulder a hearty pat. ""Done! Captain Gars it is.""
"
man_body4481,"The decision made, Gustav moved at once. He turned to his bodyguard, Anders J?nsson. ""You heard?""
"
man_body4482,"Stolidly, J?nsson nodded. The king continued: ""Get Captain Gars a cavalry detachment, Anders. A good one. The captain is partial to the V?stg?ta, as you know. And make sure he has plenty of Finns and some Lapps.""
"
man_body4483,"Gustav grinned cheerfully. ""And I do believe I'll assign you to the captain as well, Anders."" He waved a thick hand in the direction of N¨¹rnberg. ""There obviously won't be any danger to me, in the midst of these great fortifications. Will there?""
"
man_body4484,"Stolidly, J?nsson shook his head.
"
man_body4485,"""Excellent,"" said the king. He began walking away briskly, heading for the stairs leading down from the redoubt. Almost bouncing with enthusiasm, it seemed. Over his shoulder: ""Captain Gars will be so delighted!""
"
man_body4486,"When he was gone, J?nsson and Torstenson stared at each other.
"
man_body4487,"""Captain Gars,"" muttered J?nsson. ""Wonderful.""
"
man_body4488,"Torstensson's expression was a mix of concern and amusement. ""Do take care of him, Anders, will you?""
"
man_body4489,"The response was stolid, stolid. ""That madman? Impossible.""
"
