﻿¼üÖµ,Ô­ÎÄ,ÒëÎÄ
man_body461,"Chapter 5
",第五章
man_body462,"The hidalgo did not stay in the carriage for long. Two minutes, perhaps. Rebecca was not certain. Several of his men came up the carriage. There was a rapid exchange of words. Rebecca could not understand much of it, partly because of the accent and partly because they were using terms unfamiliar to her. Odd, that. Rebecca had been born and raised in London. She had thought herself familiar with every flavor of the English language.
",这位伊达尔戈并没有在马车里停留很久。大概就待了两分钟。瑞贝卡不是特别确定。他的同伴们也有上来马车的。他们似乎激烈地交谈着什么。她没有听懂对话的内容，部分是因为他们的口音，部分是因为他们使用了太多她不熟悉的词汇。这太奇怪了。瑞贝卡生于伦敦，长于伦敦。她原以为自己熟悉英语的每一种口音。
man_body463,"But she understood the gist of their discussion. And that, too, she found peculiar. The hidalgo and his men seemed puzzled, as if they were disoriented by their location. They were also confused, apparently, as to what course of action to pursue.
",但是她弄明白了对话的大意。他们讨论的事和他们说的话一样奇怪。伊达尔戈和他的手下似乎迷路了，对他们自身的处境感到很困惑。他们不知道下一步该如何走。
man_body464,"Strange, strange. Again, fear began to creep into Rebecca's heart. The hidalgo's men, for all that they clearly respected him and sought leadership, were not addressing him as a nobleman. That meant, despite his courtesy of manner, that he must be a leader of mercenaries. A bastard son of some petty baron, perhaps, from one of England's provinces. That would explain the accent.
",奇怪，太奇怪了。恐惧又一次攥住了瑞贝卡的心脏。伊达尔戈的同伴们，很明显他们非常尊敬并且服从于他，却并没有用贵族的头衔来称呼他。难道——尽管他彬彬有礼——他一定也是个佣兵头子——又或许他是个某个男爵的私生子，来自某个英格兰省份，这样他那古怪的口音也就说的通了。
man_body465,"Rebecca shrank back in her seat. Mercenaries were vicious, everyone knew it. Criminals in all but name. Especially here, in the Holy Roman Empire, which had been given over to the flames of war.
",瑞贝卡缩起四肢，仿佛要钻进椅子里。所有佣兵都很坏，所有人都知道这点。特别是在硝烟四漫的神圣罗马帝国境内，佣兵和罪犯除了名字以外，没什么不同。
man_body466,"Her eyes flitted to her father. But there was no comfort to be found there. Her father was fighting for his life. The Moorish physician was holding him up and giving him some small tablets from the vial he had taken out of his box. Rebecca did not even think of protesting the treatment. The black doctor exuded an aura of competence and certainty.
",她把目光移向父亲。但是那边的情况不容小觑。父亲正在鬼门关挣扎。那个摩尔人医生正把他扶起来，好将小瓶中的药片送入他嘴中。瑞贝卡没有质疑医生。这位黑人医生显然知道自己在做什么。
man_body467,"The hidalgo came back to the carriage. Timidly, Rebecca turned her head toward him.
",那位伊达尔戈回到马车内。丽贝卡拘谨地转过身看向他。
man_body468,"Relief. There was still nothing in his eyes but friendliness. That, and¡ª
",“放轻松。”他的眼神还是充满友善，不过——
man_body469,"She found herself swallowing. She recognized that look. She had seen it before, in Amsterdam, from some of the more confident young men in the Jewish quarter. Admiration; appraisal. Desire, even, veiled under courtesy.
",瑞贝卡不自觉地咽了口唾沫。她觉得这种眼神似曾相识，如同阿姆斯特丹犹太区里那些自信的年轻人的眼神一般。眼神中有敬佩，有赞赏，还有一丝潜藏在礼貌外表下的想入非非。
man_body470,"But, after a moment, she decided there was no trace of lust. At least, she thought not. Lust was not something Rebecca was really familiar with, except the flowery version of it which she had found in some of her father's books. The romances which she tucked into great tomes of theology, reading in the library of their house in Amsterdam, so that her father might not notice her unseemly interest.
",不过，她很快确认了眼神之中并没有性的意味。至少，她觉得没有。瑞贝卡对性的认识完全来自于一些过于文学化的描述。她曾在父亲的藏书中翻出过一些浪漫作品。为了不让父亲发现她这不太得体的阅读兴致，她把这些书埋进了大部头的神学著作中，并且只在阿姆斯特丹家中的图书室内阅读
man_body471,"She felt a flash of pain, remembering that library. She had loved that room. Loved its quiet, its repose. Loved the books lining every wall. Her father's mind lived in the past, and tended to be disdainful of the present. But for one modern device her father had nothing but praise¡ªthe printing press. ""For that alone,"" he was wont to say, ""God will forgive the Germans their many crimes.""
",一想起那间令她十分中意的图书馆就让她心痛。那份宁静，那份安憩，那些让码放整齐的书架占据了所有空间的墙壁。她父亲总是厚古薄今，觉着过去什么都好。但是有一样现代物件能得到这位老古董的称赞——那就是古登堡印刷机。他总是这样说，“就凭着印刷机这样发明，上帝能宽恕德国佬犯下的诸多罪行。”
man_body472,"And now here they were, in the land of the Germans. Adrift in time of war, seeking shelter in the eye of the storm. Or so, at least, they had hoped. She would never see that library again, and for a moment Rebecca Abrabanel grieved the loss. Her childhood was gone with it, and her girlhood too. She was twenty-three years old. Whether she wanted them or not, the duties of a grown woman had fallen upon her shoulders.
",所有的这些美好，都被留在了神罗境内。在战争的狂风巨浪中，只能在暴风眼中找到庇所。他们是这样希望的。想到再也见不到那间图书馆，瑞贝卡伤心了一会儿。一起被留下的还有她的童年和她少女时的回忆。无论她是否愿意，二十三岁的瑞贝卡必须要担起一个成年女性的责任。
man_body473,"She straightened those shoulders, then, summoning determination and courage. The motion drew the hidalgo's eyes. The admiration lurking within those blue orbs brightened. Rebecca didn't know whether to cringe or smile.
",她挺直肩膀好让勇气和决心回到身体里。这动作吸引了伊达尔戈的目光。他纯蓝的眸子下显出了些许敬佩。瑞贝卡不知道该笑还是该感到难堪。
man_body474,"As it happened, she smiled. And did not, somehow, find that unthinking reaction strange.
",最终，她选择了微笑。她觉得这样回应比较自然。
man_body475,"The hidalgo spoke. His words came clipped, full of peculiar contractions and idioms. Automatically, Rebecca translated into her own formal English.
",伊达尔戈开口了。他的话好似粘连在一起，满是独特的缩写和方言。瑞贝卡把他的话自动转成她所知道的英语。
man_body476,"""With your permission, ma'am, we need to use your carriage. We have injured people we must get to proper medical treatment.""
",“如果您允许，女士，我们需要使用您的马车。我们有伤员需要得到及时的治疗。”
man_body477,"""And quickly,"" muttered the Moor, still crouched on the floor next to her father. ""I've given him some¡ª"" aspiring? Rebecca did not understand the word.
",“得马上，”摩尔人蹲在她父亲身旁轻声道。“我会给他服一些‘抱负’。”抱负（阿司匹林）？瑞贝卡没有理解这个词。
man_body478,"The hidalgo's eyes moved to the chests and crates piled on the other side of the carriage's interior. ""We'll have to remove those, to make room.""
",伊达尔戈把目光移向了堆在车厢另一边的箱子。“我们必须把这些东西卸下，来让出些地儿给伤员。”
man_body479,"Rebecca started. Her father's books! And the silver hidden within!
",瑞贝卡心里嘀咕道，那可是她父亲的书啊！里面还藏着银子呢！
man_body480,"She stared at the hidalgo. As he recognized her fear, she thought to see a flash of anger. But if so, it was gone in an instant.
",她盯着伊达尔戈，她生怕伊达尔戈察觉到她的害怕。瑞贝卡觉得有一丝怒意闪过伊达尔戈的脸上，好在它没有停留下来。
man_body481,"The hidalgo's large hand tightened on the carriage door. His right hand, she noted idly. One of the knuckles was split, scabbed over with blood. An injury from the battle?
",伊达尔戈的大手紧抓着马车的门。瑞贝卡不经意注意到，他右手的一个指关节破了口子，手背布满着血痂。他在战斗中受伤了？
man_body482,"But it was his face that she was concerned with. The hidalgo looked away for a moment, scanning the distance. His jaws seemed to tighten. Then, with a faint sigh, he turned back to her.
",瑞贝卡更担心的是他的脸。伊达尔戈把脸转开了一会儿，扫视着远处周遭。他似乎神情严肃，然后轻叹一声，转过头来。
man_body483,"""Listen to me, lady."" Pause. ""What is your name?""
",“听我说，女士。”他停了一下，“您叫什么名字？”
man_body484,"""Rebecca¡ª"" She hesitated. ""Abrabanel."" She held her breath. Of all the great family names of Sepharad, Abrabanel was the most famous. Notorious.
",“瑞贝卡——”她犹豫了一下，“——阿布拉巴内尔。”她紧张地屏住呼吸。在所有知名的塞法迪犹太人家族中，阿布拉巴内尔家族是最出名的。只不过是恶名。
man_body485,"But the name, apparently, meant nothing to the hidalgo. He simply nodded, and said: ""Pleased to meet you. My name is Mike Stearns.""
",不过好在，这个名字似乎没有引起伊达尔戈什么反应。他只是点了点头说道，“很高兴见到您。我是迈克·斯特恩斯。”
man_body486,"Mike? Then: Oh. It's those bizarre contractions again. Michael.
",迈克？哦，原来又是他们古怪的简称。迈克尔。
man_body487,"The hidalgo flashed a smile. Then, as quickly as it came, the smile vanished. His face became stern and solemn.
",伊达尔戈笑了一下。接着，就如同它来的一样，笑容迅速的消失了。他的表情变得严厉而冷峻。
man_body488,"""Listen to me, Rebecca Abrabanel. I do not know what this place is, or where we are. But I do not care."" Fiercely: ""Not one damn bit. As far as I am concerned, we are still in West Virginia.""
",“听我说，瑞贝卡·阿布拉巴内尔。我不知道这是什么地方，也不知道我们在哪里。但我不在乎。”他凶狠地说道：“一点也不在乎！就我个人而言，我们仍在西弗吉尼亚州。”
man_body489,"Rebecca's mind groped at the name. West¡ªwhat?
",瑞贝卡脑中搜寻着这个名字。西——哪里？
man_body490,"The hidalgo did not notice her confusion. His eyes had left her for a moment. Again, he was scanning the countryside around them. His look was fierce. Fierce.
",伊达尔戈没有注意到她的困惑，他的视线离开了她一会。他又一次巡视他们周围的村庄。他看上去很凶狠。非常凶狠。
man_body491,"Growling, now, almost snarling: ""You¡ªand your father¡ªare under the protection of the people of West Virginia."" His eyes moved to his men, clustered nearby. They were watching him, listening to him. The hidalgo's jaw tightened. ""Specifically,"" he stated, ""you are under the protection of the United Mine Workers of America.""
",几乎是咆哮着，字眼从他的喉咙中奔腾而出：“你——还有你的父亲——现在处于西弗吉尼亚人民的保护之下！”他又看向他周围的手下们，他们也在看着他，听着他讲话。伊达尔戈紧紧咬着下巴。“更具体地说，”他用宣告的语气讲到，“你们处于美国矿工联合会的保护之下！”
man_body492,"Rebecca saw the hidalgo's men lift their shoulders, swelling their own determination and courage. Their sleek, delicate-looking weapons gleamed in the sunlight.
",瑞贝卡看到伊达尔戈的手下们高高地举起他们的手，宣示着他们的决心和勇气。他们精巧绝伦的武器在阳光下闪着光。
man_body493,"""Damn straight!"" barked one of the younger men. He cast his own hawk glare at the countryside.
",“说的真是太他娘的对了！”一位年轻的手下吼道。他的目光如鹰一般锐利，虎视着四周。
man_body494,"Rebecca was heartened by that reaction, but her confusion deepened. America? Her jaw grew slack. There are almost no English in America. True, that little wretched colony of theirs is called Virginia, if I remember correctly. But America is¡ª
",瑞贝卡深深地被这番话语和他手下们的反应所鼓舞。但是这也加深了她的不解。阿美利加？她的下巴似乎惊到了地上。阿美利加可几乎没有英国人啊！我确实记得英国在那里有一块小得可怜的殖民地就叫做弗吉尼亚，但阿美利加是——
man_body495,"Hope flared. Spanish, of course. But Sephardim are there too. Since the Dutch took Brazil, eight years ago, America has been a refuge. My father told me there is even a synagogue in Recife.
",希望燃起了。肯定是西班牙人。塞法迪犹太人也一定在那里。自从八年前荷兰人夺去了巴西，阿美利加就成为了新的避难所。父亲曾告诉我在累西腓那里甚至都有了犹太教堂。（译者注：累西腓 巴西东北部沿海城市，又称“海息飞”，于1537年3月12日落成。一开始是渔民和葡萄牙水手的停留点。）
man_body496,"Rebecca stared at the hidalgo. Was he a hidalgo? She was completely adrift, now. Her mind groped for reason and logic.
",瑞贝卡盯着那位伊达尔戈。他真的是一位伊达尔戈（贵族）吗？她现在一点也不确定了。她想尽力地摸出些线索。
man_body497,"Her confusion must have been apparent. The hidalgo¡ªMichael, think of him as Michael¡ªchuckled. ""Rebecca, I am just as puzzled as you seem to be.""
",她的表情出卖了她的困惑。那位伊达尔戈——迈克尔，姑且先叫他“迈克尔”吧——低声轻笑着，“瑞贝卡，我现在和你一样摸不着头脑。”
man_body498,"The brief moment of humor passed. Severity returned to his face. Michael leaned forward, placing both hands on the open window of the carriage. ""Where are we, Rebecca? What place is this?""
",在短暂的幽默过后，严肃的神情又占据了迈克的脸庞。他身体向前一顷，把双手靠在马车开着的窗户上。“瑞贝卡，我们在哪里？这里是什么地方？”
man_body499,"Her eyes went past his shoulders. She could not see much, they were so wide. ""I am not certain,"" she replied. ""Thuringia, I think. Father said we had almost reached our destination.""
",她看向伊达尔戈身后的地方，他身后围着他的手下们，所以她的视线被阻挡了。“我也不确定”，瑞贝卡回答说，“可能是图灵根附近的某个地方。父亲说快到目的地了。”
man_body500,"Michael's brows furrowed. ""Thuringia? Where is that?""
",“迈克尔”皱起眉头，“图林根？在什么地方呢？”
man_body501,"Rebecca understood. ""Oh, of course. It's not well known. One of the smaller provinces of the Holy Roman Empire."" His brows were deep, deep. ""Germany,"" she added.
",瑞贝卡明白，“哦，当然，图林根是神圣罗马帝国内的一个小省份，知道的人不多。”他的眉毛皱的更紧了。“就是俗称的德国。”她解释道。
man_body502,"His eyes grew wide, almost bulged. ""Germany?"" Then, half-choked: ""Germany?""
",他惊讶地瞪起眼睛，“德国？！”他几乎被自己呛到，“德国！？”
man_body503,"Michael turned his head, staring at the landscape. ""Rebecca, I've lived in Germany. It's nothing like this."" He hesitated. ""Oh, I suppose the countryside's a bit the same. Except for being so¡ªso raggedy-looking."" He frowned, pointing a finger at the corpses still lying in the farmyard. ""But there are no men like this in Germany.""
",“迈克尔”转过头去，看向四周。“瑞贝卡，我在德国待过一阵子，这里一点也不像德国。”他有些犹豫。“虽然乡下都差不多，但也不能这么——破烂啊。”他眉头紧皱，手指指向农舍旁散落在地上的尸体。“我也肯定德国人一定不是他们这个样子。”
man_body504,"Michael barked a sudden laugh. ""God, the Polizei would round them up in a minute! Germans love their rules and regulations."" Another barked laugh. ""Alles in ordnung!""
",“迈克尔”突然放声大笑，“老天，Polizei一定分分钟就把他们围了！德国人太喜欢他们那些条条框框的规矩了。”他的一个手下打趣道，“一切都井然有序！”(译者注： Polizei，德语，意为警察。)
man_body505,"Rebecca's own brows were furrowed. ""Alles in ordnung?"" What is he talking about? Germans are the most unruly and undisciplined people in Europe. Everybody knows it. That was true even before the war. Now¡ª
",这回轮到瑞贝卡皱起眉头了。“一切都井然有序？他在说些什么！人尽皆知，德国佬的不讲规矩和散漫在整个欧洲都是排第一的，他们在战前就是如此了，更别说现在——”
man_body506,"She shuddered, remembering Magdeburg. That horror had taken place less than a week ago. Thirty thousand people, massacred. Some said it was forty thousand. The entire population of the city, except the young women taken by Tilly's army.
",这不禁让她回想起马格德堡。就在不到一周前，有大约三万人甚至传言是四万人在那里死于屠杀。恐惧让她开始颤抖。整座城市的居民，除了那些被提里伯爵的军队掳走的年轻女性外，全部罹难。
man_body507,"Michael's blue eyes were suddenly dark with suspicion. No, not suspicion. Surmise.
",“迈克尔”的眼神好像暗下去了一点，他的目光中有些怀疑。不，不是怀疑，是一个猜测。
man_body508,"""Guess not, huh?"" He shook his head, muttering. ""Later,"" she thought he said. ""Deal with it later, Mike. For now¡ª""
",“也许真是这样？”他摇了摇头，自言自语道。“迈克，现在不是说这个的时候，现在紧要的是——”她这样听到别人喊他。
man_body509,"There was a shout. Several. Michael pushed himself away from the carriage, looking toward the woods. Rebecca leaned forward, craning her neck.
",有好几个人在大喊。迈克尔站的离马车远了些，朝树林中望过去。瑞贝卡俯身向前，伸长了脖子。
man_body510,"Many more men were coming out of the woods. For an instant, Rebecca was paralyzed with fear. But seeing the odd costumes and weapons, she relaxed. More of Michael's men. More of these¡ªAmericans?
",有好多人，越来越多的人从树林中走过来。有那么一瞬间，瑞贝卡被吓瘫了。不过定睛一看，那些人也穿着古怪的衣服，拿着同样怪异的武器，这下她安心了。是迈克尔的人，更多的——阿美利加人？
man_body511,"Then Rebecca saw the first women coming through the trees, their faces filled with worry and concern. Like a child, she burst into tears.
",接着，瑞贝卡看到，还有女人从树林中走了出来，她们的脸上都挂着担忧与不安。她突然像个孩子一样放声哭出来。
man_body512,"Michael. And women.
",迈克尔，还有女人。
man_body513,"Safe. We are safe.
",安全了。我们安全了。
man_body514," 
", 
man_body515,"For Rebecca, the rest of that day¡ªand the next, and the next, and the next¡ªpassed in a daze. She was lost in legends not even Sepharad had ever dreamed. All she ever remembered were glimpses and flashes.
",对于瑞贝卡来说，接下来的几天时光让她终生难忘。她所见到的光景就是在真正的塞法拉德都看不到。她现在所能回忆起的，只有些光怪陆离的残像。
man_body516," 
", 
man_body517,"Bizarre vehicles, not drawn by anything other than a roar from within. But those roars, soon enough, she understood to be machinery. She was more fascinated by the speed of the vehicles¡ªand still more by the smoothness of their progress. A carriage traveling at that speed would have been shaken to pieces. The secret was only partly contained in the incredible perfection of the road itself. There had also been¡ª
",前面没有任何牲口拉着的奇怪交通工具只要内部发出吼声就可以向前行驶。不过很快，她就理解了这些吼声的来源是机械而非生物的。更令她着迷的是这些车辆跑起来的速度——还有行驶时那不可思议的平稳。一辆马车还没跑到这个速度估计就被颠散架了。平稳行驶的秘密可能不光是地上那平坦的令人难以置信的路面，一定也因为——
man_body518,"When she climbed out of the vehicle, in front of a huge white-and-beige building, curiosity overcame concern for her father. She stooped to examine the vehicle's wheels. Odd-looking, they were. Small, squat, bellied¡ªalmost soft-looking. She poked the black substance with a finger. Not as soft as she thought!
",当她勉强从车上爬下来时，映入眼前的是一栋米白色的建筑物。此时，她的好奇心甚至让她忘掉了对父亲的担忧。她弓起腰好来仔细看看这车的轮子。样式奇怪，又小又矮，侧面鼓起——表面看起来似乎是柔软的。她用手指戳了戳黑色物质的表面。比她预想中的要硬上不少！
man_body519,"""What is that?"" she asked the hidalgo. He was leaning over her, smiling.
",“这是什么呢？”她问伊达尔戈。他微笑着，也俯身过去。
man_body520,"""Rubber. We call those 'tires.' ""
",“橡胶。我们管这个叫‘轮胎’。”
man_body521,"She poked it again, harder. ""It is filled with something. Air?""
",她又更用力地戳了戳轮胎。“里面填充了什么东西，是空气吗？”
man_body522,"The smile remained as it was. But the hidalgo's eyes seemed to brighten. ""Yes,"" he replied. ""That's exactly right. The air is¡ªah, pumped¡ªinto them at high pressure.""
",伊达尔戈保持着微笑，眼睛中似乎放出一道光。“是的，”他回答道，“非常正确，空气是被——怎么说呢，泵入——用很高的气压泵入进轮胎的。”
man_body523,"She nodded, and looked back at the tire. ""That's very shrewd. The air acts as a cushion."" She looked back up at him. ""No?""
",她点了点头，又把目光移回到轮胎上。“这可真是高明，里面的空气就像一个垫子。”瑞贝卡回头看向迈克，“是这样吗？”
man_body524,"There was no reply. Just a pair of bright blue eyes, staring at her intensely. Very wide, too, as if he were surprised by something.
",他没有立即回复。只有他的眼睛，似乎带着些惊讶，紧紧地盯着她。
man_body525,"What? she wondered.
",瑞贝卡不知道发生了什么。
man_body526," 
", 
man_body527,"Into a room now, buried somewhere within the labyrinth of that huge building. The building was a school, she realized. She had never heard of a school so big.
",瑞贝卡走进了房间。这房间深深地躲藏在一栋宛如迷宫般的巨型建筑物中。这是一所学校。她从未听说过有哪所学校能如此巨大。
man_body528,"The equipment was odd, dazzling. Rebecca realized that she was in the presence of a people who were master mechanics and craftsmen¡ªfar more so, even, than the burghers of Amsterdam.
",那些奇怪的设备令人眩目。瑞贝卡意识到，她周围的这这些人都非常精通机械和工艺——远远胜过阿姆斯特丹的工匠们。
man_body529,"But she had no time to wonder. The room was filled with people, urgently moving furniture and equipment aside in order to create a makeshift hospital. The badly injured farmer and his wife were being attended by several women. The doctor was easing her father onto a table covered with linen and removing his clothing. There was a rapid exchange of words between him and the women. Rebecca couldn't follow the conversation. Too many of the words were unknown to her. But she understood the meaning of the womens' head-shaking. Whatever the doctor wanted was not available. She saw his black face tighten grimly.
",但是她没有时间多想。房间里摩肩擦踵，人们匆忙地搬动家具和设备，好把这里改造成一个临时医院。那位受了重伤的农民和他的妻子正在被几位女士护理。医生正小心翼翼地把她父亲移动到一张铺着亚麻布的桌子上，然后脱去他身上的衣物。那位医生语速飞快地与他身旁的女士交谈着，瑞贝卡没有听懂他们的对话。几乎都是完全陌生的词语。但她明白那女士摇头的意思，那医生向她要的东西她都没有。她看到医生的黑脸绷得紧紧的。
man_body530,"Despair washed over her. She felt the hidalgo's arm go around her shoulder. Unthinkingly, again, she leaned into that comfort. Tears began filling her eyes.
",绝望涌上她的心头。她发觉那位伊达尔戈抱住了她的肩头。她，没有多想，直接靠进这慰藉的拥抱。眼泪夺眶而出。
man_body531,"The doctor saw her face and came over to her, shaking his head. ""I think he will survive, Miss¡ªah¡ª""
",医生注意到她的脸，于是走了过来，摇着头说道：“我觉得他能挺过来，女士——小姐——”
man_body532,"""Abrabanel,"" said the hidalgo. Rebecca felt a moment's surprise that he had remembered the name.
",“阿布拉巴内尔，”伊达尔戈说道。瑞贝卡对于他能记住自己的姓氏而感到惊奇。
man_body533,"The doctor nodded. ""Yes. I think your father will live. But¡ª"" He hesitated, making vague gestures with his hands. As if groping for something. ""We do not have the medication that I wanted most. The""¡ªagain, that strange term: clot-busting?¡ª""drugs.""
",医生点了点头。“是的，我认为你的父亲能够活下来，但是——”他有些犹豫地顿了顿，并用手比划了一些莫名其妙的东西，就好像在寻找什么。“我们没有现在最急需的药物，就是那个——”又是那个奇怪的词汇，“——能够摧毁黏土块的药品。”（译者注：血栓爆破(clot-busting)药物）
man_body534,"The Moor sighed. ""He will lose some of his heart capacity. But I have sent people into town to get""¡ªshe recognized the Greek term beta; not the rest; and there was a substance he called niter-something. ""That will help.""
",这个摩尔人叹了口气。“他会失去一些心肌功能。但是我已经派人去镇子上取——”除了希腊字母“贝塔”，剩下的她都没听懂。他又提到了一种叫做奈特——什么的物质。“那种药物也能帮到他。”
man_body535,"Hope flared. ""He will live?""
",希望又被点燃。“他能活下去吗？”
man_body536,"""I think so. But he will be incapacitated for some time. Days, possibly weeks. And will have to be very careful thereafter.""
",“我是这么认为的。但他会丧失行动能力一段时间。也许是几天，也许是几周。就算能下床了也必须非常小心。”
man_body537,"""What can I do?"" whispered Rebecca.
",“我能做什么？”瑞贝卡小声地问道。
man_body538,"""For the moment, nothing."" The Moor turned away and went to the farmer. A moment later he was back at work, surrounded by assistants. She saw that he was going to suture the man's wounds, and was deeply impressed by his obvious skill and confidence. She felt her anxiety begin to lift. Whatever could be done for her father would be done.
",“目前来说，没有。”摩尔人转身走向了受伤的农夫。过了一会儿他开始工作了，身旁为了一圈又一圈的助手。瑞贝卡看到他正要缝合那男子的伤口，不禁被他娴熟的技艺与自信所震撼。她的焦虑慢慢消散了。能为他父亲做的都已经做了。
man_body539," 
", 
man_body540,"The room was now packed with people. Rebecca realized that she was in their way and edged to the door. A moment later, unprotesting, she allowed the hidalgo to lead her out of the room. Out of the room, down a long corridor, down another, into a library.
",房间里现在挤满了人。瑞贝卡意识到自己只是在碍事，于是尝试慢慢向门口挪动。过了一会儿，她毫无怨言地让伊达尔戈领着她出了房间。出了房间，穿过一条长长的走廊，再穿过一条长长的走廊，就来到了图书馆。
man_body541,"She was stunned by the number of books. There were many young people gathered in the library, talking excitedly. Most of them were young women¡ªgirls really. Rebecca was amazed to see so many prostitutes in a library, wearing clothing more immodest than any permitted even in Amsterdam's notorious brothel district.
",瑞贝卡惊叹于藏书的数量。这里聚集着许多年轻人，激动地讨论着什么。他们中许多人都是年轻的女子——准确地说是女孩。图书馆中竟会有这么多的妓女，她们的衣着比阿姆斯特丹最臭名昭著的红灯区里面的妓女还要放荡。这使得瑞贝卡大为吃惊。
man_body542,"She glanced up at the hidalgo. Odd. He seemed to take no notice of the girls.
",她看了看伊达尔戈。奇怪，他似乎不为这些女孩所动。
man_body543,"They are not prostitutes, Rebecca realized immediately. That scandalous show of bare leg is simply their custom.
",瑞贝卡立即意识到，她们不是娼妓。那些恬不知耻、裸露在外的大腿只不过是她们的习俗罢了。
man_body544,"She pondered the matter, as the hidalgo gently steered her onto a couch. ""I will be back in a moment,"" he said. ""First I have to make a""¡ªgarble¡ª""call, in order to arrange for you and your father. They've got the""¡ªgarble¡ª""system working again.""
",正当她在思索此事时，伊达尔戈绅士地把她领到了一张长沙发前。“我一会儿就回来，”他说。“我得先打一个——不理解的词汇——喊叫，好来安排你和你父亲。他们已经让——又是不能理解的词汇——’合并导致‘重新工作了起来。”（译者注：指电话）
man_body545,"He was gone for a few minutes. Rebecca pondered the strange term he had used. She recognized the Greek prefix ""tele."" A long call? she wondered. No. Distant.
",迈克离开了几分钟。瑞贝卡咀嚼着他刚刚提到的几个奇怪词汇。她认得词汇的希腊前缀，“tele-”，跨度大的，距离遥远的。嗯，一次漫长的喊话？瑞贝卡还是感到不解。不对，应该是指距离。
man_body546,"Mainly, however, Rebecca spent the time trying to settle her nerves. It was not easy, with all those youngsters staring at her. They were not impolite, simply curious, but Rebecca was relieved when the hidalgo returned. He sat next to her.
",不过瑞贝卡还是花了更多时间来安抚自己的神经。不过当其他年轻人都盯着她看的时候，放松可不容易。他们并不是不礼貌，仅仅是出于好奇。好在归来的伊达尔戈解救了她。迈克坐到了她身边。
man_body547,"""This all seems very strange to you,"" he said.
",“这一切看起来都对你很陌生，”他说。
man_body548,"Rebecca nodded. ""Who are you?""
",瑞贝卡点点头，“你们是什么人呢？”
man_body549,"Fumbling, obviously confused himself, the hidalgo began to explain. They talked for at least two hours. Rebecca became so engrossed in the conversation that she was even able to ignore her fears for her father.
",尽管他自己也还没搞明白，伊达尔戈开始笨嘴拙舌地解释。他们至少谈论了两个小时。瑞贝卡是如此专注于谈话的内容，以至于她暂时忘记了父亲的安危。
man_body550,"By the end, Rebecca was answering far more questions than she asked. She seemed to accept the reality, in some ways, much better than the hidalgo. She was surprised, at first, because of the man's obvious intelligence. But eventually she understood. He had none of her training in logic and philosophy.
",最后，瑞贝卡反而成了那个回答问题的人。她似乎比伊达尔戈更好地接受了现实。她一开始对迈克非凡的智力感到惊讶。但是到了最后她发现，这个人根本没有接受过任何逻辑或是哲学方面的教育。
man_body551,"""So you see,"" she explained, ""it is not really so impossible. Not at all. The nature of time has always been a mystery. I think Averroes was right¡ª"" She flushed, slightly. ""Well, my father thinks¡ªbut I agree¡ª""
",“所以你看，”瑞贝卡解释道，“这并非完完全的不可能。根本不是这样的。时间的本质还没有被揭开，在这点上我同意阿威罗伊的看法——她的脸突然有些发烫——虽然我的父亲不这么看，但是我同意他的观点——”
man_body552,"She stopped abruptly. The hidalgo was no longer listening to her. Well, not exactly that. He was listening to her, but not to her words. Smiling with his eyes even more than his lips.
",她突然停了下来。伊达尔戈并没有在听她说话。嗯，也不全是这样。他确实在聆听，但不是在听她说话，而是在听她说话。他的眼睛笑得比他的嘴还明显。
man_body553,"Blue eyes held her silent.
",蓝色的眸子让她失语。
man_body554,"""Keep talking,"" he murmured. ""Please.""
",“请继续讲，”他嘀咕道，“请您继续。”
man_body555,"Flushing deeply, now. Silent. Flushing.
",脸愈发变热。尴尬的安静。脸可真烫呀。
man_body556," 
", 
man_body557,"The Moorish doctor rescued her. He strode into the library and came up to them.
",那个摩尔人医生把她从尴尬的境地中解救了出来。医生冲进图书馆走向他们。
man_body558,"""Your father is stable, Miss Abrabanel,"" he said. ""The best thing to do is get him into a bed and make him comfortable."" The doctor smiled ruefully. ""Away from this madhouse."" He cast a questioning eye at the hidalgo.
",“你父亲的状态稳定下来了，阿布拉巴内尔小姐，”他说道。“现在最重要的是让他躺在床上，让他舒适地静养。”医生略带歉意地笑了笑。“要在安静的地方静养，而不是在这座嘈杂的疯人院里。”摩尔人向伊达尔戈发出一个询问的眼光。
man_body559,"Michael nodded. ""I already sent word into town."" He gave Rebecca a glance which combined care with¡ªpuzzlement? ""Under the circumstances, I thought¡ª""
",迈克尔点了点头。“我已经通知过了镇子里。”他看向瑞贝卡，目光中带着关心和——困惑？“在目前的情况下，我认为——”
man_body560,"There came another interruption. An elderly couple was entering the library. They spotted the hidalgo and approached. Their faces were creased with concern.
",谈话又被打断了。一对老夫妇走进了图书馆。在他们看到伊达尔戈后便走了过来。他们的脸上满是关切的神情。
man_body561,"Michael rose and introduced them. ""Miss Abrabanel, this is Morris and Judith Roth. They have agreed to provide lodgings for you and your father.""
",迈克尔站了起来并介绍他们。“阿布拉巴内尔小姐，这位是莫里斯·罗斯，这位是朱迪斯·罗斯。”他们愿意为您和您的父亲提供住所。
man_body562," 
", 
man_body563,"The rest of the day was a blur. Her father was carried into a large vehicle shaped like a box. The words ""Marion County Rescue"" were emblazoned on the sides. She followed with the hidalgo, in his own vehicle. The hidalgo's men had already loaded all of the Abrabanels' possessions in the back of the vehicle. In a very short time¡ªso fast! so smooth!¡ªthey drew up before a large two-story house. Her father was carried up the stairs on a stretcher, into the house, up the stairs into a bedroom, and made comfortable. Rebecca and he whispered for a few minutes. Nothing more than words of affection. Then he fell asleep.
",这一天剩下的时光对她来说有些恍惚。她的父亲被抬入一辆外形酷似盒子的大型车辆。车身两侧都醒目地标识着“马里恩郡急救”的字样。她则跟随伊达尔戈上了他的车。伊达尔戈的手下们已经把阿布拉巴内尔父女俩的所有行李都装了上车。在一段非常短的时间里——好快！好平稳！——他们在一栋大型两层建筑前停下。她父亲躺在担架上，被抬上楼梯，抬进屋内，最后安顿在二楼的一间卧室内。瑞贝卡和父亲低声交谈了一小会儿，内容无外乎些体贴、关切的话语。之后她父亲就入睡了。
man_body564,"The hidalgo left, at some point. He murmured something about danger needing to be watched for. He gave her shoulder a quick reassuring squeeze before he went. His departure left her feeling hollow.
",在某个时刻伊达尔戈离开了。他自己还嘀咕着什么需要当心的危险。在他离开前，他捏了捏她的肩膀好让她放心。他的离去让她感觉有些失落。
man_body565,"Everything was rolling over her now. Her mind felt adrift. Mrs. Roth led her downstairs into the salon and eased her into another couch. ""I'll get you some tea,"" she said.
",现在，今天发生的所有种种事情开始向她轧去。这把她的思绪搅成了一锅浆糊。罗斯女士带她下了楼，领着她走向客厅的沙龙处，好让她在沙发上缓和一下。“我给你泡杯茶吧，”朱迪斯说道。
man_body566,"""I'll get it, Judith,"" said her husband. ""You stay here with Miss Abrabanel.""
",“让我来吧，朱迪斯，”她老公说道。“你留在这儿陪着阿布拉巴内尔小姐。”
man_body567,"Rebecca's eyes roamed the room. They lingered on the bookcase for a moment. For a longer moment, on the strange lamps glowing with such a steady light.
",瑞贝卡的眼睛扫视了一下房间。她的目光在书架那里逗留了一会儿。又过了一会儿，一个造型奇怪的灯开始放出稳定的光芒。
man_body568,"Everything seemed vague to her. Her eyes moved on to the fireplace. Up to the mantel.
",每一件事物都让她感到陌生。她的目光移到了壁炉上。从下到上，一直看到壁炉台上。
man_body569,"Froze there.
",她的目光在那里停住了。
man_body570,"Atop the mantel, perched in plain sight, was a menorah.
",在壁炉台上，放着一个非常显眼的犹太教七灯大烛台。
man_body571,"She jerked her head sideways, staring at Judith Roth. Back to the menorah. ""You are Jewish?"" she cried.
",她突然把头转向一边，盯着朱迪斯·罗斯。然后又看回大烛台。“你们是犹太人？”她大声地询问。
man_body572,"A day's terror¡ªa lifetime's fear¡ªerupted in an instant. Tears flooded her eyes. Her chest and shoulder heaved. A moment later, Judith Roth was sitting next to her, cradling her like a child.
",今天积累下来的恐惧——这辈子的担惊受怕——都在这一瞬间爆发了出来。眼泪夺眶而出。她的胸膛和肩头颤抖着。慢慢地，朱迪斯·罗斯坐到了她身旁，把她像孩子一样抱住。
man_body573,"Rebecca sobbed and sobbed. Desperately trying to control herself, so she could ask the only question which seemed to matter in the entire universe. Choking on the words, trying to force them through terror and hope.
",瑞贝卡止不住地啜泣着。尽管她非常努力地想要控制住自己，好让自己能够问出那个最重要、最关键的问题。她勉强抽噎着挤出几个词，话中同时包含着恐惧和希望。
man_body574,"Finally, she managed. ""Does he know?"" she gasped.
",最后，她做到了。“他知道吗？”她好不容易憋出几个字。
man_body575,"Mrs. Roth frowned. The question, obviously, meant nothing to her.
",罗斯夫人皱起眉头。很显然，她不知道这个问题所指为何。
man_body576,"Rebecca clutched her throat and practically squeezed down the sobs. ""Him. The hidalgo.""
",瑞贝卡掐住自己的喉咙来止住因哽噎。“他，那位伊达尔戈。”
man_body577,"Still frowning, still uncomprehending. Hope burned terror like the sun destroys a fog.
",皱起的眉头表示她仍然没有理解。希望驱赶走了恐惧，就像太阳升起驱散浓雾一样。
man_body578,"""Michael. Does he know?"" Her eyes were fixed on the menorah. Mrs. Roth's gaze followed. Her own eyes widened.
",“迈克尔，他知道吗？”她的眼睛死死地盯着大烛台。罗斯女士顺着她的视线看过去。罗斯女士张大了眼睛。
man_body579,"""You mean Mike?"" The elderly woman stared at Rebecca for a moment, her jaw slack with surprise. ""Well, of course he knows. He's known us all his life. That's why he asked us to put you up, when he called. He said he thought¡ªhe didn't understand why, he just said he had a bad feeling¡ªbut he thought it would be best if Jewish people¡ª""
",“你是说迈克？”这位年长的女士盯着瑞贝卡看了一会儿，她的下巴因为吃惊有些微微张开。“他当然知道。他和我们是老相识了。这就是为什么他打电话过来，拜托我们来照顾你。他说他认为——尽管他也不知道为什么，仅仅是出于一种不妙的直觉——他觉得最好是由犹太人来——”
man_body580,"The rest of the words were lost. Rebecca was sobbing again, more fiercely than ever. Purging terror, first. Then, touching hope. Then, caressing it. Embracing it, like a child embraces legends. Hidalgo true and pure.
",剩下的话没有被说完。瑞贝卡再次哭泣起来，比之前哭得更猛烈。首先，恐惧荡然无存了。然后，摸到希望了。再接着，爱抚着它，拥抱它，就像孩子拥抱传说一样。一位货真价实的伊达尔戈，真正又纯粹的贵族。
man_body581," 
", 
man_body582,"With the morning, blue eyes came again. As blue as the cloudless sky, on a sun-drenched day. In the years after, Rebecca remembered nothing else of the two days which followed. Simply blue, and sunlight.
",随着清晨的到来，蓝色的眼睛又来了。就如晴朗无云的蔚蓝天空一般蓝。在之后的岁月中，瑞贝卡记不得后面两天发生的事情。记忆中只有，蔚蓝的天空和阳光。
man_body583,"Always sunlight. Drenching a land without shadows.
",在那片阳光普照的土地上，每寸土地都沁润着阳光，驱散着所有烦恼。
