﻿¼üÖµ,Ô­ÎÄ,ÒëÎÄ
man_body8,"Chapter 1
",第一章
man_body9,"""I'm sorry about my parents, Mike."" Tom gave the two people in question a look of resentment. ""I'd hoped¡ª"" He broke off, sighing faintly. ""I'm sorry, I really am. You spent a lot of money on all this.""
",“我对我父母的事情很抱歉，迈克。”汤姆面色不满地看着父母说。“我希望——”他突然停下来轻轻叹了口气。“我很抱歉，真的！你在这上面已经花了不少钱了。”
man_body10,"Mike Stearns followed his gaze. Tom Simpson's mother and father were standing near the far wall of the cafeteria, some fifty feet away. Their postures were stiff; their faces, sour. Their very expensive clothing was worn like suits of armor. They were holding the cups of punch in their hands by thumb and forefinger, as if determined to make as little contact with the surrounding festivities as possible.
",迈克·斯特恩斯只是看着一边。汤姆·辛普森的父母就站在远处自助餐厅的墙边，大概五十英尺外。他们姿势特别呆板，脸上的表情也令人厌烦。他们昂贵的衣服像是古代士兵盔甲的罩袍一样。现在他们正用食指和拇指拿着杯子，似乎想尽量不和周围庆祝节日的人和物发生任何关系。
man_body11,"Mike repressed a smile. Ah, yes. The dignitaries from civilization, maintaining their savoir faire among the cannibals. They'll hold a cup of blood, but damned if they'll drink it.
",迈克强忍着不笑出来。啊，是啊！这些文明的显贵们，在这些粗鲁的乡巴佬中试图保持礼仪。他们出于礼貌拿着一杯饮料，但是却宁死也不喝下去。
man_body12,"""Don't worry about it, Tom,"" he said softly. Mike's eyes moved away from the haughty couple against the wall and surveyed the crowd. The gaze was filled with satisfaction.
",“别担心，汤姆。”迈克轻轻地说，不再盯着这对高傲的夫妇而是转向庆祝的人群。看到他们让他感觉好受的多。
man_body13,"The cafeteria was a very large room. The utilitarian gray and cream walls had been festooned with an abundance of decorations, which made up in cheerfulness and festive abandon whatever they lacked in subdued good taste. Many of the cafeteria's plastic chairs had been moved against the walls, providing a bright orange contrast¡ªthose few of them that were not holding someone. Long tables ranged near the kitchen were laden with food and drink.
",自助餐厅的房间非常大，其实用的灰色与白色墙壁显得缺乏品味，但是却因为大量的节日装饰物没有那么乏味。许多餐厅的橘色塑料椅子都顶着墙，和墙壁一比非常的显眼。他们大多数都坐着人。在厨房附近的长桌子上摆满了食物和饮料。
man_body14,"There was no caviar, and no champagne. But the crowd which packed the room wouldn't have enjoyed the first¡ªfish eggs, yuk!¡ªand the second was prohibited by high-school regulations. Mike was not concerned. He knew his folk. They would enjoy the simple fare which was piled on the tables, thank you, even if it was beneath the contempt of wealthy urban sophisticates. That was true of the adults, even, much less the horde of children swarming all over the place.
",这没有鱼子酱和香槟那样的高档货。但是这里聚餐的人们可能享受不了鱼子酱的品味，呸！至于香槟则是被高中所禁止的。迈克并不在意食物的简单，他知道他的哥们儿们喜爱这些简单的食物，即使在富裕的城市阶层来说这上不来台面。在小镇上，成年人都喜欢吃这种快餐，更别说这群孩子。
man_body15,"Mike gave the younger man standing at his side a little pat on the shoulder. It was like patting a slab of beef. Tom was the first-string nose guard for West Virginia University's varsity squad, and looked the part. ""My sister married you, not your parents.""
",迈克轻轻拍了一下比他小的汤姆的肩膀，拍打到一大块肌肉上。汤姆是西弗吉尼亚大学校队的一流中卫。他说“我妹妹嫁给了你，不是你的父母。”
man_body16,"Tom scowled. ""Doesn't matter. They could at least¡ª Why did they even bother to show up at my wedding, if they were going to act like this?""
",汤姆满面愁容。“没事的。他们至少应该——为什么他们表现的那么傲慢？如果他们想来我的婚礼的话。”
man_body17,"Mike glanced at him. For all Tom's immense size, Mike didn't have to look up. Tom was barely over six feet tall, about Mike's own height, even if he outweighed him by a good hundred pounds.
",迈克瞥了他一眼。虽然汤姆身材壮实，迈克却不需要低头。汤姆身高不到六英尺（一米八二），和迈克一样高。即使汤姆比重迈克一百磅以上（九十斤）。
man_body18,"Tom was back to glaring at his parents. His own face was as stiff as theirs. Unobserved, Mike studied his new brother-in-law.
",汤姆又看回自己的父母。他的脸和他们一样呆板。迈克悄悄地打量着自己的新妹夫。
man_body19,"Very new brother-in-law. The wedding had been held not two hours earlier, in a small church less than a mile away from the high school. Tom's parents had been just as haughtily rude at the church as they were being now at the reception. Their son should have been married in a properly discreet ceremony in a proper Episcopalian cathedral, not¡ªnot¡ª
",两小时前，婚礼刚刚开始。在高中附近的一英里的小教堂中。汤姆的父母对于教堂傲慢的态度从接待处就开始了。他们认为自己的孩子应该在一个符合他们家族地位的圣公会教堂举办婚礼，而不是这个小教堂！
man_body20,"This yahoo preacher! In this yahoo¡ªshack!
",像野蛮人窝棚的教堂里由像野蛮人一样的牧师举办！
man_body21,"Mike and his sister had abandoned the stark faith of their ancestors in favor of quiet agnosticism. Years ago, in Mike's case. But neither of them had even once considered having Rita married anywhere else. The pastor was a friend of the family, as his father and grandfather had been before him. The Calvinist fundamentalism of the ceremony had bothered them not in the least. Mike choked down a laugh. If nothing else, it had been worth it just to see the way the pastor's fire and brimstone had caused obvious constipation in Tom's sophisticated parents.
",迈克和他的姐姐因为不可知论已经放弃了他们祖先的刻板宗教信仰。这是迈克在几年前带来的，但是家人们都不打算让丽塔在其他地方完婚。这位牧师是斯特恩斯家族的世代好友，早在迈克父亲和祖父辈就是了。牧师信奉的加尔文宗原教宗旨倒是没有打扰这个家族。迈克现在只是感到有趣，特别是看到老牧师的热心让汤姆的显贵父母感到非常不适应的时候。
man_body22,"His humor faded quickly. Mike could sense the pain lurking within Tom's eyes. An old pain, he thought. The dull, never-ending ache of a man whose father had disapproved of him since he was a small boy.
",他的幽默感一闪而逝。迈克可以感觉到汤姆眼中隐藏的痛苦，那是一种男人的陈年老痛，从他还是男孩时就被父亲否定所遗留下来的。
man_body23,"Tom had been born into one of the wealthiest families in Pittsburgh. His mother was old Eastern money. His father, John Chandler Simpson, was the chief executive officer of a large petrochemical corporation. John Simpson liked to brag about having worked his way up from the ranks. The boast was typical of the man. Yes, he had spent a total of six months on the shop floor, as a foreman, after he retired from the Navy's officer corps. The fact that his father owned the company, however, is what accounted for his later advancement. John Chandler Simpson had fully expected his own son to follow in those well-worn footsteps.
",汤姆诞生于匹兹堡一个最富裕的家庭之一。他的母亲是东部的富婆，父亲约翰·钱德勒·辛普森是一个大型炼油厂的CEO。 约翰·辛普森先生总是喜欢宣扬自己是如何爬上这个阶层的。自夸是男人最喜欢干的事。在从海军军官退役后他曾经在工厂里干了六个月的工头，之后他步步高升直到真正掌控整个公司。约翰·辛普森先生非常希望儿子汤姆能像他一样走这样的道路。
man_body24,"But Tom had never fit his family's mold and expectations. Not when he had been a boy, and not now when he was of age. Mike knew that John Chandler had been furious when his son chose WVU over Carnegie-Mellon¡ªespecially given the reason. Football? You're not even a quarterback! And both his parents had been well-nigh apoplectic at their son's choice for a wife.
",但是汤姆却从不符合家庭的期望。不管他是男孩的时候，还是现在。迈克知道约翰·钱德勒先生在汤姆为了橄榄球选择了西弗吉尼亚大学而不是卡内基梅隆大学后怒不可遏。橄榄球！你连四分卫都不是呢！很明显，他的父母现在又因为他们孩子的择偶对象感到愤怒不已。
man_body25,"Mike's eyes scanned the room, until they fell on a figure in a wedding dress, laughing at something being said by the young woman at her side. His sister, Rita, sharing quips with one of her bridesmaids.
",迈克的眼睛扫过屋子，直到落在穿着婚礼服的女子身上，她正在和旁边的一个年轻女性说笑。那就是他的妹妹，丽塔。旁边的是伴娘。
man_body26,"The contrast between the two girls was striking. The bridesmaid, Sharon, was attractive in a slightly heavy and buxom sort of way. She was very dark complected, even for a black woman. Tom's sister was also pretty, but so slender that she bordered on being downright skinny. And her complexion¡ªvery pale skin, freckles, blue eyes, hair almost as black as her brother's¡ªbetrayed her own ethnic origins. Typical Appalachian mongrel. The daughter and sister of coal miners.
",两个妹子的对比是鲜明的。伴娘莎伦身材丰满，肤色较黑（即使对于黑人来说）。而丽塔也很漂亮，但是却瘦的要命！她肤色苍白，蓝眼睛，有雀斑，和她哥哥一样的黑头发背叛了她自己的种族血统。典型的阿巴拉契亚混血种。煤矿工人的女儿和妹妹。
man_body27,"Poor white trash. Yup. That's what we are, all right.
",我们是贫穷的白人垃圾~对，我们就是。迈克心里想。
man_body28,"There was no anger in Mike's thought. Only contempt for Tom's parents, and pity for Tom himself. Mike's father had a high school education. Jack Stearns had worked in a coal mine since he was eighteen, and had never been able to afford more than a modest house. He had hoped to help his children through college. But the mine roof-fall which crippled him and eventually caused his death had put paid to those plans.
",迈克心里没有愤怒，只有对汤姆父母的轻蔑，以及对汤姆的同情。迈克的父亲只有高中学历。杰克·斯特恩斯从十八岁开始就在煤矿干活了，从没有能够买得起超过一栋小房子。他希望自己的子女能上大学。但是矿顶脱落事故导致他残疾并且最终郁郁而终，这让父亲的计划落空了。
man_body29,"The quintessential nobody. On the day he finally died, Mike had been like a stunned ox. Years later, he could still feel the aching place in his heart where a giant had once lived.
",父亲如此默默无闻。但是当他去世的那天，迈克像一头受惊的公牛一般束手无措。几年过去了，他仍能感觉到心中空荡荡的，那是一位男人曾占据的地方。
man_body30,"""Let it go, Tom,"" he said softly. ""Just let it go. If it's worth anything, your brother-in-law approves of you.""
",“就这样吧，汤姆。”他轻轻地说。“就这样吧。如果你担心地你的婚事的话，至少你的大舅子支持你。”
man_body31,"Tom puffed out his cheeks, and slowly blew out the breath. ""It is. Quite a bit.""
",汤姆鼓起脸颊，之后又把气吹出去。“谢谢，这——很重要。”
man_body32,"Abruptly, he shook his head, as if to clear his mind for other concerns. He turned to face Mike squarely.
",突然，他摇头，似乎是想仔细把脑子中杂念排除似的。他转头正正地看着迈克。
man_body33,"""Give it to me straight, Mike. I'm graduating in a few months. I've got to make a decision. Do you think I'm good enough to make it in the pros?""
",“实话对我说吧，迈克。我再过几个月就要毕业了。我必须做出决定。你认为我能够进入职业赛吗？”
man_body34,"Mike's reply came instant and firm. ""Nope."" He shook his head ruefully. ""Take it from me, buddy. You'll be right where I was¡ªthe worst possible place. Almost good enough. Good enough to keep hoping, but . . .""
",迈克的回答快速又坚定。“不能。”他悲伤地摇头。“实话实说，老弟。你会和我一样处于最糟糕的境界。几乎可以晋级职业赛了，为此保持希望，但是。。。”
man_body35,"Tom frowned, still hoping. ""You made it. In a way. Hell, you retired undefeated.""
",汤姆皱眉，仍然保持希望。“但是你成功了。从某种程度上说。天啊，你退役前没有被击败过一次！”
man_body36,"Mike chuckled. ""Sure did. After all of eight professional fights as a light heavy."" He reached up and stroked the little scar on his left eyebrow. ""My last fight I even made it to the second card at the Olympic Auditorium. Pretty big time.""
",迈克笑了。“确实这样，在八次轻量级职业比赛后。”他抬起头，轻抚着左眉上的伤疤说：“我最后一场比赛甚至拿到了通往奥林匹克殿堂的替补名额。真的牛逼！”
man_body37,"The chuckle came again¡ªmore of an outright laugh. ""Too big! I won¡ªbarely¡ªon points. The kid demanded a rematch. And that's when I finally had enough sense to quit. A man's got to know his limitations.""
",他又笑了，更大声的笑。“太牛逼了！我在积分上勉强获胜，那孩子要求重赛。那时候我终于知道该退出了，一个男人应该知道他的极限。”
man_body38,"Tom was still frowning. Still hoping. Mike placed a hand on his thick arm. ""Tom, face it. You'll get no farther than I did. Realizing that you only beat the kid in front of you because you were a little more experienced, a little savvier, a little luckier."" He winced, remembering a young Mexican boxer whose speed and power had been well-nigh terrifying. ""But that kid'll learn, soon enough. And the fact is that he's a lot better than you'll ever be. So I quit, before my brains got scrambled. You should do the same, while you've still got healthy knees.""
",汤姆仍然皱眉，还在抱有希望。迈克把手放在他宽阔的臂膀上。“汤姆，面对现实吧。你不会比我走的更远的。你要知道你之所以能击败你面前的孩子是因为你更有经验，更加聪明，更加幸运。”他打了个冷战，回想起打拳击职业赛时一个墨西哥拳击手的速度和力量令人胆寒。“但是你的对手会学习，很快他们就会比你更强。所以我退出了，在我得脑震荡之前。你也应该这么做，在你还有个健康的膝盖时。”
man_body39,"Again, Tom puffed out his cheeks and, again, blew out a slow breath. He seemed on the verge of saying something, but a motion caught his eye. His brand-new wife was approaching, with people in tow.
",再次的，汤姆鼓起脸颊再慢慢把气吐出去。他看上去欲言又止，但是一个动作吸引了他，他的新婚妻子正被别人拉过来。
man_body40,"Tom was suddenly beaming like a child. Watching that glowing smile, Mike felt his own heart warming.
",汤姆立刻表现的像个孩子一样，笑呵呵地看着新娘，迈克感觉心头一暖。
man_body41,"Hell of a sweet kid, to come from such cruddy parents.
",可怜的孩子，在那么压抑的父母养育下还能这么阳光！
man_body42,"Rita arrived with her usual thermonuclear energy. She started by embracing her new husband in a manner that was wildly inappropriate in a high-school cafeteria¡ªspringing onto him and wrapping both legs around his thighs. Wedding dress be damned. A fierce and decidedly unvirginal kiss accompanied the semi-lascivious embrace. Then, bouncing off, she gave Mike a hug which, though it lacked the sexual overtones, was almost as vigorous.
",丽塔像往常一样以核聚变的威力扑过来。她野性十足地抱着自己的新郎，在这个高中自助餐厅显得十分地不合适。她还跳到汤姆的身上，双腿盘在他的膝盖上。婚礼服被蹂躏地皱褶不堪。在被汤姆抱着的时候，她又来了一次猛烈且色气十足的亲吻。终于，她跳下来，给汤姆一个活力四射的拥抱。
man_body43,"The preliminaries done, Rita spun around and waved forward the two people lagging behind her. Outside of the accompanying grin, the gesture resembled an empress summoning her lackeys.
",完成了前戏后，丽塔挥手招来两个身后的人。这两个人笑容就像被王后召唤的仆人一样。
man_body44,"Sharon was grinning herself. The man next to her wore a more subdued smile. He was a black man somewhere in his fifties, dressed in a very expensive looking suit. The conservative, hand-tailored clothing fit the man perfectly, but seemed at odds with the smile on his face. There was something a bit rakish about that smile, Mike thought. And he suspected, from the man's poised stance, that the body beneath the suit was far more athletic than its sober cut would suggest.
",莎伦自己笑的合不拢嘴。她旁边的男人笑容更含蓄一些。他似乎是一个年近五十的黑人男性，穿着非常昂贵的西服。看上去是手工制作的，透露出合乎主人特点的保守感，但却和他的笑容不符合。笑里面似乎还有一种潇洒的意味，迈克感觉到。而且他怀疑从这个男人的站立姿势看，他的身体远远比他外表表现的要强壮。
man_body45,"""Mike, this is Sharon's father. I want to introduce you."" She reached back, more or less hauled the parent in question to the fore, and moved her hand back and forth vigorously. ""My brother, Mike Stearns. Doctor James Nichols. Be very polite, brother of mine. He's a surgeon. Probably got four or five scalpels tucked away somewhere.""
",“迈克，这是莎伦的父亲。我想要介绍给你。”丽塔过来说，她把这位深藏不露的父亲拉到前面。“这是我的哥哥，迈克·斯特恩斯。这是詹姆斯·尼克斯医生。注意礼貌哦，哥哥。他可是一个外科医生，也许有四五把手术刀藏在身上。”
man_body46,"An instant later she was charging off, hauling Tom and Sharon toward a cluster of people chattering away in a corner of the cafeteria. Mike and Dr. Nichols were left alone.
",一会儿她又冲过来，把汤姆和莎伦拉到在自助餐厅一角大声聊天的人群中。迈克和尼克斯医生独处在一起。
man_body47,"Mike eyed the stranger, unsure of how to open a conversation. He opted for low humor. ""My new brother-in-law's in for a long night,"" he said dryly. ""If I know my sister.""
",迈克打量着陌生人，不知道该如何开启话题。他选择以一种幽默的方式，“我的妹夫估计会度过一个漫长的夜晚，”他干巴巴地说“我知道我妹妹有多能折腾。”
man_body48,"The doctor's smile widened. The hint of rakishness deepened. ""I would say so,"" he drawled. ""Is she always this energetic?""
",医生笑意更浓。那种潇洒的做派更深了，“我也这么认为，”他慢吞吞地说“她一直那么充满活力吗？”
man_body49,"Mike shook his head fondly. ""Since she was a toddler.""
",迈克温柔地摇着头。“自从她学会走路开始。”
man_body50,"Having broken the ice, Mike took the time to examine the man next to him more carefully. Within a few seconds, he decided his initial impression was correct. Sharon's father was a study in contradictions. His skin was very dark, almost pure black. His hair was gray, kinky, cut very short. His features were blunt and rough-looking¡ªthe kind of face associated more with a longshoreman than a doctor. Yet he wore his fine clothing with ease, and the two rings on his fingers were simple in design and very tasteful. One was a plain wedding band, the other a subdued pinky ring. His diction was cultured, but the accent came from city streets. Then¡ª
",打破了坚冰之后，迈克借此机会进一步了解这个他身边的男人。一会，他确定自己的最初的判断是正确的。莎伦的父亲身上有很多矛盾的特点。他的肤色很黑，几乎是纯黑色。头发灰白、发型奇特且剪得很短。他的面容感觉很粗糙迟钝，更像一个码头工人而不是医生。但是他却得体的穿着优质的衣服，两手食指上的戒指都造型简洁却富有品味。一个是朴素的婚戒，另外是一个小巧的指环。他的措辞非常有教养，但是口音又像是城市街头的人。另外——
man_body51,"James Nichols was not a big man. No more than five feet, eight inches tall and not particularly stocky. Yet he seemed to exude a certain physical presence. A quick glance at the doctor's hands confirmed Mike's guess. The faint scars on those outsized hands had not come from working in the medical profession.
",詹姆斯·尼克斯不是一个高大的人，身高不足五英尺八英寸（一米七二），而且不是很强壮。但是他看上去练过。迈克快速扫过医生的双手证实了他的猜测。医生手上愈合的疤痕可像不是来自医疗行业工作的。
man_body52,"Nichols was returning Mike's examination with one of his own. There seemed to be a little twinkle in his eyes. Mike guessed that he would like the man, and decided to probe the possibility.
",尼克斯医生似乎也在打量迈克。他眼睛灵活地眨动。迈克感觉对方可能会乐于交自己这个朋友，所以决定试探一下。
man_body53,"""So, Doc. Did the judge give you a choice? Between the Army and the Marines, I mean.""
",“所以，医生。法官给你了选择没有？我是说能选陆军还是海军陆战队？”
man_body54,"Nichols snorted. There was a twinkle in his eyes. ""Not hardly! 'Marines for you, Nichols.' ""
",尼克斯抽动了一下鼻息，眼睛狡黠地转了一下。“才没有呢！他对我说：‘你去当海军陆战队吧，尼克斯。’”
man_body55,"Mike shook his head. ""You poor bastard. He let me pick. Since I wasn't crazy, I took the Army. I wanted no part of Parris Island.""
",迈克摇摇头。“你这倒霉蛋。我的法官让我选了。因为我没发疯所以就选了陆军。我可不想去帕里斯岛。”（译者注：美国南卡罗来纳州帕里斯岛是美国海军陆战队训练基地，以训练严苛著称。）
man_body56,"Nichols grinned. ""Well . . . You were probably just up for assault and battery, I imagine. One brawl too many."" He took Mike's smile for an answer. His own headshake was rueful. ""They couldn't prove it, since I fumbled the thing like a Laurel and Hardy routine, but the authorities had their dark suspicions. So the judge was hard as stone. 'Marines, Nichols. I'm sick and tired o' you. Either that or six years downstate.' ""
",尼克斯咧嘴笑道。“那么，你在陆军都干些什么？突击队还是炮兵？我觉得是那个打架打的多的！”他把迈克的笑当做肯定的回答，自己却悔恨地摇头“当时我像《劳莱与哈代的日常》那样笨拙的动作没有让法官知道我不是做陆战队的料，高层暗藏黑幕，官员铁石心肠。所以登记官就说‘去陆战队！尼克斯，我真的厌恶你。要不然你就去当六年的国民警卫队！’”（译者注：《劳莱与哈代的日常》是美国喜剧。）
man_body57,"The doctor shrugged. ""I admit, that judge probably saved my life."" His expression became filled with mock outrage. The accent thickened. ""But I still say it ain't armed robbery when the dumb kid drops the gun on the way into the liquor store and gets caught running five blocks away. Hell, who knows? Maybe he was just looking for its rightful owner. Not realizing, the poor cherub, that it was a stolen piece.""
",医生耸耸肩。“我承认，那个法官也许救了我一命。”他的话语充满着讥讽。那种街头口音越发浓厚。“但我仍然要说像我那样在进烈酒商店时把枪掉在地上之后被追了五个街区抓住不是持械抢劫。但是，谁知道呢？也许他只是在找个人顶替那个罪名。没有意识到我当时只是个乖宝宝。”
man_body58,"Mike burst into laughter. When his eyes met those of Nichols again, the silent exchange between them was warm and approving. The way two men, meeting for the first time, occasionally take an instant liking to each other.
",迈克大声笑道。当他眼睛再次对上了尼克斯医生时，他们互相的眼神变得熟络了很多。两个男人在第一次见面就巧合地发现了很多共同点。
man_body59,"Mike glanced toward his new in-laws. He was not surprised to see that his riotous gaiety had drawn their disapproving eyes. He met their stern frowns with a smile whose politeness barely covered the underlying mockery.
",迈克瞥一眼汤姆的两个显贵父母。他一点也不惊讶自己刚才的大笑引来了他们反感的目光。他以一种礼貌的微笑回应二人的反感，虽然内心里隐藏着嘲笑的冲动。
man_body60,"Yeah, that's right, you rich farts. Two scapegraces, right before your eyes. As close to outright ex-cons as you can get. Heavens!
",是啊，你们这些衣冠堂堂之徒。两个恶棍就在你们眼前。我们都是由前科的人！
man_body61,"Nichols' voice broke into Mike's silent test of wills with the Simpsons.
",尼克斯的声音打破了沉默，化解了迈克与辛普森夫妇的尴尬。
man_body62,"""So you're the famous brother,"" the doctor murmured.
",“所以你就是那个著名的哥哥，”医生喃喃地说。
man_body63,"Startled, Mike's eyes left the Simpsons. ""I wasn't aware that I was famous,"" he protested.
",楞了一下，迈克的目光离开了辛普森夫妇。“我没有想到我那么出名，”他反驳到。
man_body64,"Nichols shrugged, smiling. ""Depends on the circle, I imagine. From what I can tell, listening to them gabble over the last couple of days, every one of your sister's college friends has a crush on you. You're quite a romantic figure, you know.""
",尼克斯耸肩，微笑着说：“这取决于你的社交圈，我认为。从我打听到的消息说，你的妹妹的每个大学同学都暗恋你。你确实是个浪漫的人，你知道吗？”
man_body65,"Again, Mike was startled. And, again, it must have showed on his face.
",又一次，迈克一愣。他表情完美地展现了心理变化。
man_body66,"""Oh, come on, Mike!"" snorted Nichols. ""You're still in your mid-thirties, and look younger than that. Tall, handsome¡ªwell, handsome enough. But, most of all, you've got that glamorous history.""
",“哦，得了吧，迈克！”尼克斯医生喷了喷鼻息。“你才三十五岁左右，而且看上去更加年轻。又高又帅，特别是帅！但是最重要的是，你有一段迷人的经历。”
man_body67,"""Glamorous?"" choked Mike. ""Are you nuts?""
",“迷人？”迈克刚喝饮料差点呛到了，“你胡说什么？”
man_body68,"Nichols was grinning, now. ""Give me a break. You can't fool me."" He made a little sweeping gesture with his hands, indicating himself. ""What do you see here? A very prosperous-looking black man in his mid-fifties, right?"" His dark eyes glinted with humor and knowledge. ""And what else?""
",尼克斯咧嘴笑了。“让我告诉你，你骗不了我的。”他摩擦了下手掌，指着自己“你看见了什么？一个精力充沛的五十五岁黑人男性，不是吗？”他的黑眼睛泛着幽默和博识。“其他的呢？”
man_body69,"Mike eyed him. ""A¡ªlet's call it a history. You weren't always a proper doctor.""
",迈克又重新看了一下。“额——还有你的经历。你一定不是一直是医生。”
man_body70,"""Certainly wasn't! And don't think, when I was your age, that I didn't take full advantage of it."" Nichols' wide grin changed to a gentle smile. ""You're a classic, Mike. It's that old tale which always tugs at sentiment. The reckless and dashing black sheep of the family, leaving town before the law could nail him. An adventurous lad. Soldier, longshoreman, truck driver, professional boxer. Disreputable roustabout, even if he did manage to tuck away three years in college. Then¡ª""
",“当然不是！我甚至在你的那个年龄时都不是。”尼克斯的大笑转为微笑。“你可以让你的人生变得富有经典的故事性，就是那种老派而且富有情感的。一个鲁莽冲动的败家子，为了逃避法律的追捕离开了小镇。他成为了一个人生的冒险者，士兵、码头工人、卡车司机、职业拳击手。他之后成为了声名狼藉的水手，即使他在大学里读了三年书。然后——”
man_body71,"The smile faded away completely. ""And then, when your father was crippled, you came back to take care of your family. And did as good a job of that as you'd done scaring them to death earlier. Quite respectable, now. Even managed to get yourself elected president of your local miners' union a couple of years back.""
",尼克斯医生笑容消失了。“然后当你父亲残疾后，你回来照顾家庭。你精心尽力照顾家人，知道他们离世或者成人。这真的令人敬佩，你甚至让自己几年后选上了当地矿工工会主席。”
man_body72,"Mike snorted. ""I can see Rita's been telling tales."" He started looking for his sister, ready to glare at her, when his eyes fell on the Simpsons. They were still frowning at him, so he bestowed the glare on them.
",迈克不屑地说“看来丽塔说过这些事给别人。”他想要看向自己的妹妹，但是却又迎上了辛普森夫妇的目光，所以他也回敬地盯着他们。
man_body73,"""See?"" he demanded. ""My new in-laws don't seem to feel any 'romantic attraction.' Me¡ªrespectable? Ha!""
",“看到了吗？”他对医生说。“我的新伯父伯母们可在我身上感受不到任何‘浪漫的人’的样子，我令人敬佩？真搞笑！”
man_body74,"Nichols' own gaze followed Mike's. ""Well . . . 'Respectable' in an Appalachian sort of way. Don't think Mr. Blueblood over there is mollified that his new daughter-in-law's brother is a stone-hard union man as well as a damned hillbilly. Not hardly.""
",尼克斯注视着迈克。“我说的‘令人敬佩’是以一种阿巴拉契亚矿工式的。我不认为那些蓝血贵族会认同他们的新大舅子是工会成员和乡巴佬。”（译者注：蓝血（Blue Blood），是一种社会地位的象征，人们常用来蓝色血液代表欧洲贵族和名门出身者。源自西班牙卡斯蒂利贵族因为自己静脉血管是蓝色的而认为自己血液蓝色更加高贵。）
man_body75,"The Simpsons were still maintaining the stare. Mike was matching it, and adding a grin to the bargain. The grin was purely feral. A sheer, brazen, unyielding challenge.
",辛普森仍然盯着迈克看。迈克也回敬之，甚至露出了一丝狞笑。这种笑带着阿巴拉契亚式的坚韧，无耻，和不屈。
man_body76," 
", 
man_body77,"Nichols would remember that savage grin, in the years to come. Remember it, and be thankful.
",尼克斯会记住那个野蛮人式的狞笑，即使在多年以后。他会记住并且十分感激。
man_body78,"The Ring of Fire came, and they entered a new and very savage world.
",火戒来临，小镇的人们被带往一个全新但更加野蛮的世界。
