﻿¼üÖµ,Ô­ÎÄ,ÒëÎÄ
man_body3314,"Chapter 39
"
man_body3315,"Mike knelt down next to Julie Sims. Frank's niece was sitting cross-legged next to a small tree at the crest of the ridge, just a few yards from its highest point. Mike didn't recognize the tree. Some kind of elm, he thought. The leaves had not yet been touched by autumn color.
"
man_body3316,"Julie's rifle was propped against her shoulder, the butt nestled against her inner calf. The rifle was a Remington Model 700, firing .308 rounds, with an ART-2 scope. The gun was a larger caliber than was used in biathlon competition in the modern era, but it was the rifle Julie preferred for hunting. Her father had bought it for her three years earlier.
"
man_body3317,"Next to her was Karen Tyler, the girl who would serve as her observer. Karen was raised up on her knees. A pair of binoculars were slung around her neck, but at the moment she was studying the oncoming mercenaries through an M49 spotting scope. The expensive optical piece had been Frank Jackson's contribution to Julie's fledgling biathlon ambitions, along with her skis. For all Frank's crabbing, Mike knew, he adored his niece as much as any of his own sons.
"
man_body3318,"""You're sure about this?"" asked Mike. He spoke very softly, so only Julie could hear.
"
man_body3319,"Julie's lips twitched, but her eyes never left the landscape below the ridge. ""What? Are you going to lecture me too?""
"
man_body3320,"Solemnly, Mike shook his head. ""Look at me, Julie."" For all the softness of his tone, the words were full of command. Julie turned to face him. As always, Mike was struck by her classically ""all-American country girl"" features. Peaches-and-cream complexion, light brown hair, blue eyes, open face, snub nose. No one except a man in love with her would ever call Julie Sims ""beautiful."" Just¡ªgood-looking.
"
man_body3321,"Mike nodded at Karen, now exchanging the scope for the binoculars¡ªjust as James Nichols had trained her. Use the binoculars for scanning the area, the scope for pinpointing target locations. He could see the little notebook by her knee in which Karen had scrawled key target areas and wind direction. The target area page was full. There were only two words on the opposite page: no wind.
"
man_body3322,"""This isn't target shooting, Julie. Or deer hunting. This is sniper work. In the past few weeks, James trained you the way he was trained when he was in the Marines, after he volunteered for sniper school.""
"
man_body3323,"Julie said nothing. Her face was expressionless. ""Did you ever wonder why he never finished the training?"" he asked gently.
"
man_body3324,"Nothing. Mike sighed. ""He told me¡ªand I'm willing to bet he told you, too. He thought being a tough guy and a good shot would be enough. It isn't. They make sure you understand that. And you can drop out any time you want, without prejudice.""
"
man_body3325,"Nothing.
"
man_body3326,"""When he did finally understand it, he dropped out. He just didn't have the temperament. And I know I wouldn't, either. One shot, one kill¡ªand you're killing men, not animals. Men with faces you can see.""
"
man_body3327,"Finally, an expression came to her young, almost angelic face. But Mike couldn't quite interpret it. Sarcasm? No, it was more like whimsy; or maybe, wry amusement.
"
man_body3328,"""Did Uncle Frank ever tell you the story,"" she asked, ""about the first time I went deer hunting? How I cried like a baby after I shot my first buck?""
"
man_body3329,"Mike nodded. Julie's expression grew very wry.
"
man_body3330,"""You know why? The deer was so pretty. And it had never done me any harm."" Julie cocked her head toward her observer, a girl no older than she. Another recent high-school graduate. Slender, where Julie was not, but otherwise¡ªpeas from a pod.
"
man_body3331,"""Hey, Karen! Those guys look pretty to you?""
"
man_body3332,"Karen shifted her gum into a corner of her mouth. ""Nope. Ugly bastards. Mean looking, too. Look more like wild dogs than cute little deer.""
"
man_body3333,"Julie bared her teeth. The smile was far more savage than anything belonging on the face of an eighteen-year-old, male or female. ""That's what I thought. Hey, Karen! Watcha think they'll do¡ªto you and me, I mean¡ªif they get their hands on us?""
"
man_body3334,"Karen was back to chewing her gum. Her words came out in a semimumble. ""Don't want to think about it, girl. But I'll tell you one thing. Won't be trying to sweet-talk us into the backseat of a car. Not likely.""
"
man_body3335,"The smile left Julie's face; but, if anything, the sense of whimsy was even stronger in her eyes. She gave Mike a level gaze.
"
man_body3336,"""That's the whole problem with allowing men into combat,"" she said solemnly. ""You guys are just too emotional about the whole thing.""
"
man_body3337,"Mike chuckled. ""All right, Julie¡ªenough! Just checking.""
"
man_body3338,"""S'okay, Mike. I like you, too. But I'll be fine. Just give me the word, and I'll start dropping the bastards.""
"
man_body3339,"Mike shook his head slightly. The gesture was more rueful than anything else. He rose to his feet. ""How far are they now, Karen? I make it six hundred yards.""
"
man_body3340,""" 'Bout right,"" came the reply. ""A little less, those first horsemen. The crossroad is right around five hundred fifty yards, and they're almost there.""
"
man_body3341,"""You two got your locations fixed?"" Both girls nodded. ""Okay, then. I want to wait a bit. Don't want to scare them off before the Scots can circle. I want that army captured, not running off to attack some other town.""
"
man_body3342,"Mike turned his head, looking for Mackay. Mackay was standing next to Frank Jackson some fifteen yards off. Mike had asked the Scottish commander to stay with him as an adviser. Mackay had agreed readily enough. Much more readily than Mike had expected, in fact. At the time, Mike had ascribed that willingness to nothing more than Mackay's confidence in Lennox. But now, seeing the Scotsman staring at Julie, he realized that Mackay had an interest of his own.
"
man_body3343,"Mike managed not to smile. He had noticed the way in which Mackay, in times past, had tried not to ogle Julie in her cheerleader costume. The Scotsman had been quite discreet about it, in fact, despite the bare legs and Julie's exuberant athleticism. Mike found it amusing that Mackay was doing a much poorer job of maintaining his gentlemanly couth, seeing Julie now in her baggy hunting outfit. The Scotsman seemed utterly fascinated by the girl.
"
man_body3344,"Mike cleared his throat. ""Uh, Alex?""
"
man_body3345,"Startled, Mackay jerked his gaze away from Julie. ""Aye?""
"
man_body3346,"Mike pointed toward the still-distant mob of mercenaries. ""How close do they need to be? For Lennox to be able to surround them before they can make their escape?""
"
man_body3347,"Mackay, for all his own youth, was a seasoned cavalry officer. He took no more than a few seconds to gauge the problem. ""Four hundred yards,"" came the confident answer. ""Once all of them have passed the crossroad. That'll do nicely.""
"
man_body3348,"Mike turned back to Karen and Julie. Karen nodded. Julie ignored him. She was giving Mackay an odd look. Then, quickly, looked away and hefted her rifle. There might have been a slight flush on her cheeks. Maybe.
"
man_body3349,"Mike strolled back to the top of the ridge, where Frank and Mackay were standing. Frank was studying the mercenaries on the level ground below through his own set of binoculars. When Mike came up alongside the Scotsman, he said casually, as if commenting on the weather: ""She's got a boyfriend, you know.""
"
man_body3350,"Mackay's flush was not slight in the least.
"
man_body3351,"Mike did smile, now. ""Frank doesn't think much of him, though.""
"
man_body3352,"Jackson never took the binoculars away from his eyes. ""Worthless snot, you ask me. Thinks 'cause he was the captain of a high-school football team that he's some kind of bigshot for life. Probably wind up flipping hamburgers for the next thirty years.""
"
man_body3353,"He lowered the eyepieces. His face was quite expressionless. ""Rather see her get hooked up with a more substantial sort of man, myself. Even if he ain't as pretty as a homecoming king.""
"
man_body3354,"Silence. Mackay's eyes were riveted on the mercenaries, as if he had never seen enemy soldiers before. His lips were pressed tightly shut.
"
man_body3355,"Frank glanced at him. ""Your teeth bothering you? Why don't you pay a visit to the town's dentist? It'll hurt, mind you¡ªhe's pretty well out of anesthetic. But I'm sure he could fix them up.""
"
man_body3356,"Mackay's flush deepened. Mike knew that the Scotsman's teeth made him nervous in the presence of American women. For this day and age, Alex's teeth weren't in bad shape. But by American standards, they were something of an eyesore.
"
man_body3357,"Mackay's preoccupation caused him to lapse into the dialect of his youth. "" 've thought on it,"" he muttered. ""I'll no mind t'pain.""
"
man_body3358,"The last statement was flat, firm. Mike didn't doubt him for an instant. Men of Mackay's time had standards of pain acceptance that veered just as widely from those of Americans as their dental condition. ""Anesthetic,"" to a man like Mackay, meant half a bottle of wine¡ªand glad to get it.
"
man_body3359,"Behind his lips, Mike could see Mackay's tongue running over his teeth. "" 'Tis no the pain. S'the expense. I dinna ken if I can afford it.""
"
man_body3360,"Frank made a faint snorting sound. More of a sniff, perhaps. ""Hell, don't worry about that, Alex. Your credit'll be good with him.""
"
man_body3361,"""Credit?"" Mackay's eyes widened. ""Credit? I don't even know t'man!""
"
man_body3362,"""I do,"" stated Frank. ""He's my brother-in-law. Henry G. Sims, DDS."" Jackson nodded toward the sniper. ""Julie's father, as it happens. And he don't think any better of little old Chip-shit than I do. As it happens.""
"
man_body3363,"The binoculars went back up to his eyes. ""So go see him, why don't you?""
"
man_body3364,"""Good idea,"" concurred Mike. He gave Mackay a friendly slap on the shoulder. ""Good idea.""
"
man_body3365," 
"
man_body3366,"As Gretchen was about to leave the shack, a young boy came rushing in. She recognized him¡ªone of Mathilde's two younger brothers.
"
man_body3367,"""Max Jungers is outside!"" hissed the boy. He leaned over, his face anxious and intense. Gretchen saw the difficulty with which he was controlling his impulse to point.
"
man_body3368,"Her eyes flitted to Mathilde. Mathilde's own face was tight with apprehension.
"
man_body3369,"""Shit! I thought he'd decided to leave us alone.""
"
man_body3370,"""Who is Max Jungers?"" asked Gretchen.
"
man_body3371,"The words came out in a quiet, tumbling rush, from all of the women at once. When they were done, Gretchen nodded. Local tough. Hooligan. Thief. Cutpurse. Would-be pimp.
"
man_body3372,"""The usual,"" she muttered. ""He has bothered you?""
"
man_body3373,"The women nodded. Mathilde's little brother was staring at her with open eyes. ""I think¡ª"" he squeaked. Then, clearing his throat: ""I think he's not here for that."" The boy hesitated, as if abashed. ""I think¡ª""
"
man_body3374,"Gretchen chuckled. The sound was as humorless as a razor blade. ""Me?""
"
man_body3375,"The boy nodded. The gesture was quick, frightened.
"
man_body3376,"Gretchen rose from her chair. ""Well, then. I should go speak to him. Since he came all this way to see me.""
"
man_body3377,"Three seconds later, she was striding out of the shack. The women watched her go, gaping. There they squatted, for a moment, before the reality registered. Like a little mob, they rushed to the door and stared out.
"
man_body3378,"Max Jungers, sure enough. He had apparently been lurking at the corner. Now, seeing Gretchen coming down the narrow street, he smiled and ambled toward her across the cobblestones. His hand was resting loosely on the hilt of a dirk scabbarded to his waist.
"
man_body3379,"""Shit!"" exclaimed Mathilde again. ""There's going to be trouble!""
"
man_body3380,"Her cousin Inga nodded sadly. ""It's too bad. I liked Gretchen.""
"
man_body3381,"Mathilde stared at her. ""Are you mad? Don't you understand yet?""
"
man_body3382," 
"
man_body3383,"""Four hundred yards!"" snapped Karen. Before the last word was spoken, Julie's Remington erupted. Less than a second later, the most flamboyantly caparisoned mercenary ""leader"" was hammered out of his saddle. Julie was using her match ammunition. The 173-grain boat-tail round punched right through the front of his cuirass and took a goodly piece of his heart with it through the backplate.
"
man_body3384,"Julie was not particularly tall for an American girl¡ªfive and a half feet¡ªbut she weighed a hundred and forty pounds. The shapeliness of her somewhat stocky figure was due entirely to muscle. She absorbed the recoil with no difficulty at all. A quick, practiced, easy motion jacked another round into the chamber.
"
man_body3385,"""Target area six!"" snapped Karen. ""Three hundred fifty yards! Hat¡ªgreen feather!""
"
man_body3386,"Julie was standing, to give herself maximum ease of movement. At that range, she was not worried about accuracy. It took her not more than three seconds to bring the next target into her scope.
"
man_body3387,"Crack! The head beneath a green-feathered hat spilled blood and brains. The horseman slumped sidewise out of the saddle.
"
man_body3388,"""Fuck,"" grunted Julie. ""Missed!""
"
man_body3389,"Mackay's eyes were like saucers. Mike was amused¡ªand half-appalled. ""She was aiming for what James calls the 'sniper's triangle'¡ªboth eyes down to the breastbone,"" he explained. ""That shot was a little high.""
"
man_body3390,"Karen: ""Area three! Three hundred fifty again! Big old floppy hat!""
"
man_body3391,"Crack! A cavalryman was driven out of his saddle onto the rump of his horse. A red stain appeared on his cloth coat, just above the belt buckle. Behind him, a much larger pool of blood spilled down his mount's tail.
"
man_body3392,"""Shit!"" screeched Julie. She jacked another round into the chamber. The gesture was angry, frustrated. Her uncle hurried toward her. In the distance, Mike could see the cavalryman clutching his stomach. His legs flopped uselessly, trying to hold him onto the horse. Mike realized his spine was severed. A second later, he was toppling off the horse. He hit the ground like a sack.
"
man_body3393,"""Five ring at six o'clock,"" said Mike softly. ""She's off a little."" He glanced at Mackay. The Scotsman had transferred the wide-eyed stare to Julie.
"
man_body3394,"Frank was at her side now. Karen started to call out another target, but Frank waved her down. With one hand on Julie's shoulder, Frank was speaking urgently into his niece's ear.
"
man_body3395,"Mike could just hear the words. ""Take it easy, baby. Just buck fever, that's all it is. The bastards are going down. You aren't wide, just off your elevation. Easy to fix. Just take a breath¡ªrelax¡ªthat's it.""
"
man_body3396,"Julie took a deep breath and began easing it out. Another. She flashed her uncle a quick, thankful smile. Frank smiled back for an instant, before frowning ferociously.
"
man_body3397,"""And don't let me hear you using that kind of language again, young lady!"" He started wagging his finger.
"
man_body3398,"""You?"" demanded Julie. ""Foul-mouth Frank himself? Ha!""
"
man_body3399,"Cheerily, now¡ªsmiling¡ªJulie looked to Karen.
"
man_body3400,"""Call 'em out!""
"
man_body3401,"Karen was right on the job. ""Area one! Four hundred yards! The fatso!""
"
man_body3402,"Crack! A heavyset officer lost the proverbial pound of flesh¡ªright from the heart itself. The shot was perfect.
"
man_body3403,"And so were the rest. Crack! Crack! Down, down.
"
man_body3404,"Frank reloaded for her while Julie rested her shoulder. She was back to work in seconds.
"
man_body3405,"Crack! Crack! Crack! Crack!
"
man_body3406,"""Aye, an' she's t'true Queen o' Hearts,"" whispered Mackay.
"
man_body3407," 
"
man_body3408,"When Gretchen was fifteen feet away from Jungers, she stopped. So did he, leering cheerfully. He took his hand from the dirk and planted his arms akimbo.
"
man_body3409,"""Well now, girl¡ªit seems to me¡ª""
"
man_body3410,"""Did you see my husband?"" interrupted Gretchen.
"
man_body3411,"Jungers broke off. For an instant, his face was still. Then, just as quickly, the leer was back. More of a sneer, really.
"
man_body3412,"""The big fat one? Not worried about him.""
"
man_body3413,"""No reason to be,"" agreed Gretchen. She nodded, then smiled. The smile was very thin. Like a razor.
"
man_body3414,"""He would have tried to reason with you. That's why I love him so."" Gretchen reached into her bodice and removed the 9mm. The motion was easy and relaxed. So was the way she levered the slide. So was the way she slipped into a firing crouch, and brought the pistol up in a two-handed grip. She had spent hours and hours on the firing range, over the past few weeks, being trained by Dan Frost.
"
man_body3415,"Jungers' eyes widened. But he never thought to reach for his dirk. He didn't recognize the pistol for what it was, until the first shot was fired. But that shot blew out his cerebellum along with his teeth, so the thought was fleeting.
"
man_body3416,"Gretchen stepped up four paces, aimed at the body lying on the street, and fired again. That round went into the heart. There was no need for it, but Dan had trained her to go for the body mass shot. ""No headshots unless they're wearing armor,"" he had insisted, over and again. Gretchen was feeling a little guilty. She just hadn't been able to resist wiping that leer away.
"
man_body3417," 
"
man_body3418,"The mercenaries were truly a mob by now, milling aimlessly. Their pikes bristled in all directions, like a porcupine. Dozens of arquebuses were fired at random, blasting at nearby shrubbery.
"
man_body3419,"""I'll be damned,"" hissed Mike. ""They don't even realize what's killing them.""
"
man_body3420,"""At this range?"" choked Mackay. ""They've not a thought in the world!"" The young commander gave his head a sharp shake. He was finally able to tear his eyes away from Julie and look down the slope behind him. Far below, Lennox's upturned face was staring back, waiting for the command.
"
man_body3421,"Alex whipped off his hat and waved it. Lennox spurred his horse into motion, bellowing his own commands. Within thirty seconds, the Scots cavalry was pounding around the eastern end of the little ridge, aiming to encircle the left flank of the mercenaries by using the crossroad.
"
man_body3422,"In those thirty seconds, Julie extracted three additional hearts. Then there was a pause. The mercenaries had finally realized that only cavalrymen¡ªofficers¡ªwere being targeted. Every man on a horse who was still alive had clambered off. Most of the men wearing fancy headgear had removed it like so many snakes.
"
man_body3423,"Mike heard Karen muttering. ""Have to just pick 'em at random now. Okay. Area three! Any¡ª""
"
man_body3424,"""Hold up!"" shouted Mike. ""Hold up, Julie! That's enough!""
"
man_body3425,"He raised his binoculars. The mercenaries and their camp followers were crowded into a rough, packed circle. Julie's long-range massacre had confused them utterly. They had assumed themselves to be under attack from nearby skirmishers, and had taken position to charge in any direction once the enemy was spotted. By the time they saw the Scots cavalry pouring out from behind the ridge, it was too late to even think of fleeing. Most of them were on foot, and the cavalrymen didn't dare get back on their horses.
"
man_body3426,"Mike turned. Gayle was right there, handing him the CB. ""Okay,"" he ordered into the radio. ""APC move up. Remember, guys¡ªI want a surrender, not a slaughter. So start with the loudspeakers.""
"
man_body3427,"Below, the APC's engine roared into life. Hearing the sound behind them, Heinrich and his men immediately cleared a path down the middle of the road. Seconds later, the APC went charging through the gap. The German at the loudspeaker microphone was already bellowing out the terms of surrender.
"
man_body3428,"""You are surrounded. Lay down your weapons. Quarter will be given to all unarmed men. Your women and your possessions will not be touched. Lay down your weapons. New terms of enlistment will be offered. Pay¡ªgood pay¡ªfood and shelter. Only to unarmed men. Lay down your weapons. Quarter will be given¡ª""
"
man_body3429,"On and on, over and over. By the time the APC reached the mercenaries¡ªstill hundreds of yards from the ridge¡ªmany of them were beginning to lay down their pikes and firearms. To the north, the Scots had finished the encirclement and were beginning to trot forward. Hurriedly, all the mercenaries began to disarm.
"
man_body3430,"""A combination of the old and the new,"" mused Mike. Changing sides was common practice in this day and age, for surrendered soldiers. Even if APCs and rifles which could slay unerringly across a fourth of a mile were almost like magic. ""Old and the new.""
"
man_body3431,"He turned to Mackay, but saw that the Scotsman's mind was elsewhere.
"
man_body3432,"""God in His Heaven,"" whispered Alex. ""I've been in¡ªwhat?¡ªcall it six battles. Never killed that many men. Not in all my days put together.""
"
man_body3433,"Mike followed his eyes. Julie was leaning against the tree. So was her rifle. She was staring at the enemy, her arms crossed over her chest. Her face was blank as a sheet. Frank put his hand on her shoulder and gave it a little squeeze. That gesture brought Julie's own hand up, covering her uncle's. Other than that¡ª
"
man_body3434,"Nothing.
"
man_body3435,"""Can you handle this, young man?"" asked Mike softly.
"
man_body3436,"Mackay never looked away. His tongue, again, swept teeth under tight lips. ""Where does this dentist do his work?"" he asked.
"
man_body3437,"""I'll take you there myself."" Mike smiled. ""As it happens, I don't think any better of her boyfriend than Frank or Henry.""
"
man_body3438," 
"
man_body3439,"""There will be trouble,"" muttered Mathilde. She was now standing alongside Gretchen, not ten feet from Jungers' body. Mathilde plucked at Gretchen's sleeve. ""Come. He was nothing but garbage. If we are not here when the Watch arrives, they will not question anything. Just another street killing.""
"
man_body3440,"Gretchen swiveled her head. Her eyes widened slightly. ""Oh, but I want them to,"" was her reply. And she refused to budge thereafter, for all of Mathilde's pleas.
"
man_body3441," 
"
man_body3442,"""And maybe not,"" concluded Heinrich. He grinned at Ferdinand. ""So what do you say now, wise man? Ever been in such an easy fight in your life?""
"
man_body3443,"Heinrich spread his arms and looked down, inspecting his body. ""Look! Not even a speck of dust. Much less blood and guts.""
"
man_body3444,"Ferdinand glared at him. But not for more than a moment or two. Then he raised his head and gazed at the girl standing by the small tree atop the ridge. He heaved a deep sigh.
"
man_body3445,"""Ah . . . ! I still say¡ªah!""
"
man_body3446,"He rubbed his side. Even beneath the heavy cloth, Ferdinand could feel the ridged scar tissue. A pike had done for that, years ago, somewhere in Bohemia.
"
man_body3447,"Suddenly, he snatched the helmet off his head and raised it high.
"
man_body3448,"""Joo-li!"" he cried. ""Let's hear it for Joo-li!""
"
man_body3449,"The cheer was echoed instantly by all the men in the German contingent. Almost two hundred helmets were raised high¡ªa good number of them atop bayonets.
"
man_body3450,"""JOO-LI! JOO-LI! JOO-LI!""
"
man_body3451," 
"
man_body3452,"The watchmen who formed Jena's constabulary trailed after Gretchen like minnows after a shark. The Chief of the Watch scurried at her side, trying to match her striding steps. His hands fluttered with protest.
"
man_body3453,"""There must be an investigation!"" he exclaimed. ""An investigation!""
"
man_body3454,"""Absolutely!"" boomed Gretchen. ""My husband will insist!"" She smiled down at the short, portly Chief. ""You remember him, perhaps? The large man on the motorcycle? With the shotgun?""
"
man_body3455,"The Chief of the Watch had seen him, in fact. And he could guess¡ªnot that he wanted to¡ªas to the meaning of the strange terms ""motorcycle"" and ""shotgun.""
"
man_body3456,"""A very short investigation,"" he muttered. ""Only a formality.""
"
man_body3457,"""I think not!"" boomed Gretchen. ""My husband will insist otherwise!""
"
man_body3458,"Again, she smiled. ""And I, of course, must obey his every wish.""
"
man_body3459," 
"
man_body3460,"Finally, Julie's face gained an expression. She blushed with embarrassment, hearing the cheers coming from below in thick German accents. Then, blushed deeper still. The American soldiers now climbing up the ridge were cheering themselves. Julie! Julie!
"
man_body3461,"Frank managed to sigh and grin at the same time. ""So, niece of mine. How does it feel¡ªbeing cheered yourself, for once, instead of leading them?""
"
man_body3462,"""Feels great,"" came the immediate response. Julie was now grinning herself. Then, catching sight of one of the faces coming up the slope, the grin faded.
"
man_body3463,"""Oh, damn,"" she grumbled. ""I was afraid of that. Chip's sulking again.""
"
man_body3464,"Frank looked away. ""He's good at that. I've noticed.""
"
man_body3465,"Julie cast a suspicious glance at him. ""Are you criticizing my boyfriend, Uncle Frank?""
"
man_body3466,"""Me? God forbid. Nothing else, I've got too much sense to tell a young lady what kind of man she oughta latch onto.""
"
man_body3467,"The suspicion was replaced by a mischievous little gleam. ""God forbid, my ass!"" Then, Julie sighed. ""Oh, hell. I'm beginning to think¡ªI don't know. Maybe Chip's a little¡ªI don't know. Too young for me. Too immature. What do you think, Uncle Frank?""
"
man_body3468,"""Not for me to say,"" was the reply. ""Not for me to say.""
"
man_body3469,"""God forbid,"" agreed Julie. ""God forbid.""
"
man_body3470," 
"
man_body3471,"When Gretchen's husband arrived back at Jena, leading the triumphant American army on his motorcycle along with his friends, he did not demand a full investigation into the circumstances regarding the death of one Max Jungers at the hands of his wife.
"
man_body3472,"Not at all. He more or less demanded, instead, that a fair piece of Jena be turned into rubble. Offered to do it himself, in fact, insofar as the very frightened Chief of the Watch could interpret his snarling phrases. And his friends, apparently, were offering to help.
"
man_body3473,"So, when they arrived, did the Americans riding in the awesome APC. So did the Americans marching alongside the thousands of captured prisoners and their camp followers.
"
man_body3474,"So did the Scots cavalry¡ªwith the sole quibble that all of Jena would look better, loose stone piled on charred beam.
"
man_body3475,"The Chief of the Watch¡ªall of the town's notables, in fact, who had gathered hastily by now¡ªhad no difficulty at all understanding the Scotsmen. The Scots accent was heavy, but their command of German was excellent. And whatever slight misunderstanding there might have been was promptly cleared up by the German contingent in the American army, who added their own cheerful recommendations. Most of which involved the sort of gruesome details which only hardened mercenaries can send tripping so lightly off the tongue.
"
man_body3476,"Fortunately¡ªdanke Gott!¡ªthe American commander was a less irascible sort of man. Slightly.
"
man_body3477,"""Bad,"" muttered Mike angrily. ""Very bad!"" He glared at the cluster of frightened notables. ""One of our women molested¡ªafter not more than a few hours in this town? Just visiting old friends and distant relatives?""
"
man_body3478,"He snarled. ""Very bad!"" Then, visibly restraining his fury: ""But¡ª No doubt the town itself was not responsible.""
"
man_body3479,"Heinrich interpreted. A small sea of nodding heads greeted that last sentence. Mike responded through clenched teeth.
"
man_body3480,"First, to Heinrich: ""Interpret precisely!""
"
man_body3481,"Then, to the notables: ""This scoundrel. Jungers, his name? He has friends? Accomplices?""
"
man_body3482,"Eagerly, the notables offered up the sacrificial lambs. Names were named. Faces described. A particularly disreputable tavern mentioned¡ªspecified¡ªdescribed in detail¡ªits location precisely depicted¡ªoffers of help to find the way¡ª
"
man_body3483,"The APC rumbled down narrow streets, followed by perhaps a hundred American soldiers. The large and well-armed husband stayed behind, surrounded by several hundred equally fierce-looking friends and comrades. Fortunately, he seemed preoccupied with comforting his timid, trembling, terribly upset wife. So, at least, the notables interpreted the beautiful young woman's shaking shoulders and heaving chest. The husband's broad smile, of course, was nothing more than a man trying to settle his wife's nerves.
"
man_body3484,"By the time the APC reached its destination, the tavern had long since emptied. Not even the owner of the ramshackle stone building had stayed behind.
"
man_body3485,"Wise choice. The Americans¡ªin and out of the APC¡ªput on a splendid display of firepower. The large crowd of Jena's citizens who watched were most impressed. And even more pleased. The tavern's reputation was well deserved.
"
man_body3486,"So, the incredibly rapid rifle fire which shattered all the windows and pockmarked the soft stone walls was cheered exuberantly. The Claymore mine mounted on the APC's front armor which blew the heavy wooden door into splinters was greeted with gasping applause. And the pi¨¨ce de r¨¦sistance¡ªthe grenades lobbed into the interior which turned a tavern into so much wood-and-glass wreckage¡ªproduced squeals of glee and even, here and there, some dancing in the streets.
"
man_body3487,"When it was all over, everyone's good mood had returned. The notables as much as the Americans. It was not surprising, therefore, that the town's high and mighty were quick to accept Mike's new offer.
"
man_body3488,"Perhaps¡ªin addition to trade and commerce¡ª
"
man_body3489,"Perhaps¡ªand the value of exchanging knowledge and pooling printing facilities¡ª
"
man_body3490,"¡ªand, of course, now that he thought about it, perhaps a closer joining of forces to protect everyone against the ravages of the coming winter¡ª
"
man_body3491,"¡ªit occurred to the American leader¡ª
"
man_body3492,"¡ªperhaps¡ª
"
man_body3493,"¡ªthat Jena could use a bit of help, patrolling the streets and keeping the ruffian element under control.
"
man_body3494,"Wunderbar!
"
man_body3495," 
"
man_body3496,"As they left town, one of Jena's now-fawning notables made so bold as to ask Mike a question. Heinrich interpreted again.
"
man_body3497,"Mike looked up at the banner flying from the APC. It was a modification of the U.S. flag. The same thirteen red-and-white stripes. But the blue field in the corner contained only a single star. A small one, for the space, nestled in the upper left.
"
man_body3498,"""We call ourselves the United States,"" he explained.
"
man_body3499,"The notable conferred with Heinrich, making sure that he hadn't misunderstood the plural. Again, he asked a question.
"
man_body3500,"""Oh, there's just one state. At the moment."" Mike pointed to the single star. ""That's Grantville, and the surrounding area.""
"
man_body3501,"He beamed down at the notable. ""We expect to add others. I think Badenburg and its countryside will be joining us soon. Certainly hope so!"" Again, he pointed to the flag.
"
man_body3502,"""Then there will be two stars.""
"
man_body3503,"Again, the beaming smile. ""You grasp the logic?""
"
man_body3504,"And there he left the notable. Staring at the flag, as it passed slowly out of sight.
"
