﻿¼üÖµ,Ô­ÎÄ,ÒëÎÄ
man_body3708,"Chapter 42
"
man_body3709,"Mike started his speech by going straight to the point.
"
man_body3710,"""There's only one issue in this campaign. Forget all the blather about at-large election. And why is Simpson so worked up about what he calls the 'principle' of residential election, anyway? Back in the old days, what with his globe-trotting and his villa in Spain and his penthouse in London, I'm sure he never cast anything except absentee ballots.""
"
man_body3711,"The large crowd in the Gardens laughed. Mike waved his hand, as if brushing aside an insect.
"
man_body3712,"""But that's all a red herring. The only thing Simpson really cares about is the same thing I care about¡ªthe franchise."" Again, he made that brushing motion with his hand. ""Oh, sure, there's other stuff. Lots of it. Our refugee policy, our economic policy, our foreign policy¡ªyou name it, and Simpson and I are on opposite ends. But all that's for later. This election is for delegates to the constitutional convention. The convention won't be deciding matters of policy. It will settle something far more important, which is simple. Who decides in the first place? Whatever policy is implemented, by whatever person or party¡ªwho gets to decide which person or party holds office? That's the franchise, and the franchise is ultimate power. And that's the issue. The only issue.""
"
man_body3713,"Mike turned from the microphone and glanced at Rebecca, standing toward one side of the stage. She came forward, holding two documents in her hand, and passed them to Mike.
"
man_body3714,"The first document which Mike held up was a few pages, stapled together.
"
man_body3715,"""This is our proposed constitution."" He nodded toward a group sitting at a nearby table. ""Ed, Melissa, James and Willie Ray drew it up, and the emergency committee as a whole approved it.""
"
man_body3716,"A call went up from one of the tables in the back. ""Underwood, too?""
"
man_body3717,"Mike nodded. ""Yes. Quentin's running for delegate based on this proposal.""
"
man_body3718,"A little murmur went up from the crowd. More than a little, actually. The news of Underwood's allegiance was significant, and everyone knew it. In times past, as manager of the largest working mine in the area, Quentin had been the proverbial ""big man in town."" The biggest, in truth. Unlike many of the town's businessmen, Underwood was not an independent proprietor. But his actual power and influence had been far greater. No locally owned small business in Grantville had had anything like the payroll of the mine, nor the purchasing power of its manager.
"
man_body3719,"Some of the UMWA members in the tavern were not exactly thrilled by the news. They were more accustomed to seeing Underwood on the other side of a picket line. But none of them were stupid, and all of them were accustomed to thinking in tactical terms. First things first. Better the manager¡ªhome-grown boy, comes down to it¡ªthan that stinking out-of-town miserable CEO son of a¡ª
"
man_body3720,"Harry Lefferts summed it up: ""Bet Simpson's dick turned into a pickle when he heard that.""
"
man_body3721,"His packed table erupted in laughter. ""That leaves him all the little old ladies and the used car dealers."" More laughter. ""Oh, yeah¡ªI forgot. I hear the temperance people are backing him one hundred percent, too."" Uproarious laughter now. The town's alcohol consumption, never low, had reached epic proportions with the massive influx of German refugees. ""Temperance,"" for seventeenth-century Germans, meant no beer with breakfast.
"
man_body3722,"On the stage, Mike was continuing. He held up the other document Rebecca had given him. It constituted a very thick bundle.
"
man_body3723,"""And these are the amendments demanded by Simpson and his crowd."" His expression exuded sarcasm. ""If you can use the word 'amendments' to refer to something four times longer than what they're supposedly amending. Their delegates are running on this proposal¡ªbecause it is a different constitution altogether. You want to know what it is? Really? It's a Jim Crow constitution, that's what.""
"
man_body3724,"He began thumbing through the sheets and reading portions of the amendments. ""'Absolute command of English, ascertained by duly appointed election boards . . . includes satisfactory literacy, ascertained by the same boards.'"" Mike scanned down; chuckled. ""This one's my favorite: 'aspirants for voting rights must demonstrate a sound knowledge of American history, to the satisfaction¡ª'""
"
man_body3725,"He dropped the sheets onto the floor, as if they were unclean. ""I'm sure I couldn't pass those tests¡ªnot given by the kind of 'boards' Simpson has in mind. Jim Crow boards, that's all they'd be."" He grinned. ""I imagine they'd even flunk Rebecca.""
"
man_body3726,"""Yeah?"" demanded Lefferts in a booming voice. The young miner rose¡ªwell, staggered¡ªto his feet. ""Put Simpson on Becky's talk show then! Let's all watch her clean his fucking smartass clock!""
"
man_body3727,"The tavern erupted with laughter and applause. For weeks, Rebecca's thrice-weekly roundtable discussion had been the most popular of all the TV shows. Hands down.
"
man_body3728,"""She offered!"" came a woman's voice. The crowd craned their necks. At a table near the side, Janice Ambler stood up. ""She offered¡ªeight times,"" repeated the TV station's manager. ""Simpson turned her down.""
"
man_body3729,"On the side of the stage, Rebecca was hanging her head in embarrassment. Then, hearing the loud cheer which went up in the tavern¡ªand continued, and continued¡ªshe force herself to raise it. She was learning, slowly, not to assume an automatic pose of modesty when her prodigious intellect was publicly praised. But she was still unaccustomed to such praise, after all these months. So she was unable to control the flush in her cheeks. Fortunately, with her dark complexion, the involuntarily reaction went largely unnoticed.
"
man_body3730," 
"
man_body3731,"Lennox spotted it, of course, as did Rebecca's relatives. Her father sipped his beer complacently. Lennox grunted. ""Did I mention they was daft? Praisin' female brains in pooblic!"" He guzzled his own beer. "" 'T'will all end badly¡ªmark my words.""
"
man_body3732,"Mike was giving a peroration now, but Lennox's words drove over it at his own table. ""Ye can ignore t'is portion o' t'speech, lads. 'Tis a lot o' silly business 'boot t'grand tradition o' West Virginians an' how they seceded from a sorry lot o' aristocratic secessionists when t'slave-owning bastids attempted to undermine t'will o' America's 'onest an' stalwart yeomanry¡ª""
"
man_body3733,"His summary made no more sense to the Jewish diplomats at the table than what they could grasp of Mike's own speech. But if they missed the specifics of the thing, they did not fail to grasp the essence of it.
"
man_body3734,"""The man is serious about this,"" muttered Moses. His eyes roamed the huge room, scanning the crowd packed everywhere. For all their easy intermingling, Moses could easily distinguish the Americans from the Germans, and both from the Scots. Others were unknown to him. A small party of men at one table, acting very ill at ease, he found impossible to place.
"
man_body3735,"""Mennonites,"" whispered Balthazar. ""A few hundred of them arrived just two weeks ago. The Americans gave them a grant of unused land in the foothills. Those are their elders.""
"
man_body3736,"""Deadly serious,"" stated Lennox. He wiped beer from his lips. The gesture carried an unmistakable aura of satisfaction. ""T'man's daft, lads, but make no mistake 'boot one t'ing. He is a faery, right an' true.""
"
man_body3737,"""Will he win this contest?"" asked Samuel.
"
man_body3738,"Lennox gave him a cold gaze. ""Didna ye hear me? A faery, I said.""
"
man_body3739," 
"
man_body3740,"At the same moment, if in a different way, Underwood and Henry Dreeson had come to the same conclusion.
"
man_body3741,"Leaving the Chamber of Commerce meeting, Underwood remarked: ""That went better than I'd expected.""
"
man_body3742,"Dreeson smiled. ""Not me, Quentin.""
"
man_body3743,"The former-and-still mine manager eyed him skeptically. ""I know that bunch, Henry. They're about as conservative as dinosaurs. Hell, they even make me look like a wild-eyed radical.""
"
man_body3744,"The town's mayor shook his head. ""That's not fair, Quentin. Dinosaurs are extinct, and that's one thing those boys don't intend to be.""
"
man_body3745,"They came out onto the street, and took a moment to button up their jackets. November had come in chillier than they were accustomed to.
"
man_body3746,"Dreeson looked up and down the street. ""Look at it, Quentin. Notice anything different?""
"
man_body3747,"""Sure! The street's packed with people. Business is booming."" Underwood glanced up at the row of old, multistory brick buildings lining both sides of Grantville's small downtown ""main drag.""
"
man_body3748,"""I can remember when half of those buildings were vacant,"" he mused. But the statement was accompanied by a scowl. ""Still¡ªthe place is a lot rowdier, too. Dan and his deputies are really earning their keep now. He told me the other day he's starting to feel like Wyatt Earp or Bat Masterson, trying to keep a Wild West boom town under control.""
"
man_body3749,"But Dreeson's eyes were elsewhere. He was watching a small mob of children romping through the street. With only an occasional bus coming through, Grantville's streets had become pedestrian avenues.
"
man_body3750,"""I was thinking about the kids,"" he said softly. ""It broke my heart, Quentin. All those years, in this town I was born in, grew up in, and love so much. Plan to die in. Seeing so many of the young people leave, like they do¡ªdid¡ªall over Appalachia.""
"
man_body3751,"The elderly mayor drew in a deep breath. The cold autumn air seemed to invigorate him. ""Damn and blast Simpson and all his Cassandra screeching."" Dreeson nodded back toward the building they had just emerged from. ""Sure, they're nervous. Nervous as hell. But they'll back us up. Business is booming, even if it is crude. And the kids are back. In droves.""
"
man_body3752,"* * *
"
man_body3753,"Two other people, walking down a different street, were also finding the chill air invigorating. Or, perhaps, it was simply their own company.
"
man_body3754,"""It won't be easy, Alex,"" said Julie. She stopped at a corner and turned to him. Her hands were tucked into the pockets of the jacket she had put on as they left the tavern. Julie's expression was severe, in the excessive manner of a girl trying to be a mature woman. ""I don't need another twitchy boyfriend.""
"
man_body3755,"The Scotsman's freckled face was twisted by a wry smile. ""I trust you'll allow me the occasional lapse?""
"
man_body3756,"Taking Julie's chuckle for an affirmative, the smile became much less wry. ""I'm not a boy, Julie, despite my looks. I've seen more ruin and destruction in my life than I care to think about. I think it gives a man¡ªme, at least¡ªa certain perspective.""
"
man_body3757,"The smile vanished, replaced by his own excessively severe expression. ""For my part, you must understand that I am sworn to the service of the king of Sweden. No matter what you may have heard about mercenaries, I take that oath seriously. So¡ª""
"
man_body3758,"Julie took her right hand out of the pocket and placed fingertips on his lips. "" 'Nough. I understand. You don't need a fretting female. You'll be gone a lot, and may never come back.""
"
man_body3759,"He took her hand in his own and kissed the fingertips. Then, taking them gently away: ""Not willingly. But mine is a risky profession. No way around that.""
"
man_body3760,"They set off again, now walking hand in hand. Julie's steps, as always, had a certain bounce to them. More than usual, perhaps.
"
man_body3761,"""You'll allow me the occasional lapse?"" she asked.
"
man_body3762," 
"
man_body3763,"Her first lapse came less than two minutes later.
"
man_body3764,"""Tomorrow?"" she exclaimed.
"
man_body3765,"Mackay shook his head. The expression combined regret, apology¡ªand stubbornness.
"
man_body3766,"""I must, Julie. I was in Jena when the king passed through Thuringia, so I was unable to report. I can delay no longer. Gustav Adolf has established a temporary headquarters in W¨¹rzburg. But I don't know how long he'll be there. He's moving very fast, while the imperialists are still off balance. So I must be off¡ª""
"
man_body3767,"""Tomorrow!"" she wailed.
"
man_body3768," 
"
man_body3769,"If the horde of children who burst around the corner and swarmed past them some time later thought there was anything odd about two people embracing in public, they gave no sign of it.
"
man_body3770,"Probably not. They saw a lot of that, these days.
"
