﻿¼üÖµ,Ô­ÎÄ,ÒëÎÄ
man_body198,"Chapter 3
",第三章
man_body199,"Mike used Jenny's car, still dug into the embankment, as a stepping stone to climb onto the embankment. When he planted his foot on the peculiar wall, it immediately gave way, showering more dirt on the car. He sprawled awkwardly, cursing under his breath, and dragged himself over the edge.
",迈克用杰妮的车作为登上那个亮闪闪的墙面的垫脚石。当他单脚站上那奇特的墙时，它立刻开始崩塌，把更多的泥土溅落在杰妮的车上。他咒骂一声，伏低身子保持平衡，然后爬上墙的边缘。
man_body200,"Once he arose, he gazed down at his tuxedo. Between his recent mishap and the effects of throwing himself onto the pavement when the shooting started, the elegant outfit was looking more than a little scruffy.
","当他站起来的时候，他看了一下自己的礼服。因为他最近接连倒霉,先是在枪战时卧倒在地，又是遇上了这可恶的墙，现在原本高雅的礼服已经和叫花子穿的没有什么区别了。"
man_body201,"The rental company's not going to be happy with me, he thought ruefully. But¡ª
",礼服公司可不会高兴。
man_body202,"Mike gave Frank a hand climbing up. ""Be careful,"" he urged. ""That wall looks solid because it's so shiny, but it's nothing but loose earth.""
",迈克拉着弗兰克上来。“小心点，”他说。“那墙看上去很坚硬，实际就是一堆松土。”
man_body203,"Once Frank was atop the wall, he turned to help the others. Mike took the moment to examine his surroundings.
",弗兰克上来后帮着后面的人，迈克则开始检查周围的环境。
man_body204,"His new surroundings. What he saw confirmed his suspicions.
",他现在所处的环境证实了他的猜测。
man_body205,"But I think a ticked-off tuxedo rental company is probably the least of my problems.
",我觉得礼服租赁公司不会来找我麻烦了。
man_body206,"The ""wall"" wasn't a wall of any kind. It was simply the edge of a plain stretching into the distance. Everything about that landscape was wrong. There was no level stretch that size anywhere in northern West Virginia. And the sun¡ª
",“墙”并不是任何意义上的墙，它只是一片平原的边缘。这片平原没有任何西弗吉尼亚北部的特征，而太阳。。。
man_body207,"Frank vocalized the thought. ""Mike, what's happening? Even the damn sun's in the wrong place."" He pointed to the south. ""Should be over there.""
",弗兰克叫着：“迈克，发生了什么？即使太阳也在错误的位置。”他指着南边：“应该在那里。”
man_body208,"Or is that the south? wondered Mike. At a guess, I'd say we're facing north instead of east, like we should be.
",或者现在太阳就在南边？迈克纳罕着。也许我们现在就在面向北边而不是东边。
man_body209,"He thrust the problem aside. Later. There were more pressing problems to deal with. Much more pressing.
",他先咽下了问题，至少现在有更急迫的事情要解决。
man_body210,"The plain was heavily wooded, but not so much so that Mike couldn't see one¨Ctwo¨Cthree farmhouses scattered among open fields. One of the farmhouses was not more than a hundred yards away.
",平原上树木密布，但是并不像迈克想的那样有三两个农场散布在广阔的原野上。有一个农场就在离这里不到一百码（九十米）外。
man_body211,"Close enough to make out some details . . . 
",足够近来研究一下了。
man_body212,"""Jesus,"" hissed Frank.
",“天啊！”弗兰克惊叫道。
man_body213,"The two farmhouses in the distance were burning fiercely. The one nearby was not. It was a large and rambling structure. Unlike the wood-frame farmhouses which Mike was familiar with, the construction of this one leaned heavily toward stone. Hand-fitted stone, from what Mike could see. If it weren't for the fact that the farmhouse had all the signs of current occupancy¡ªthat unmistakably ragged-respectable air of a place where people worked¡ªMike would have sworn he was looking at a something out of the Middle Ages.
",两个远处的农场都在猛烈的燃烧，靠近的一个没着火。这是一个大型藤蔓丛生的结构。不同于迈克熟悉的那种农场，这个建筑主要是石质的，由手工雕琢成的。这不像是任何现代的建筑，而是有点像中世纪的风格。
man_body214,"But he didn't spend more than two seconds studying the farmhouse itself. The farmhouse was still being ""worked,"" but not by farmers.
",但是他没有花时间研究农场，因为那里还有人在“工作”，但他们不是农夫。
man_body215,"His teeth were clenched. He could sense that Frank, standing next to him, was filled with the same outrage. Mike looked around. All of his miners were on the plain now, standing in a line staring at the scene.
",他感觉自己咬紧了牙齿，可以感觉到站在身边的弗兰克也怒气冲冲。回头一看，所有的矿工都上来了，在身后站成一排。
man_body216,"""All right, guys,"" he said softly. ""I count six of the bastards. May be more inside. Three of them are assaulting that poor woman in the yard. The other three¡ª""
",“好的同志们，”他小声地说。“我数到六个畜生，也许农场里还有。三个人正在那里糟蹋一个可怜的女人。另外三个...”
man_body217,"He looked back at the horrendous sight. ""Don't know exactly what they're doing. I think they've got that guy nailed to his door and they're torturing him.""
",他回头看了一下可怕的场景。“我不知道他们在做什么。我觉得他们正在把一个人钉在门上，他们正在虐待他。”
man_body218,"Slowly, as softly as possible, Frank levered a round into the chamber of his rifle. Despite its incongruity with the suit he was wearing, the action was quietly murderous. ""So what's the plan?"" he demanded.
",缓慢，尽量压低声音，弗兰克往他的步枪里压进一发子弹。尽管他穿的礼服，动作却非常的杀气腾腾。“所以怎么做？”他问道。
man_body219,"Mike spoke through tight jaws. ""I'm not actually a cop, when you get right down to it. And we haven't got time anyway to rummage around in Dan's Cherokee looking for handcuffs."" He glared at the scene of rape and torture. ""So to hell with reading these guys their rights. We're just going to kill them.""
",迈克紧巴巴地说。“我不是警察，而且我们也没时间回去把丹的手铐带上了。”他看了一眼强奸和酷刑的场面。“所以鉴于这些混蛋的所作所为。我们直接杀了他们。”
man_body220,"""Sounds good to me,"" snarled Darryl. ""I got no problem with capital punishment. Never did.""
",“听上去不错，”达瑞尔说。“我一直反对废死。”
man_body221,"""Me neither,"" growled one of the other miners. Tony Adducci, that was, a beefy man in his early forties. Like many of the miners in the area, Tony was of Italian ancestry, as his complexion and features indicated. ""None whatsoever.""
",“我也反对，”另一个矿工几乎咆哮着说。托尼·安杜奇，是一个四十岁出头的壮汉。像其他矿工一样，是意大利裔。他补充完整：“无论如何都要判他们死刑。”
man_body222,"Tony, like Mike, was holding a pistol. He reached up with his left hand and quickly removed his tie. Angrily, he thrust it into a pocket. The rest of the miners did likewise with their own. None of them took off their jackets, however. All of them were wearing white shirts and all of them were experienced hunters. Their suit jackets, gray and brown and Navy blue, would make better camouflage. After removing their ties¡ªa bow tie, in Mike's case¡ªthe miners simply loosened the top collar buttons. For the first time in their lives, they would ""hunt"" in their Sunday best, wearing dress shoes instead of boots.
",托尼和迈克一样拿着一把手枪。他用左手很快的摘下自己的领带，怒气冲冲地塞进自己的口袋。其他矿工也整理了一下着装，他们都没有脱下自己的夹克。因为他们里面穿着白色的衬衣，作为老道的猎手。他们知道外衣夹克的深灰色、棕色和海军蓝会提供更多的伪装。在脱下他们的领带和蝴蝶结后，有些人还松开了自己衬衣最上面的口子。这是他们第一次穿着盛装皮鞋“狩猎”，而不是靴子和猎装。
man_body223,"Mike led the way, working toward the farmhouse through a small grove of trees. Birch trees, a part of his mind noted idly. That's odd too. Most of his mind was simply wishing that the slender trees provided more concealment. Fortunately, the criminals at the farmhouse were too preoccupied with their crimes to be paying any attention to the area around them.
",迈克带路领着矿工前往农场，中间穿过一个小树林。这是桦树，他心里冷静地判断到。在这里有这种树也太奇怪了，不过这能够给他们提供更多的伪装。更加幸运的是，农场里的罪犯们专注于自己手上的罪行，没有关注周围有一群“猎人”靠近。
man_body224,"The miners got within thirty yards of the house without being spotted. They were now squatting down, hidden in the trees at the very edge of the farm yard. The woman being raped was not more than forty feet away. Mike's eyes shied away from the sight, but his ears still registered her moans.
",矿工们走到农场以内三十码（27米）没有被发现。他们现在伏低身子，躲在树林里。那个被强奸的女人就在四十英尺之内（12米），迈克避过眼睛不去看她，但是还能听见她的呻吟。
man_body225,"And the coarse laughs of the men assaulting her. One of them, the man holding her arms to the ground, barked a jeering remark at the man on top of her. The rapist grunted some sort of reply.
",那个强暴她的男人的粗鲁的笑声不绝于耳。另外一个架着她胳膊的男人，在对着那个男人开着下流的玩笑，强暴者咕哝着回复着。
man_body226,"Mike couldn't understand the words, but they sounded German. He'd been stationed in Germany for a year, while he'd been in the Army. But he remembered little of the language beyond the essential phrase, ein bier, bitte.
",迈克听不懂这种语言，感觉是德语。他曾经在德国驻扎过一年，在军队的时候。尽管没学过，但是他记得一两个短语比如说ein bier什么的。
man_body227,"""Those guy are foreigners,"" muttered Darryl. The young man's face was tight with anger. ""Who do they think they are, coming here and¡ª?""
",“这些混蛋是外国人，”达瑞尔说。年轻人的脸紧绷着“他们觉得自己是谁？敢来这里撒野。”
man_body228,"Mike made a short, curt gesture, commanding silence. He went back to studying the criminals.
",迈克做出了个噤声的手势。他转身继续去研究这些罪犯。
man_body229,"All of them wore that same peculiar armor and those weird helmets, although the men assaulting the woman had removed theirs. The discarded gear was lying on the ground nearby. The men torturing the farmer still had their armor and helmets on, but they had stacked their firearms against the wall of the farmhouse. From a distance, the ""rifles"" looked like the same kind of weapons carried by the two men killed by the police chief.
",所有的人都穿着同样式的铠甲和奇怪的头盔，尽管侵犯女人的男的已经卸下了铠甲。丢弃的铠甲散落在地面上。那些折磨那个农夫的男人仍然穿戴着盔甲，但是他们把火枪顶在农场墙上。从远处看，这些步枪很像是那两个警长击毙男人的。
man_body230,"The helmets and armor reminded Mike of pictures he had seen of old Spanish conquistadores. The helmets were metal pots, basically, with flanges tapering into points toward the front and back. The armor, if he remembered right, was called a cuirass. Steel breast and back plates, tied on with leather strips. Outside of the antique-looking firearms, the only weapons they had in their possession were¡ª
",这些盔甲仿佛让迈克想起了西班牙征服者。头盔几乎是个铁罐头，有着从前往后的尖锐脊部。铠甲，如果他没有记错的话应该是胸甲的样式。胸甲旁边挂着皮带绑好的古老火器，这是他们现在身边唯一的武器。
man_body231,"Swords? Swords?
",剑？
man_body232,"He looked back at the three men asaulting the woman. They were not wearing swords, but now that Mike knew what to look for he spotted the weapons immediately. The scabbarded blades had been unbuckled and tossed onto the ground near the firearms. Mike had never once in his life considered the practical mechanics of rape, but he could understand why a sword would be awkward. These men, he was suddenly quite certain, were not committing this crime for the first time. There was a relaxed and practiced casualness about their activity.
",他回头看着那三个强暴女人的男人。他们没有携带佩剑，但是迈克很快找到了他们的武器。几把出鞘的剑随意的丢弃在火枪的旁边。迈克从来没有研究过强奸的姿势，不过他现在明白为什么那几个人要丢掉剑了。不过这也说明这些人不是第一次犯下罪行，反而很轻车熟路，甚至对他们所做的事情颇为放松。
man_body233,"You are dead men. The thought was grim, final.
",你们死定了。迈克冷冷地想到。
man_body234,"He turned his head and whispered in Frank's ear. ""You've got the only rifle. Can you take out the bastards at the door? Don't forget, they're wearing armor. Can't go for a body shot.""
",他转过头来在弗兰克耳边轻语：“只有你带着步枪，你可以拿下那几个门边的混蛋吗？他们穿着铠甲可能得打头。”
man_body235,"Mike and Frank stared at the three men torturing the farmer. The heavy door of the house had been opened wide and pressed against the wall. The farmer's wrists were pinned to the door with knives. A man in front of him was digging another knife into the farmer's thigh, while his two companions shouted at him. The shouts, Mike thought, were some kind of interrogation. It seemed a pointless exercise. The farmer was screaming with pain, oblivious to any questions.
",迈克和弗兰克盯着那三个折磨农夫的男人看。农场的房门大开，一直顶到墙。农夫的手腕被刀子钉在门上。一个男人此时正在把另一把刀钉进农夫的大腿，而他两个同伴正在对着农夫喊叫。他们也许，迈克想，正在进行审问。这明显没有什么用。农夫被剧痛和惨叫淹没，没办法回答任何问题。
man_body236,"""Forty yards?"" Frank snorted. ""Don't worry about it. A .30-caliber slug in the ass will take anybody down.""
",“四十码？”弗兰克喷了喷鼻息。“别担心。.30口径的弹头能击倒任何人。”
man_body237,"Mike nodded. He turned the other way and motioned toward Harry Lefferts. Harry crept up to him.
",迈克点头。他转身爬向哈里，后者也向他匍匐前进。
man_body238,"Mike scowled at the sawed-off double-barreled shotgun in Harry's hands. ""Forget that stupid thing. We've got innocent people mixed up with these thugs."" He handed Harry the riot gun he'd taken from the Cherokee. ""Use this. It's loaded with buckshot. The magazine's full¡ªI already checked. When Frank shoots those guys at the door, you back him up. He's going to be aiming for their legs, on account of the armor. You finish them off after they're down.""
",迈克皱着眉头看哈里手里锯断的散弹枪。“别用那个东西。我们有受害者混在那群混蛋之中。”他把警长的短筒防暴枪给他。“用这个，装填了大号铅弹。枪机完好。当弗兰克向门边的混蛋射击时，你掩护他。他要射击那些人的腿部，然后你在他们倒下后上前结果了他们。”
man_body239,"Harry nodded. He tucked the sawed-off shotgun under a nearby shrub and took the riot gun. After passing over the additional shotgun shells in his pocket, Mike glanced around at the rest of his men. All of them, like himself, were armed with nothing more than pistols and revolvers.
",哈里点头。他把猎枪藏在附近的棺木中，拿起了防爆枪。在准备好额外的猎枪弹药后，迈克回头看着剩下的人。所有的人都只装备了手枪和左轮。
man_body240,"He decided there was no point in developing any more of a battle plan. Besides¡ª
",他决定无须再制定战斗计划了，另外，
man_body241,"I can't bear listening to this any longer.
",他已经受够了女人的叫声了。
man_body242,"""Just back me up, guys,"" he whispered. To Frank: ""Don't start shooting till I do.""
",“掩护我就行，伙计们，”他小声说。另外提醒弗兰克：“知道我开始再开枪。”
man_body243,"A second later, Mike rose to his feet and strode out of the trees toward the rapists. He held the revolver in his right hand. His steps were quick, but he was not running. Mike hadn't boxed professionally in years, but the old training and experience had taken over. Steady, steady; don't lose your cool; it's just another fight. A stray, whimsical part of his mind told him how foolish he looked, marching toward mayhem in wingtips and a tuxedo, but he ignored it.
",一秒后，迈克起身走出树林，大步走向强奸犯。他右手拿着左轮。尽管步伐很快，他却没有跑。迈克尽管已经几年没有打过职业拳击了，但是训练还是让他知道一定要稳住，不要丧失了冷静。这只是另外一场拳击而已，只不过自己穿着脏了的燕尾服看上去颇为滑稽。
man_body244,"The first man who spotted him was the one squatting on his heels about three feet from the woman. The man had been simply watching the scene, leering. When Mike's movement caught his eye, the man turned his head. His eyes widened. He was not more than thirty feet away, turned sideways.
",第一个发现他的暴徒是那个蹲在女人身后的，一看见迈克的行动，他就转头过来。他眼睛间距很宽。
man_body245,"Mike stopped. He crouched slightly, in a firing-range stance, bringing up the revolver. Some part of his mind noted the instant reflexes of the man he was going to kill, and was impressed. No tyro, he. The man was already rising, shouting a warning.
",迈克停下来，略微下蹲，现在正好两人相距三十英尺是开火范围。他注意到那个男人开始大声示警。
man_body246,"Both hands, firm grip, cock the hammer. Steady, steady. Center of mass. Squeeze the¡ª
",双手持枪，紧握，套中准星。稳住，稳住。。。
man_body247,"As always, the magnum went off with a roar and bucked in Mike's hand. He watched just long enough to see that the slug had slammed into the man's turning shoulder and knocked him flat. A split second, no more. The man might still be alive, but he was clearly out of the action.
",像往常一样，马格南在迈克的手里欢快的跳动着。
man_body248,"Mike could hear the flat crack of Frank's Winchester, and Harry shouting. He ignored the sounds, blocking them out as easily as he had blocked out the roar of the crowd while he was in the ring. He was swiveling, now, ready to take out the man holding the woman's arms. That one was facing him squarely. Mike could see the man's mouth gaping wide open, but his face was a blur. The man was still on his knees, but he had released the woman's arms and was rearing back on his heels.
",迈克可以听见弗兰克的温彻斯特的清脆响声以及哈里的怒吼。他不去注意这些声音，就像在拳击场里不去注意周围观众的嚎叫一样。他略微转身，已经做好了放倒那个架着女人手臂的男人的准备。那个人正视着他，迈克可以隐隐约约地看到他张着嘴。那个男人放开了女人的手臂，正在站起来。
man_body249,"Just another fight. Cock the hammer¡ªsingle-shot's more accurate. Center of mass . . . 
",再来一发，稳住扳机，点射更加准确，准星套中目标正中。
man_body250,"Again, the .357 roared. The shot took the man square in the chest, slamming him back as if he'd been run over by a truck. Mike knew he was dead before he hit the ground.
",又一次，.357口径的子弹呼啸而出，正中男人胸部，像卡车一样击倒他。迈克知道他在落地前就死了。
man_body251,"One left, and he's tangled up in his dropped trousers.
",还剩一个，他正在试着穿上裤子。
man_body252,"The rapist was shouting something. Again, Mike couldn't understand the words. Nothing registered except fear. The man was scrambling off the woman. He tried to rise, tripped on his trousers, sprawled on his face.
",强奸犯大声喊着。迈克听不懂他在说什么，不过感觉到了满满的恐惧。男人放开了女人，他尝试站起来。
man_body253,"But he was clear of the woman now. Mike raised the revolver, ready to kill him, but stopped when he saw Dr. Nichols was already there. There was something surgically precise about the way Nichols, from close range, leaned over and shot the man in the back of the head. Once, twice.
",但是他已经远离了女人。迈克举起来左轮，准备射杀他，但是在看见尼克斯医生已经站在了他身后就愣住了。接下来他仿佛是在欣赏一场外科手术一般，尼克斯医生在近距离精准地用枪顶住了男人的后脑勺，连开两枪。
man_body254,"So much for that. Mike turned away, looking to the farmhouse. He could remember, now, hearing several shots from Frank's rifle.
",好了。迈克转头看向农场。现在只能听见弗兰克步枪的余响。
man_body255,"All three men at the door were lying on the ground. One of them was not moving. He was on his knees, sprawled against the wall of the farmhouse. His buttocks were covered with blood. Mike was certain that he was the first one Frank had shot. For all that he teased Frank about that silly damned lever-action, Frank was both an excellent marksman and one of the most reliable men Mike had ever met. Got his deer every season, usually on the first day. Frank would have shot for the lower spine, just below the cuirass.
",三个男人都被击倒了。一个人是跪着的姿势，臀部浸出了鲜血。迈克确认他是第一个被射中的人。尽管迈克经常取笑弗兰克，但是弗兰克是一个神枪手也是一个可靠的男人。每次打猎季节，他都是第一个捕到鹿的人。弗兰克正好射中了胸甲下面的部位。
man_body256,"Paralyzed, for sure. Probably dead or dying.
",肯定瘫痪了，也许已经死了。
man_body257,"The other two were writhing on the ground, screaming, clutching their legs. They didn't scream or writhe for long. Harry was already there, racing forward. The young miner stopped abruptly, a few feet away. He pumped a shell into the chamber, aimed the shotgun and fired. For all that Harry was obviously in a rage, he hadn't lost his composure. He aimed for the neck, unprotected by either helmet or armor. The man was almost decapitated. The buckshot sent his helmet bouncing off the farmhouse wall, the straps broken and flailing about.
",另外两个人正在地面上打滚，惨叫着抓着他们的腿。他们没来得及叫多久，哈里就赶到了。年轻的矿工停下脚步，举起防暴枪开火。尽管在愤怒中，哈里却没有失去冷静。他瞄准了脖子，既没有头盔也没有胸甲保护。那个男人几乎被斩首了。大号铅弹把头盔崩飞到农场墙上，脖子上的皮带断裂了。
man_body258,"Harry swiveled. Pump, level, fire. The other man was silent. Unmoving, dead. Blood and brains everywhere. Another helmet sent flying, straps flapping. For good measure¡ªthere would be no mercy here¡ªHarry pumped another round, stepped forward, and shot the paralyzed man sprawled against the farmhouse wall. The range was not more than three feet. This time, the helmet stayed on¡ªbut only because the man's head was removed entirely. Blood gushed out of a severed neck, painting the rough stones with gore.
",哈里转身，装弹，举枪，开火。另一个男人沉默了。他一动不动地死去了。鲜血和脑浆到处都是，另一个头盔也打飞了。哈里毫不留情，装上另一颗子弹打中了那个跪在地上的男人。他们之间相距只有三英尺。这次头盔没有飞，因为整个头都被打掉了。鲜血飞溅而出染红了坚硬的石头。
man_body259,"Mike caught a glimpse of motion, somewhere in the darkness within the farmhouse. He ducked.
",迈克注意到有人在行动，在农场里的黑暗处。他立刻躲避。
man_body260,"""Harry¡ªdown! Fire in the hole!""
",“哈里，趴下！”
man_body261,"Mike's warning probably saved Harry's life. The young miner was lunging aside when the gun in the farmhouse went off. The bullet took him in the side and knocked him down, yelping. On the ground, Lefferts clutched his ribs, still yelping. But there was more surprise and outrage in the sound than anything else. Mike was pretty sure the wound was superficial.
",迈克的警告救了哈里一命。年轻矿工刚躲在一边，农场里就开火了。子弹击中了他身体的侧面并把他击倒，哈里发出一阵狂叫。不过大多是惊讶和恐惧，迈克感觉他似乎只受了皮外伤。
man_body262,"""Cover me, Frank!"" he yelled, racing to the side of the door. He could hear Frank's Winchester firing again. He couldn't see the shots themselves, but knew that Frank would be firing through the door, driving back whoever was inside. In the corner of his eye he saw James Nichols and Tony Adducci leveling their pistols and firing shots into the small windows alongside the farmhouse. He could hear the wooden shutters splintering.
",“掩护我，弗兰克！”迈克大叫一声，冲进屋子。他可以听见弗兰克的温彻斯特又响起了。他没看射击的火光，但是他知道弗兰克正在冲着门内开枪，门内任何东西。另一边他看见尼克斯和托尼正在拿着手枪对着农场的小窗户倾泻子弹。他可以听见木窗的碎裂声。
man_body263,"Once he reached the door, Mike pressed himself against the farmhouse wall. He was on the opposite side of the door from the farmer. The man was unconscious, now, soaked with blood and sagging. His weight¡ªhe was a middle-aged man, heavy in the gut¡ªwas tearing his wrists badly. Blood spurted everywhere.
",迈克一靠近门，马上把身体贴住农场的墙，他现在就在被钉着的农夫的对面。那个男人已经失去了意识，无力地垂着血迹斑斑的身体。从身材上看这是个中年男子，大肚子拉扯着自己的手腕，血溅的哪里都是。
man_body264,"Christ, he'll bleed to death. Mike's decision was instant. He sprang across the doorway to the farmer's side, momentarily exposing himself to fire from within the farmhouse. But there was no gunshot. Two quick powerful jerks withdrew the knives. As gently as he could, Mike lowered the man to the ground.
",上帝啊，他快流血致死了。迈克立刻做出了决定，他跳过门口，飞身跃到农夫那边，短时间内他暴露在了农场里的视线下，但是里面的人却没有射击。于是迈克赶快拔下插在农夫身上的刀，然后轻轻地把他放在地上。
man_body265,"That was all he could do for him at the moment. Mike hesitated, then, for a second or two. The interior of the farmhouse was so poorly lit it was impossible to see anything inside. Caution and his Army training urged him to wait until his companions could come up in support. On the other hand¡ª
",这是他现在能做的了。迈克犹豫了一下。现在农场里面几乎看不见任何东西。军队里的训练使得他想等到同伴也来到这里支援再挺进，但是。。。
man_body266,"All these guns are those weird antiques. Single-shot muzzle-loaders. I'll bet that son of a bitch hasn't had time to reload.
",这些枪都是老古董，单发的前装填步枪。迈克猜测那些混蛋还没有来得及装弹完成。
man_body267,"Again, decision was sharp, immediate. Mike dove through the door and landed rolling.
",又一次，迈克很快做出了决定，他俯身闪进门内并且向前翻滚。
man_body268,"Good decision, bad luck. His enemy hadn't had time to reload. Unfortunately, Mike rolled right into him.
",谋事在人成事在天，他的敌人确实没时间装弹。不幸的是，迈克正好翻滚到他身上。
man_body269,"For a moment, everything was chaos. Mike felt a body landing on top of him. The surprise, as much as the collision, jarred the pistol out of his hand. Frantic now, he lunged to his feet, hurling the man off his back.
",一时间，现场十分混乱。迈克感觉自己正好撞上了一个人的身体。因为碰撞和惊讶，他丢掉了自己的手枪。下意识地，迈克一脚想把那个男人踢倒。
man_body270,"Tried to, at least. The man, whoever he was, clutched Mike like a wrestler. Mike snarled and slammed his elbow backward.
",那个男人为了恢复平衡，像摔跤手一样抓住了迈克。迈克大声嘶吼地用手肘猛击他的后背。
man_body271,"Damn! He'd forgotten the cuirass. His left elbow was aching from the impact. But at least he'd knocked the man loose.
",艹！他忘记敌人还穿着胸甲。他左胳膊肘撞得生疼，但是至少对方松开了手。
man_body272,"Mike had never been in a gun battle before in his life. He had a boxer's training and instincts, not a gunfighter's. He didn't even think to look for his pistol. He just pivoted and drove a right cross into his enemy's chin.
",迈克之前从没有卷入过枪战，他有过拳击手的训练和本能，而不是枪战高手的。他甚至没有想过去拿打落的手枪。而是直接对着敌人的下巴来了个右勾拳。
man_body273,"Eight pro fights. The first seven had been won by knockouts, none of them later than the fourth round. Mike had quit the game because he'd realized he didn't quite have the reflexes. But nobody had ever said he didn't have the punch.
",迈克参加过八场职业拳击。前七个对手都被KO了，没有一个人坚持到第四回合。迈克之后退出了比赛因为他感觉自己没有那种条件反射。但是别人都说他有有拳击手的力量。
man_body274,"The thug, whoever he was, sailed across the room and slammed against a heavy table. His jaw hung loose, broken. His head lolled to the side.
",那个匪徒，不管他是谁，向屋子后面倒去。最后他摊在一个大桌子上，下巴无力地张开，脑袋则垂向另一边。
man_body275,"That dazed helplessness brought no mercy. Neither that, nor the fact that the man was quite a bit smaller than Mike. This was not a fight governed by Marquis of Queensbury rules. Mike bounced forward on his toes and slammed another right hand, low into the man's abdomen below the cuirass. Another. If there'd been a referee, Mike would have been disqualified by either punch. His next blow was a left hook, which shattered the man's jaw and lifted him right off his feet. Mike was a very strong man, and¡ªunlike most¡ªhe knew how to fight. The blows were like sledgehammers. Mike started to slam another right into the thug's face but managed to stop the punch.
",尽管他现在处于无助的昏迷状态，迈克却对这个身材比他还要矮小的人毫不留情。这不是一场贵族间的高尚决斗，迈克马上对他落井下石。他稳稳站住脚跟，用右手狠狠地击打向男人胸甲没有保护到的小腹。如果现场有拳击裁判的话，迈克会被判罚禁赛的。迈克下一击是左手轰向男人的下巴，把他打飞出去。迈克是一个强壮的人，他也明白如何战斗。左拳犹如大锤一样。他接下来想要继续击打这个男人的脸。
man_body276,"Christ, Stearns¡ªenough! He's done.
",上帝！斯特恩斯，够了！他已经死了。
man_body277,"He forced himself to step back, as if being driven off by an invisible referee. The trained reaction brought some clarity to his thoughts. Mike was shocked to realize how much fear and rage had taken possession of him. He felt like a vial of pure adrenaline.
",他强迫自己后退，似乎被无形的力量拉扯一样。拳击手的训练让他此时冷静下来。迈克震惊于刚才恐惧和愤怒支配着自己的身体，他感觉自己肾上腺素不断地往上涌着。
man_body278,"His opponent collapsed to the floor in a heap. Mike dropped his arms and let his fists open. His hands hurt. He'd forgotten how much punishment bare-knuckle fighting inflicted on the victor as well as the vanguished.
",他的对手倒在地上摊成一堆。迈克放下手臂松开拳头，他现在手很疼。他忘记了空手打拳会对拳击手带来的伤害。
man_body279,"He was starting to tremble now, from delayed reaction to the entire fight. The gunplay was affecting him more than anything else. For all that he'd been something of a roughneck in his youth, Mike had never killed anyone before.
",他现在开始颤抖了，枪战的后遗症这个时候才开始显现。尽管他一直是一个粗鲁的人，但是他从来没有杀过人。
man_body280,"A hand fell on his shoulder, turning him around. He saw Dr. Nichols' concerned face. ""Are you all right?""
",一双手搭上了他的肩膀，他转过头。他看见尼克斯医生关切的脸。“你还好吧？”
man_body281,"Mike nodded. He even managed a wan little smile, and held up his hands. Three of the knuckles were split and bleeding. ""Far as I know, Doc, this is all that's wrong with me.""
",迈克木然的点头。他甚至挤出了一点苍白的微笑，然后举起自己的手。三个指关节已经皮肤破裂了，鲜血潺潺地流下。“目前来说，这是我挂的所有彩。”
man_body282,"Nichols took the hands and examined them, kneading the joints. ""Don't think anything's broken,"" he muttered. The doctor cast a quick glance at the unconscious thug on the dirt floor of the farmhouse. ""But as hard as you punch, young fellow, I'd really suggest you use gloves from now on. That bastard looks like somebody took an ax handle to him.""
",尼克斯捧起他的手然后检查了一下，轻轻地揉了一下关节。“你没事，”他咕哝道，同时扫了一眼躺在农场脏地板上失去意识的匪徒“但是你以后要用力打人的话，年轻人。我建议你戴上手套。那个畜生感觉像是被一个人用斧子砸中的。”
man_body283,"For a moment, Mike felt a little light-headed. He could sense other miners ranging through the farmhouse, looking for more enemies. But there weren't any. The blood rushing through his ears blurred the words they were speaking, but Mike could sense from the tone that all danger was past.
",一时间，迈克感觉有点头晕。他可以感觉到其他的矿工在农场穿梭，搜寻敌人。但是已经没有敌人了。他感觉自己耳朵轰鸣，听不见其他矿工说的话，但是迈克可以从语调上感觉出危险已经过去了。
man_body284,"He took a deep, almost shuddering breath. Then, with a quick shake of the head, he cleared away the sensation of dizziness. Nichols released his hands.
",他深深地吸了口气。然后摇了摇头，让自己清醒起来。尼克斯松开了他的手。
man_body285,"""Thanks, Doc,"" he said softly.
",“谢谢，医生，”他轻轻地说。
man_body286,"Nichols' face broke into a sudden smile. ""Please¡ªcall me James! I believe we've been properly introduced.""
",尼克斯的脸露出微笑。“叫我詹姆斯吧！我们已经认识了。”
man_body287,"The doctor turned away. ""And now I've got some badly injured people to deal with. I think I've tattered the Hippocratic Oath enough for one day."" In a mutter: ""Christ, Nichols. 'First, do no harm.' ""
",医生转过身去。“我有几个重伤员要处理。我觉得我已经错过好多时间了。”同时小声说道：“首先我得别伤着他们。”
man_body288,"Guiltily, Mike remembered Harry Lefferts. And the farmer and the woman he assumed was his wife. He started after Nichols, ready to lend assistance. Then stopped and turned, looking for Frank.
",迈克感觉有些惭愧，他记得哈里，农夫和那个女人是受伤了的。他跟着尼克斯一起走，准备助他一臂之力。同时他还左顾右盼寻找弗兰克。
man_body289,"Jackson was standing by a large fireplace, slowly examining the interior of the room. Most of the farmhouse seemed to consist of a single chamber, although Mike could see a slender staircase¡ªmore like a ladder¡ªleading to the upper story. Very little light filtered into the farmhouse, since the few windows were tiny. But Mike could see that the place was a complete shambles. The thugs had obviously been looting, along with their other crimes. Now that he'd seen how thoroughly the farmhouse had been ransacked, Mike realized that the farmer had been tortured in order to reveal whatever hidden treasures he might possess.
",杰克逊站在一个大壁炉旁边，仔细地检查屋子的内部。大部分的农场房间都是很简单的屋子，有一个很细的像梯子一样的台阶通向二层。这里几乎没有光线透入，因为窗户很小。但是少量的光线也可以看出屋子里一片狼藉。那些歹徒明显洗劫过这里。迈克觉得农夫正被折磨拷问他藏起来的财富。
man_body290,"Not much, from the looks of this place. For all its size and painstaking construction, the house was poorer-looking than any farm Mike had ever seen. There wasn't even any interior lighting. Nor plumbing, from what he could tell. No glass in the windows. Even the floor was simply packed earth.
",看起来没什么财富，从屋子里的布置上。从大小和布置上，这个房子比迈克见过的任何农场都要寒碜。这里甚至没有室内电灯。没有管道系统，窗户没有玻璃。甚至地板都是土的。
man_body291,"Frank's eyes met him. ""I'll see to this, Mike. Tony's already checking upstairs. You go help the doctor.""
",弗兰克看见了他。“我来检查这边，托尼已经上楼查过了。你去帮医生吧。”
man_body292,"Outside, Mike found Nichols working on the farmer. The doctor, having apparently gone through all the bandages in the first-aid kit, had removed his suit jacket and was tearing his shirt into strips. He was now bare from the waist up. For all that Nichols was in late middle age, there was almost no fat on his wiry musculature. The hard black flesh, covered with a thin film of sweat, gleamed in the sunlight.
",在外面，迈克看到尼克斯医生正在救治农夫。医生已经用急救包了的所有绷带包扎了他的伤口，另外脱下了他的夹克并且把衬衫撕掉。他现在腰以上都是赤裸的。尽管他人到中年，但是他确有坚实的腹肌。坚韧的皮肤覆盖着一层薄汗在阳光下闪闪发光。
man_body293,"Mike looked around. Darryl was tending to Harry Lefferts. Lefferts also had his shirt off, and was goggling at the wound in his side. It was quite spectacular¡ªhis entire thigh and hip were soaked with blood, along with his ribs¡ªbut Mike didn't think it was really serious. The wound was already bound with a bandage roll. The bandage was bloodstained, but Mike thought the bleeding had stopped.
",另一边，达瑞尔正在治疗哈里。哈里也脱下上衣，瞪大眼睛看着自己身体侧边的伤口。他的臀部和大腿都浸透着鲜血，看着颇为吓人，但是迈克感觉这并不是很严重。伤口已经绑上了一个绷带条，都被血浸透了，但是看上去血已经止了。
man_body294,"""It's just a flesh wound,"" he heard Nichols say. Mike turned. The doctor had cocked his head toward him. ""I treated Harry first thing. He'll have a truly amazing scar to boast to his grandkids about, but the bullet just traveled along one rib before passing out. No internal bleeding, so far as I can tell.""
",“这只是皮肉伤，”他听见尼克斯说。迈克转头，医生正抬起头看他。“我首先照顾了哈里，他以后会留下一个给孙辈炫耀的伤疤的，但是子弹擦着肋骨穿出去了，没有骨折。”
man_body295,"Nichols' head jerked toward the woman. She had rolled over onto her side, her hands covering her face. Her knees were drawn up to her chest, in fetal position. She was sobbing quietly and steadily. Her shabby dress had been pulled back down over her legs and two jackets were covering her further. The miners who had contributed those jackets¡ªDon Richards and Larry Masaniello¡ªwere squatting nearby. Their expressions were confused and distressed. Beyond what they'd done, they obviously had no idea what other help they could give her.
",尼克斯的头猛拉向那个女人。她侧身躺着，用手遮挡住脸。她的膝盖顶着自己的胸部，像婴儿一样。她无声地抽泣着，破烂地裙子盖住自己的下身，两个夹克盖住了她的上身。这是矿工们提供的衣服，理查兹先生和拉里蹲坐在旁边，他们的神情显得很沮丧，显然他们不知道该怎么帮助这个女人。
man_body296,"""She'll be all right,"" murmured Nichols. His face tightened. ""As much as any gang-rape victim, anyway."" He looked back down at the farmer. ""But this guy might not make it. There are no major arteries severed, but he's lost an enormous amount of blood.""
",“她会好起来的，”尼克斯医生小声说。“像任何强奸受害者一样。”他转头看向农夫。“但这个家伙可能挺不住了。他的主要动脉没有破裂，但是他失血过多。”
man_body297,"Mike squatted by the doctor. ""How can I help, James?"" He saw that Nichols had bound up all of the farmer's wounds. But blood was already soaking through the cloth. The doctor was tearing more strips from his ruined shirt, ready to add new bandages.
",迈克蹲在医生旁边。“我怎么帮你，大夫？”他看到尼克斯医生已经包扎好了农夫的伤口。但是鲜血已经浸透了衣服，医生不断地撕下了他衬衫上的布条，准备进一步包扎。
man_body298,"""Give me your tuxedo jacket, for starters. See if there are any blankets inside. Anything to keep him warm. He's in shock.""
",“把你的燕尾服给我，首先。然后找找屋子里面有没有毯子或者任何能保温的东西，他已经休克了。”
man_body299,"Mike took off his jacket and handed it to the doctor, who spread it over the farmer. Then Nichols blew out his cheeks. ""Get me an ambulance, so we can take this poor guy to a hospital. Short of that, I've done all I can here without medical supplies and facilities.""
",迈克脱下外套递给医生，后者把它盖在农夫身上。然后尼克斯说：“给我找一辆，尽快把这个人送到医院。我已经把能做的事情都做了。”
man_body300,"The doctor raised his head and slowly studied the surrounding area. ""But somehow I've got a bad feeling that ambulances and hospitals are going to be hard to come by.""
",医生抬头研究了一下周围的环境。“但是我感觉救护车很难赶到这里。”
man_body301,"His eyes met Mike's. ""Where the hell are we, anyway?"" He managed a smile. ""Please don't tell me this is what West Virginia's really like. My daughter's been pushing me to move my practice here."" Again, his eyes ranged about. ""Not even that movie Deliverance was this crazy. And that was somewhere in the backwoods, if I remember right. We're only an hour and a half from Pittsburgh.""
",他看向迈克。“我们到底在哪里？”他挤出一丝苦笑。“别告诉我西维吉尼亚是这样的。我女儿让我在这里开家诊所。”又一次，他环顾四周。“《激流四勇士》都没有那么刺激，另外我记得我们距离匹兹堡只有一个半小时路程。”（译者注：激流四勇士Deliverance 是美国惊悚电影，曾经获得奥斯卡奖。）
man_body302,"Mike copied the doctor's examination of the surrounding area. Softly: ""I don't think we're in West Virginia anymore, Toto."" Nichols chuckled. ""Nothing's right, James¡ªnot the landscape, not the trees, not the people, not¡ª"" He jerked a thumb over his shoulder, pointing to the farmhouse which loomed behind them. ""There's nothing like this in West Virginia, I'll tell you that. For all the poverty of this place, the farmhouse itself is no rickety shack. Anything that big and well-built and old would have been declared a historical monument fifty years ago.""
",迈克无奈地回复到：“我觉得我们已经不在西弗吉尼亚了。”尼克斯笑了一下。“没什么是弗吉尼亚的，树木，风景，人，”他按揉着自己的肩膀。“在西弗吉尼亚没有这样的房子，即使是最贫穷的地方。这样的老古董似乎是五十年前历史博物馆里的。”
man_body303,"He leaned over and seized one of the thugs' guns, still leaning against the farmhouse. After a quick scrutiny, he held it out for Nichols.
",他俯下身子捡起一个歹徒的枪，靠着农场的墙。检视了一下后，他把枪递给了尼克斯。
man_body304,"""You ever seen anything like this?"" The doctor shook his head. ""Neither have I,"" mused Mike. ""Ken Hobbs says it's a matchlock. He'd know, too. He's made a hobby of antique weapons his whole life. They haven't made guns like this in¡ªoh, must be two hundred years. At least. Even by the time of the American Revolution, everybody was using flintlocks.""
",“你看到过这样的东西吗？”医生摇摇头。“我也没有，”迈克沉思道。“肯说这是火绳枪。他应该是对的，之前他一直喜欢收集古董枪。这种枪估计已经至少两百年没有人制造过了。至少在美国革命时期，每个人都用燧发枪了。”
man_body305,"He eyed the weapon's bore respectfully. ""Look at this thing, will you? Must be at least .75 caliber.""
",他充满畏惧地看着武器的枪口，“看看这玩意儿？这至少有.75口径。”
man_body306,"He started to add something else, but was interrupted by Frank, coming out of the door.
",他开始检视火枪的其他部位，但是被弗兰克打断了，后者走出农场。
man_body307,"""All clear,"" he said. Jackson seemed as unflappable as ever. Some of that was simply his personality, but some of it was due to the fact that the union's secretary-treasurer was the only one of them besides Nichols who had real combat experience.
",“敌情解除，”他说。杰克逊看上去很镇定。有些是因为他天性如此，还有些是因为工会的秘书是他们中除了尼克斯医生外唯一有实战经验的人。
man_body308,"Mike examined the other men he could see. All of them except Jackson and Nichols, now that the fight was over, were starting to react. Lefferts was lying on his back, clutching the bandage to his side and staring at the sky. The young miner, who had been so murderously ruthless in the heat of the action, seemed like a stunned steer. His eyes were wide, empty of all thought. Kneeling next to him, Darryl's head was slumped between his shoulders. He was gripping his knees so tightly that his knuckles were white. Off to the side, near the rape victim, Don Richards and Larry Masaniello were no longer squatting alertly with their guns in their hands. Both men were now sitting flat, their legs sprawled out in front, supporting themselves with their hands. Their weapons were lying on the ground. Both men were breathing heavily. Richards was cursing softly. Masaniello, a devout Catholic, was muttering the Lord's Prayer.
",迈克叫着着同伴的名字。他们中除了杰克逊和尼克斯外都大声答到。哈里躺在地上，捂着伤口呆呆地看着天。年轻的矿工在行动开始之前杀气腾腾，现在却如同一个温顺的阉牛一样。他现在目光呆滞，也不知道在想什么。达瑞尔跪坐在他身边，紧紧地抱着自己的膝盖，指关节都发白了。在另一边，理查兹先生和拉里不再蹲守在强奸现场了。两个人都沉重地喘气，拉里在轻声谩骂，理查兹作为一个虔诚的教徒，正在像天主祷告。
man_body309,"Mike blew out his breath almost like a whistle. ""I think most of us are in a bit of shock, James. Except you and Frank.""
",迈克吹了声口哨。“我觉得我们中大部分人都受了点惊吓，詹姆斯。除了你和弗兰克。”
man_body310,"The doctor barked a little laugh. ""Don't kid yourself. Sometime tonight I'll wake up in a panic. So will Frank, I imagine.""
",医生微笑道“别唬你自己。我晚上也许会吓得睡不着觉，弗兰克也是。”
man_body311,"Jackson, leaning against the door post, shook his head. ""Not tonight. Not tomorrow night, either. But the day after that'll be real bad. I'll get the shakes, sure as shooting."" He surveyed the scene grimly. ""Christ, this was a worse firefight than anything I saw in Nam.""
",工会秘书弗兰克·杰克逊靠在门边，摇着头说：“今晚真可怕，以后再这样我会在射击时发抖的。”他吞了口口水。“上帝，这次交火比我在越南经历的都要恐怖。”
man_body312,"He shrugged himself off the doorpost. ""But at least we did almost all the firing."" He stared down at Mike, who was still squatting next to the doctor. ""And how are you?"" he demanded. Before any reply could come: ""And don't give me any shit, Mike. You're not that tough.""
",他耸耸肩。“但是至少我们打的不错，”他看向迈克，后者仍然蹲在医生旁边。“你怎么样了？”他问道，在回答之前就抢着说了一句：“别敷衍我迈克，我知道你没上过战场。”
man_body313,"Mike chuckled humorlessly. ""I wasn't about to claim it. Truth? I feel like a truck hit me. Still trying to figure out how come I'm still alive."" He had a flashing image of himself marching forward into the farmyard like a killing machine, cold as ice. Bang. Bang. Just like that. One dead, one¡ª
",迈克尴尬地笑笑。“我还没来得及说呢。我感觉自己被卡车碾过去一次，还在纳闷自己为什么还活着。”他回想了一下自己冲进农场像一个杀人机器的样子，冷冰冰地开枪帮~帮~帮~
man_body314,"He looked over at the body of the first man he had shot. In the shoulder. He didn't need to be a doctor to know that the man was dead, dead, dead. The magnum round must have blown right through into the heart.
",他看向那具尸体，那是第一个被他击倒的男人的。从肩膀上的伤口来看，他不需要医生就可以判断那个人已经死的彻彻底底了。马格南的弹药一定击穿了他的心脏。
man_body315,"Well, that's why you bought that monster in the first place. Stopping power, they call it. Jesus!
",哇，这枪真是名副其实。停止力，这是他们对它威力的称呼。
man_body316,"He pursed his lips, trying to decide exactly how he felt. Frank cut through the fog.
",这个时候他突然感觉有些反胃，似乎人类正常的感受又回到了他身上。弗兰克这个时候大步穿过迷雾。
man_body317,"""Don't,"" his friend said. ""You won't make any sense of it today, Mike. Trust me. Let it go for a time.""
",“别吐，”他的朋友说。“今天别再想这件事了，迈克。让时间淡化它吧。”
man_body318,"""Truth,"" echoed Nichols. The doctor rose to his feet. The motion reminded Mike that he was supposed to look for blankets.
",“对。”尼克斯赞成说。医生挪开脚步，这让迈克想起来他现在应该寻找毯子。
man_body319,"""Sorry,"" he muttered. Mike got up and started toward the farmhouse door. ""Frank, did you notice any blankets while you were¡ª""
",“对不起，”他小声说。迈克站起来走进农舍。“弗兰克，你在里面看见了任何毯子吗？”
man_body320,"Suddenly, a shout came from above. Tony Adducci's voice. Mike looked up. Tony was leaning out of a small upper-story window, pointing his finger.
",突然间，里面传来了一阵叫喊。是托尼·安杜奇的声音。迈克抬头看去，托尼身子探出一个二楼的小窗户，指向一个方向。
man_body321,"""We got more trouble!"" he exclaimed. Mike followed the pointing finger. There was a small dirt road leading away from the farmyard, bending around a grove. From the ground, Mike couldn't see anything past the trees.
",“麻烦来了！”他喊道。迈克顺着指向的方向，看见一个狭窄的泥土路从农场通向远方，绕过了果园。从地面上，迈克看不见任何东西穿过树林。
man_body322,"Apparently, Adducci could see over them. ""There's a¡ªah, hell, Mike, I swear it's true¡ªthere's a stagecoach coming this way, escorted by four horsemen. They aren't more than a quarter of a mile away. Be here any second.""
",明显，安杜奇看见了更远的东西。“那有一个。。。见鬼，迈克，我发誓我看见一辆驿站马车正在驶向这个地方，旁边有四个骑马的人护送，他们就在四分之一英里外，一会就能到这。”
man_body323,"His voice rose with excitement. ""With about another twenty men pounding after them on foot! Some of those are carrying goddamit huge spears! I kid you not¡ªspears, for Christ's sake.""
",他的声音激动起来。“马车后有大概二十个人步行跟随！有些拿着那种很大的长矛！活见鬼。”
man_body324,"Leaning over the window sill, Tony glared down at the dead thugs lying in the farmyard. ""Look just like these bastards. So do the ones riding the horses, for that matter.""
",身子努力地探出窗外，托尼指着那几个死去的歹徒。“那些不速之客和这些混蛋穿的一样。马车上的人也是。”
man_body325,"Mike stared in the direction Tony had pointed. The dirt road was more in the nature of a cart path. Two furrows worn into packed earth. The trees blocking his sight of the area beyond were twenty yards away. But Mike could now hear the sound of pounding hooves.
",迈克眺望向托尼指着的方向，泥土路看上去很像车辆行走碾压出的痕迹。两条车辙非常明显。但是二十码的树木阻挡了他的视线，但是迈克可以听见逐渐逼近的马蹄敲击声。
man_body326,"Seconds later, four horsemen came into view around the trees. These men were also wearing helmets and cuirasses, with swords scabbarded to their waists. Mike could see what looked like very large pistols slung from the saddles.
",几秒种后，四个骑手绕过树出现了。这些人也穿着胸甲戴着头盔，剑鞘挂在腰部。马鞍上挂着很大口径的手枪。
man_body327,"The lead horseman spotted him and shouted something. All four riders drew up the reins, bringing their mounts to a skittering halt. A moment later, they were followed around the bend by a vehicle drawn by a team of six horses. The driver frantically sawed on the reins, barely bringing the vehicle to a halt before it rammed into the stationary outriders. As it was, the vehicle slewed sideways across the road. One of the wheels caught a furrow, almost tipping the thing over.
",打头的骑手发现了他，然后大声地喊起来。所有四个骑手勒紧马鞍，轻快地停住马匹。一会，一个六匹马拉的马车也转过树林，御者抓紧缰绳，在撞倒骑兵前停下了马车。马车走出了泥土路，轮子碾过路辙几乎把马车侧翻了。
man_body328,"Tony had called it a ""stagecoach,"" but it was like no stagecoach Mike had ever seen¡ªnot even in a movie. The vehicle, for all its elegant woodwork and ornate trappings, reminded him more of a small covered wagon.
",托尼称这个为驿站马车(stagecoach)，但是这不像迈克在老电影里看到的任何驿站马车，反而从精致的木雕和华丽的装饰上看很像敞篷马车(wagon)。
man_body329,"Again, the lead horseman shouted something. As before, the words were foreign, but Mike was now almost certain that the language was German. At least, if his memory wasn't playing tricks on him.
",又一次，打头的骑手开始喊着什么东西。目前来看，这些词汇是外语，但是迈克现在几乎肯定这是德语了。至少，如果他没记错的话。
man_body330,"A moment's silence followed, as the horsemen stared at the Americans. The two miners by the woman had risen to their feet and were holding their guns half-raised. So was Darryl. So were Frank and Tony. Nichols rose to a half-squat, the police pistol held loosely but easily in his hands. Even Hank, still sprawled on the ground clutching the bandage to his ribs, was groping for the riot gun. The last miner, Chuck Rawls, was in the farmhouse. Mike heard him whisper through the door: ""I've got 'em covered, Mike. Just say the word.""
",沉默了一阵后，骑手看向这些美国人。两个女人边的矿工站起来警惕地抬着枪。达瑞尔，弗兰克，托尼也是这样的。尼克斯医生半蹲下，轻轻地拿起了警用手枪。即使汉克，仍然捂着自己肋部的伤口，都摸索着自己的防暴枪。有一个矿工，查克·罗尔斯隐藏在农场中，迈克听见他轻声说道：“我瞄着他们呢，迈克。只需要给我个信号。。”
man_body331,"Mike held out his hands. ""Hold everything! Let's not start shooting without cause!""
",迈克举起手示意。“等一下！我们不要没理由就开枪！”
man_body332,"He could see the four horsemen reaching slowly for the pistols slung at their saddles. Mike remembered¡ªuneasily and belatedly¡ªthat his own weapon was lying somewhere on the floor of the farmhouse.
",他可以看见四个骑手缓缓地拿出马鞍上的手枪。迈克想起自己的武器还放在农场的地板上。
man_body333,"That moment, the curtain on the side of the coach was drawn aside. A face popped through, staring at Mike. The face was that of a young woman, looking very distraught. A few strands of long black hair had escaped the cap over her head. Her eyes were brown and her complexion was dark, as if she were Spanish. She was also¡ª
",突然，马车一边的窗帘拉开了。一张脸露了出来看着迈克。那是一个年轻女人，她看上去心绪不宁。几缕长长的黑发系露出帽子垂在脑后。她的眼睛是棕色的，肤色也比较暗，好像是西班牙人。
man_body334,"Mike suddenly smiled. Cheerful as could be. Strangely so, perhaps. But, then again¡ªperhaps not. Instincts will work sometimes, after all, even when logic and reason have fled.
",迈克突然笑了，看见美女的本能让他暂时忘记了自己的处境。
man_body335,"""Ease up, guys! I think we've got a damsel in distress here. The way I see it, that makes figuring out which side we're on a piece of cake.""
",“放松，伙计们！我想我们遇上了一位美丽的女士。我们现在先弄清楚情况。”
man_body336,"Frank chuckled. ""You always were a romantic. And a damn fool for a pretty face.""
",弗兰克咯咯笑道。“你还真是个情种。看见漂亮脸蛋就把持不住。”
man_body337,"Mike shrugged. Still smiling, he started moving slowly toward the carriage. He kept his hands widespread, so that the outriders could see he was unarmed.
",迈克耸耸肩，然后面带微笑缓慢走向马车。他保持着自己手张开，这样那些护卫的骑手能看见他是无武装的。
man_body338,"""You call that face 'pretty'?"" he demanded over his shoulder. ""You're nuts, Frank. Me, I think we just got promoted. We were on the set of that movie Deliverance."" With a snort: ""Or maybe it was Texas Chainsaw Massacre. Now¡ª""
",“你管那个脸叫做漂亮？”迈克一边走一边吐槽。“你傻了吧，弗兰克。我觉得我们遇上《激流四勇士》里的角色了，或者《德州电锯杀人狂》。”
man_body339,"The woman's face was closer. ""Now we're in Cleopatra,"" Mike said. The words came out much more softly than he'd intended. And he realized, with a little start of surprise, that he was no longer joking at all.
",女人的脸越来越近了。“现在看上去像克丽奥佩拉（埃及艳后）了，”迈克说。他可并不是在开玩笑。
man_body340," 
", 
