[
    {
        "key": "¼üÖµ",
        "original": "Ô­ÎÄ",
        "translation": " ",
        "stage": 5,
        "context": null,
        "file": "1632_Certification.csv"
    },
    {
        "key": "Certification_0",
        "original": "1632\n",
        "translation": "1632",
        "stage": 5,
        "context": null,
        "file": "1632_Certification.csv"
    },
    {
        "key": "Certification_1",
        "original": "Eric Flint\n",
        "translation": "埃里克·弗林特",
        "stage": 5,
        "context": null,
        "file": "1632_Certification.csv"
    },
    {
        "key": "Certification_2",
        "original": "\n",
        "translation": " ",
        "stage": 5,
        "context": null,
        "file": "1632_Certification.csv"
    },
    {
        "key": "Certification_3",
        "original": "\n",
        "translation": " ",
        "stage": 5,
        "context": null,
        "file": "1632_Certification.csv"
    },
    {
        "key": "Certification_4",
        "original": "This is a work of fiction. All the characters and events portrayed in this book are fictional, and any resemblance to real people or incidents is purely coincidental.\n",
        "translation": "本小说纯属虚构。所有本书描绘的角色和场景都是虚构的，和现实中任何真实人物和事件的雷同纯属巧合。",
        "stage": 5,
        "context": null,
        "file": "1632_Certification.csv"
    },
    {
        "key": "Certification_5",
        "original": " \n",
        "translation": " ",
        "stage": 5,
        "context": null,
        "file": "1632_Certification.csv"
    },
    {
        "key": "Certification_6",
        "original": "Copyright ? 2000 by Eric Flint\n",
        "translation": "版权所属©2000年 埃里克·弗林特",
        "stage": 5,
        "context": null,
        "file": "1632_Certification.csv"
    },
    {
        "key": "Certification_7",
        "original": " \n",
        "translation": " ",
        "stage": 5,
        "context": null,
        "file": "1632_Certification.csv"
    },
    {
        "key": "Certification_8",
        "original": "All rights reserved, including the right to reproduce this book or portions thereof in any form.\n",
        "translation": "本书所有权力都被保留，包括且不限于出版、复印以及以任何形式利用。",
        "stage": 5,
        "context": null,
        "file": "1632_Certification.csv"
    },
    {
        "key": "Certification_9",
        "original": " \n",
        "translation": " ",
        "stage": 5,
        "context": null,
        "file": "1632_Certification.csv"
    },
    {
        "key": "Certification_10",
        "original": "A Baen Books Original\n",
        "translation": "一本拜恩出版书原件",
        "stage": 5,
        "context": null,
        "file": "1632_Certification.csv"
    },
    {
        "key": "Certification_11",
        "original": " \n",
        "translation": " ",
        "stage": 5,
        "context": null,
        "file": "1632_Certification.csv"
    },
    {
        "key": "Certification_12",
        "original": "Baen Publishing Enterprises\n",
        "translation": "拜恩出版社",
        "stage": 5,
        "context": null,
        "file": "1632_Certification.csv"
    },
    {
        "key": "Certification_13",
        "original": "P.O. Box 1403\n",
        "translation": "出版编号1403",
        "stage": 5,
        "context": null,
        "file": "1632_Certification.csv"
    },
    {
        "key": "Certification_14",
        "original": "Riverdale, NY 10471\n",
        "translation": "纽约河谷街10471号",
        "stage": 5,
        "context": null,
        "file": "1632_Certification.csv"
    },
    {
        "key": "Certification_15",
        "original": " \n",
        "translation": " ",
        "stage": 5,
        "context": null,
        "file": "1632_Certification.csv"
    },
    {
        "key": "Certification_16",
        "original": "ISBN: 0-671-57849-9\n",
        "translation": "ISBN：0-671-57849-9",
        "stage": 5,
        "context": null,
        "file": "1632_Certification.csv"
    },
    {
        "key": "Certification_17",
        "original": " \n",
        "translation": " ",
        "stage": 5,
        "context": null,
        "file": "1632_Certification.csv"
    },
    {
        "key": "Certification_18",
        "original": "Cover art by Larry Elmore\n",
        "translation": "插画绘制：拉里·艾尔默",
        "stage": 5,
        "context": null,
        "file": "1632_Certification.csv"
    },
    {
        "key": "Certification_19",
        "original": "Interior maps by Randy Asplund\n",
        "translation": "地图绘制：兰迪·阿斯普伦德",
        "stage": 5,
        "context": null,
        "file": "1632_Certification.csv"
    },
    {
        "key": "Certification_20",
        "original": " \n",
        "translation": " ",
        "stage": 5,
        "context": null,
        "file": "1632_Certification.csv"
    },
    {
        "key": "Certification_21",
        "original": "First printing, February 2000\n",
        "translation": "2000年2月第一次印刷",
        "stage": 5,
        "context": null,
        "file": "1632_Certification.csv"
    },
    {
        "key": "Certification_22",
        "original": " \n",
        "translation": " ",
        "stage": 5,
        "context": null,
        "file": "1632_Certification.csv"
    },
    {
        "key": "Certification_23",
        "original": "Library of Congress Cataloging-in-Publication Data\n",
        "translation": "国会书目数据图书馆",
        "stage": 5,
        "context": null,
        "file": "1632_Certification.csv"
    },
    {
        "key": "Certification_24",
        "original": "Flint, Eric.\n",
        "translation": "埃里克·弗林特",
        "stage": 5,
        "context": null,
        "file": "1632_Certification.csv"
    },
    {
        "key": "Certification_25",
        "original": "1632 / by Eric Flint.\n",
        "translation": "1632/ 埃里克·弗林特著",
        "stage": 5,
        "context": null,
        "file": "1632_Certification.csv"
    },
    {
        "key": "Certification_26",
        "original": "p. cm.\n",
        "translation": "p.cm.",
        "stage": 5,
        "context": null,
        "file": "1632_Certification.csv"
    },
    {
        "key": "Certification_27",
        "original": "ISBN 0-671-57849-9 (hc)\n",
        "translation": "ISBN 0-671-57849-9 (hc)",
        "stage": 5,
        "context": null,
        "file": "1632_Certification.csv"
    },
    {
        "key": "Certification_28",
        "original": "1. Thirty Years' War, 1618¨C1648¡ªFiction. 2. City and town life¡ªWest Virginia¡ªFiction. 3. Germany¡ªHistory¡ª1618¨C1648¡ªFiction.\n",
        "translation": "关键词：三十年战争，1618-1648，科幻小说，城镇，西弗吉尼亚，德国",
        "stage": 5,
        "context": null,
        "file": "1632_Certification.csv"
    },
    {
        "key": "Certification_29",
        "original": "4. Americans¡ªTravel¡ªGermany¡ªFiction. 5. West Virginia¡ªFiction. 6. Time travel¡ªFiction. I. Title.\n",
        "translation": "关键词：时空旅行",
        "stage": 5,
        "context": null,
        "file": "1632_Certification.csv"
    },
    {
        "key": "Certification_30",
        "original": " \n",
        "translation": " ",
        "stage": 5,
        "context": null,
        "file": "1632_Certification.csv"
    },
    {
        "key": "Certification_31",
        "original": "PS3556.L548 A616 2000\n",
        "translation": "PS3556.L548 A616 2000",
        "stage": 5,
        "context": null,
        "file": "1632_Certification.csv"
    },
    {
        "key": "Certification_32",
        "original": "813'.54¡ªdc21 99-055275\n",
        "translation": "未知数字，看起来是电话：99-055275",
        "stage": 1,
        "context": null,
        "file": "1632_Certification.csv"
    },
    {
        "key": "Certification_33",
        "original": " \n",
        "translation": " ",
        "stage": 5,
        "context": null,
        "file": "1632_Certification.csv"
    },
    {
        "key": "Certification_34",
        "original": "Distributed by Simon & Schuster\n",
        "translation": "销售：西蒙&舒斯特",
        "stage": 5,
        "context": null,
        "file": "1632_Certification.csv"
    },
    {
        "key": "Certification_35",
        "original": "1230 Avenue of the Americas\n",
        "translation": "美利坚大道1230号",
        "stage": 5,
        "context": null,
        "file": "1632_Certification.csv"
    },
    {
        "key": "Certification_36",
        "original": "New York, NY 10020\n",
        "translation": "纽约，邮编10020",
        "stage": 5,
        "context": null,
        "file": "1632_Certification.csv"
    },
    {
        "key": "Certification_37",
        "original": " \n",
        "translation": " ",
        "stage": 5,
        "context": null,
        "file": "1632_Certification.csv"
    },
    {
        "key": "Certification_38",
        "original": "Typeset by Windhaven Press, Auburn, NH\n",
        "translation": "排版：风之天国出版社，奥本图书馆，新罕布什尔州",
        "stage": 5,
        "context": null,
        "file": "1632_Certification.csv"
    },
    {
        "key": "Certification_39",
        "original": "Printed in the United States of America\n",
        "translation": "出版地：美利坚合众国",
        "stage": 5,
        "context": null,
        "file": "1632_Certification.csv"
    },
    {
        "key": "Certification_40",
        "original": " \n",
        "translation": " ",
        "stage": 5,
        "context": null,
        "file": "1632_Certification.csv"
    },
    {
        "key": "Certification_41",
        "original": "\n",
        "translation": " ",
        "stage": 5,
        "context": null,
        "file": "1632_Certification.csv"
    },
    {
        "key": "Certification_42",
        "original": "To my mother,\n",
        "translation": "致母亲，",
        "stage": 5,
        "context": null,
        "file": "1632_Certification.csv"
    },
    {
        "key": "Certification_43",
        "original": "Mary Jeanne McCormick Flint,\n",
        "translation": "玛丽·珍妮·麦考密克·弗林特",
        "stage": 5,
        "context": null,
        "file": "1632_Certification.csv"
    },
    {
        "key": "Certification_44",
        "original": "and to the West Virginia\n",
        "translation": "和我母亲的故乡西弗吉尼亚州",
        "stage": 5,
        "context": null,
        "file": "1632_Certification.csv"
    },
    {
        "key": "Certification_45",
        "original": "from which she came.\n",
        "translation": " ",
        "stage": 5,
        "context": null,
        "file": "1632_Certification.csv"
    },
    {
        "key": "Certification_46",
        "original": " \n",
        "translation": " ",
        "stage": 5,
        "context": null,
        "file": "1632_Certification.csv"
    },
    {
        "key": "Certification_47",
        "original": "\n",
        "translation": " ",
        "stage": 5,
        "context": null,
        "file": "1632_Certification.csv"
    },
    {
        "key": "Certification_48",
        "original": "Baen Books by Eric Flint\n",
        "translation": "拜恩出版社：埃里克·弗林特",
        "stage": 5,
        "context": null,
        "file": "1632_Certification.csv"
    },
    {
        "key": "Certification_49",
        "original": "Mother of Demons\n",
        "translation": "恶魔之母",
        "stage": 5,
        "context": null,
        "file": "1632_Certification.csv"
    },
    {
        "key": "Certification_50",
        "original": "The Belisarius series, with David Drake:\n",
        "translation": "大卫·德雷克所著：《贝利撒留系列》",
        "stage": 5,
        "context": null,
        "file": "1632_Certification.csv"
    },
    {
        "key": "Certification_51",
        "original": "An Oblique Approach\n",
        "translation": "不光彩的手段",
        "stage": 5,
        "context": null,
        "file": "1632_Certification.csv"
    },
    {
        "key": "Certification_52",
        "original": "In the Heart of Darkness\n",
        "translation": "黑暗的心灵",
        "stage": 5,
        "context": null,
        "file": "1632_Certification.csv"
    },
    {
        "key": "Certification_53",
        "original": "Destiny's Shield",
        "translation": "命运之盾",
        "stage": 5,
        "context": null,
        "file": "1632_Certification.csv"
    }
]