[
    {
        "key": "¼üÖµ",
        "original": "Ô­ÎÄ",
        "translation": "ÒëÎÄ",
        "stage": 5,
        "context": null,
        "file": "Author's Afterword.csv"
    },
    {
        "key": "man_body5533",
        "original": "Author's Afterword\n",
        "translation": "作者后记",
        "stage": 5,
        "context": null,
        "file": "Author's Afterword.csv"
    },
    {
        "key": "man_body5534",
        "original": "The town of Grantville and the characters who populate it are purely fictitious. But Grantville, along with the nearby consolidated high school, is inspired by the real town of Mannington, West Virginia, and its surroundings.\n",
        "translation": "格兰维尔小镇和小说中的角色都是完全虚构的。但是格兰维尔和附近的高中是由西弗吉尼亚的曼宁顿镇所启发的。",
        "stage": 1,
        "context": null,
        "file": "Author's Afterword.csv"
    },
    {
        "key": "man_body5535",
        "original": "Many years ago, I lived in northern West Virginia (Morgantown, to be precise), and I revisited the area in preparation for this novel. I'd like to thank the many people there who provided me with their help. I'd especially like to single out Paul Donato and Dave James for the hours they gave me, both at the time of my visit and in many phone calls later.\n",
        "translation": "许多年前，我生活在西弗吉尼亚的北部都会摩根敦，后来为了写作这部小说，我又重新拜访了这座城市。我希望在此感谢帮助过我的人。在这些人中，我特别感谢保罗·多纳托和大卫·詹姆士，他们在我拜访期间以及后续的电话咨询中给予了我很多帮助",
        "stage": 1,
        "context": null,
        "file": "Author's Afterword.csv"
    },
    {
        "key": "man_body5536",
        "original": "Paul is the principal of North Marion High School, which is the model for the high school which figures so prominently in 1632. He took the time, on a day when the school was closed due to a winter storm, to give me an extended tour of the high school and its facilities. Although I did not hesitate to make whatever changes were needed to fit the plot, the high school in the novel is true in essence to the one which really exists¡ªdown to the television station and the decor of the cafeteria. And yes, North Marion High did win the West Virginia AAA state football championships in 1980, 1981 and 1997¡ªalong with a number of other athletic and academic awards. The great trophy case which the imperial cavalrymen shatter in frustration toward the end of the book really exists, and it is just as large and impressive as depicted.\n",
        "translation": "保罗是北马瑞奥恩高中的校长，也是小说中那所高中的创作原型。他让我得以在学校因冬季暴风雪闭校的时候详尽地参过学校，考察学校中的各处设施。尽管在小说中我为了剧情需要对这所高中做了魔改，但它本质上还是那所高中——从多媒体教室到咖啡厅的装潢摆设。是的，北马瑞奥恩高中夺得了1980，1981和1997年西弗吉尼亚州级AAA橄榄球竞标赛的冠军，并且在其他运动及学术活动中有所斩获。那个在小说的最后，被绝望中的帝国骑兵所毁掉的巨大的奖杯陈列柜真的存在，而且它和书中描写的一样巨大、令人印象深刻。",
        "stage": 1,
        "context": null,
        "file": "Author's Afterword.csv"
    },
    {
        "key": "man_body5537",
        "original": "In a day when public high schools never seem to get any notice or attention until something goes wrong, let me take the time here to remind everyone that the vast majority of America's high schools are alive and well. As a boy, I attended a consolidated rural high school¡ªSierra Joint Union, near Tollhouse, California¡ªand it was much of a piece with North Marion in West Virginia. Public schools, and high schools in particular, remain the principal forges of America's youth. Let others whine about their shortcomings and faults, I will not. You can have your damned playing fields of Eton, and all the other varieties of that exclusionary \"vision.\" I'll stick with the democratic and plebeian methods which built the American republic, thank you.\n",
        "translation": "现如今，公立高中只会因为负面新闻而受到关注。让我花些时间来提醒诸位读者，美国绝大多数的公立高中都活得好好的。孩提时，我上的是农村的合并高中——塞拉联合高中，就位于加利福尼亚州收费站附近——它有相当一部分校区位于西弗吉尼亚的北马瑞奥恩。公立学校，特别是公立高中，校长们仍在塑造着美国的下一代。我可不会像其他人那样去抱怨公立学校的缺点和问题。你尽可以在那该死的伊顿公学的操场上玩耍，享受那些昂贵的设施。谢谢你，但是我仍然坚持民主的、平民也可负担的教育。正是这种教育建造了美利坚共和国。",
        "stage": 1,
        "context": null,
        "file": "Author's Afterword.csv"
    },
    {
        "key": "man_body5538",
        "original": "Dave James is the chief of Mannington's small police force, and he was very helpful to me in preparing the material for the novel. Beyond the specifics he provided me concerning the police department, he was also a fount of information concerning the town and its environs.\n",
        "translation": "大卫·詹姆士是曼宁顿小警局的局长，他在我写作小说时给予了很多帮助。除了那些关于警务部门的细节信息，他还像一眼泉水一样，源源不断地为我提供了关于小镇和其周边环境的信息",
        "stage": 1,
        "context": null,
        "file": "Author's Afterword.csv"
    },
    {
        "key": "man_body5539",
        "original": "In addition, I'd like to thank Herb Thompson, the manager of the power plant near Grant Town, for his explanation of the workings of a modern power plant. Also: Billy Burke, the WV State Executive Director for the USDA's Farm Service Agency; David Adams and Amy Harris, respectively the manager and a pharmacist at one of Mannington's largest drug stores; and Mike Workman, a former coal miner and currently a professor at West Virginia University.\n",
        "translation": "此外，我希望将我的谢意传达给赫伯·汤普森，格兰特镇附近发电厂的厂长。他为我讲解了现代发电厂的诸多运作流程。我还要感谢：比利·伯克，美国农业部农场服务局西弗吉尼亚执行总监；大卫·亚当斯和艾米·哈里斯，他们分别是曼宁顿最大药房的经理和药剂师；迈克·沃克曼，一位前煤矿工人，西弗吉尼亚大学的教授。",
        "stage": 1,
        "context": null,
        "file": "Author's Afterword.csv"
    },
    {
        "key": "man_body5540",
        "original": "It's a bit awkward for a writer to thank his publisher, without seeming like a sycophant. But simple honesty requires to me to thank Jim Baen. Jim gave close editorial attention to this novel from beginning to end, and his many suggestions and criticisms helped to improve it immensely. In particular, I owe him a debt of gratitude for restraining me when my emotions ran a tad too high. The historical villains of this story were every bit as vile as I depict them, and I sometimes found it difficult not to give them their just desserts in gory detail¡ªdown to a splendid scene involving a guillotine. But 1632 is a sunny book, when all is said and done, and Jim helped me to remember that.\n",
        "translation": "作为作者，任何夸赞出版商的话语都听起来像是违心的奉承。但就算如此，良心叫我必须感谢吉姆·拜恩。吉姆从头至尾都对这部作品的编辑十分用心。他的诸多建议和批评极有帮助地改进了这部小说。每当我的情绪过于激昂时，吉姆总能让我冷静下来。对此我欠他一句谢谢。历史中真实存在的那些恶棍所犯下的罪行，其暴虐程度与小说中的描写相比有过之无不及。我在写作时总是抑制不住，想要藉由令人头皮发麻的文字来给这些恶棍血淋淋的正义制裁：我恨不得用文字把他们都绑上断头台。但是《1632》应该是一部让人快乐、阳光的作品，而每当我忘记这点时，吉姆一定会来提醒我。",
        "stage": 1,
        "context": null,
        "file": "Author's Afterword.csv"
    },
    {
        "key": "man_body5541",
        "original": "Beyond that, the mentioning of specific names becomes difficult. There are just too many of them. But I need to thank, in general, all the many people who participate in Baen Books' very active chat room (www.baen.com/bar/ ¡ª \"Hang Out at Baen's Bar\") and who responded to my request for input. And, in particular, I want to thank Pam (\"Pogo\") Poggiani for reading the manuscript and helping me ferret out the factual or historical errors which are such a potential menace to writers of alternate history. Any errors which may remain are entirely my responsibility. There are at least a dozen which are gone, thanks to Pam's eagle eye.\n",
        "translation": "除此之外，想要回忆起所有帮助过我的人的名字是很困难的。因为我实在是受过太多人的帮助了。我要感谢所有参与过拜恩出版社聊天室（www.baen.com/bar——来拜恩的吧台坐坐吧！）的人和所有积极回我帖子的人。我要特别感谢帕姆·波吉亚尼（网名“Pogo”），他帮助我在小说手稿中搜寻任何历史事实性错误，这些错误是对一个架空历史小说家来说都是致命伤。帕姆帮我摘除了至少一打错误，感谢他那鹰一般锐利的眼睛！如果书中还有任何此类错误，那一定完完全全是我的疏忽。",
        "stage": 1,
        "context": null,
        "file": "Author's Afterword.csv"
    },
    {
        "key": "man_body5542",
        "original": " \n",
        "translation": " ",
        "stage": 1,
        "context": null,
        "file": "Author's Afterword.csv"
    },
    {
        "key": "man_body5543",
        "original": "Leaving aside possible errors on my part¡ªwhich I strove mightily to avoid¡ªthe historical setting of this novel is accurate. The town of Badenburg is my invention, as are all the German characters, such as Gretchen Richter, whose social class puts them beyond the reach of history's notice. The rest of the places mentioned are real, as are all of the major historical figures such as Gustavus Adolphus and his generals, Axel Oxenstierna, Tilly and Wallenstein and their generals, John George of Saxony, Cardinal Richelieu and Emperor Ferdinand II. The Scottish officer Alexander Mackay is fictitious, but the prominent role of Scotsmen in Gustav Adolf's army was very much as I depict it. Likewise, while Rebecca and Balthazar and all the other specific members of the Abrabanel family who figure in the novel are my creations, the Abrabanel family itself is not. The Abrabanels were, indeed, one of the great families of the dispersed Sephardic Jews of Spain and Portugal.\n",
        "translation": "如果先不提那些出于我的疏忽而遗留的错误——我已经很努力地去改正它们——那么这部小说的历史设定还是比较准确地。巴登堡的那座小镇是我出于剧情需要创造的，一同出于剧情需要而诞生的还有那些德国人角色，比如格雷琴·里希特。这些人的社会阶层注定了他们不会被历史铭记。除此之外，书中所提到的地名都是真实存在的，其他知名度比较高的历史人物也都是真实存在的。比如古斯塔夫·阿道夫斯和他的将军们，阿克塞尔·乌克森谢纳、提里伯爵以及华伦斯坦和他们的将军们，约翰·格奥尔格一世，黎塞留公爵，费迪南二世。苏格兰官员亚历山大·麦凯是虚构的，但是苏格兰人在古斯塔夫·阿道夫斯的军队中扮演的角色确实如小说中描写的那样。同样的，瑞贝卡，她的父亲巴尔塔萨，以及其他阿布拉内尔家庭的成员都是小说虚构的。但是阿布拉内尔家族本身是真实存在的，这个家族在被流放的塞法迪人当中有相当的知名度。",
        "stage": 1,
        "context": null,
        "file": "Author's Afterword.csv"
    },
    {
        "key": "man_body5544",
        "original": " \n",
        "translation": " ",
        "stage": 1,
        "context": null,
        "file": "Author's Afterword.csv"
    },
    {
        "key": "man_body5545",
        "original": "More generally, the American characters who populate 1632 are all figments of my imagination. But I like to believe they are a faithful portrait of the American people. Part of the reason I chose to write this novel is because I am more than a little sick and tired of two characteristics of most modern fiction, including science fiction.\n",
        "translation": "那些从美国穿越到《1632》世界中的角色当然也都是虚构的。但是我愿意相信他们诚实地体现了美国人民。促使我写这部小说的原因之一是我实在是被现代虚构作品（包括科幻小说）的两个特点腻歪到家了。",
        "stage": 1,
        "context": null,
        "file": "Author's Afterword.csv"
    },
    {
        "key": "man_body5546",
        "original": "The first is that the common folk who built this country and keep it running¡ªblue-collar workers, schoolteachers, farmers, and the like¡ªhardly ever appear. If they figure at all, it is usually as spear carriers¡ªor, more often than not, as a bastion of ignorance and bigotry. That is especially true of people from such rural areas as West Virginia. Hicks and hillbillies: a general, undifferentiated mass of darkness.\n",
        "translation": "这些作品的第一个特点是，那些真正建立并运行整个国家机器的人——蓝领工人，学校教师，农场主，等等——几乎没有出现过。就算他们出场了，一般也都是些龙套——有时甚至是愚昧又偏执的角色。这点对于那些来自乡村地区，比如西弗吉尼亚的人来说，体现的淋漓尽致。他们就是土包子，老表，一团无差别的黑暗。",
        "stage": 1,
        "context": null,
        "file": "Author's Afterword.csv"
    },
    {
        "key": "man_body5547",
        "original": "The second is the pervasive cynicism which seems to be the accepted \"sophisticated\" wisdom of so many of today's writers. (Not all, thankfully.) I will have no truck with it. Of all philosophies, cynicism is the most shallow and puerile. People may choose to believe that no young man like Jeff Higgins would ever make the decision concerning Gretchen which is portrayed in the novel. Yet that episode, like many in the book, was inspired by real life. A young American infantryman, who encountered a prostitute caring for her family during the Italian campaign in World War II, made exactly the same decision¡ªand, like Jeff, made it within hours. Do not ask me his name, or where he came from, because I do not remember. I ran across the story in a history book which I read as a teenager. The specifics I forgot long ago, but I never forgot the incident. He may have been a boy from West Virginia or Kansas¡ªbut he could just have easily have come from the mean streets of New York. If there is one human characteristic which truly recognizes neither border, breed nor birth, it is the courage to face life squarely.\n",
        "translation": "这些作品的第二个特点是其中充斥着大量的精致的利己主义。今天的大部分作者（还好不是全部）都把这种精致的利己主义看作一种广被认可的世故智慧。我可不接受这个观点。无论是哪种哲学流派，精致的利己主义都是最为肤浅和幼稚的。人们也许会相信，现实中不会有年轻人会像书中的杰夫·希金斯那样，做出如此考虑格雷琴的决定。但那个事件，就如同小说中的许多其他事件一般，都是有现实模板的。在二战意大利战役期间，一位年轻的美国步兵遇到了一位非常关切家人的妓女，然后他——就如同杰夫，花了好几个小时——最终做出了同样的决定。别问我那位士兵的名字或是他的籍贯，我记不得了。这件事是我在青少年时在一本历史书上看到的故事。除了这个故事本身，事件的具体细节我已经记不清了。那位美国步兵有可能就来自西弗吉尼亚或者堪萨斯——当然他也可能来自纽约那些充满暴力和犯罪的街道。如果说有一种品质可以跨越国界、种族和出身而被所有人认可，那它一定是敢于直面生活的勇气。",
        "stage": 1,
        "context": null,
        "file": "Author's Afterword.csv"
    },
    {
        "key": "man_body5548",
        "original": "As for the coal miners who are central to the story, people may think the portrait unrealistic. That is their problem, not mine. I never had the honor of being a member of the United Mine Workers of America. But in my days as a trade-union activist, I had many occasions to work with the UMWA and its members. I know the union and its traditions, and those traditions are alive and well. That is as true of the Navajo miners in the southwest and the strip miners in Wyoming as it is of the Appalachian core of the union. I began this book by dedicating it to my mother, who comes from that Appalachian stock. Let me end by rededicating it to UMWA Local 1972 of Sheridan, Wyoming, especially to Dan Roberts and Ernie Roybal; and to Maurice Moorleghen, who came up from District 12 in southern Illinois to lend a hand.\n",
        "translation": "至于这本书的主角们，煤矿工人，有些读者也许会认为这些矿工的形象有些不太真实。这是那些读者的问题，不是我的。虽然我未曾有幸成为美国矿工联合会的一员，但是当年我作为一个工会积极分子，我有很多与他们打交道的经历。我了解美矿联和她的传统，这些传统也被延续下去了。传统也被西南地区的纳瓦霍矿工们、怀俄明州露天矿场的矿工们和阿巴拉契亚中心地带的工会们延续下去了。我在前言中说，我将这本书先给我母亲，她就出身于阿巴拉契亚。现在在篇后记中，让我再把这部小说献给1972年美矿联在谢丽登和怀俄明的分部；献给丹·罗伯特和厄尼·罗巴尔；献给千里迢迢从南伊利诺伊州12区赶过来帮助我的莫里斯·莫莱格芬。",
        "stage": 1,
        "context": null,
        "file": "Author's Afterword.csv"
    },
    {
        "key": "man_body5549",
        "original": "Eric Flint\n",
        "translation": "埃里克·弗林特",
        "stage": 1,
        "context": null,
        "file": "Author's Afterword.csv"
    },
    {
        "key": "man_body5550",
        "original": "East Chicago, Indiana\n",
        "translation": "东芝加哥，印第安纳州",
        "stage": 1,
        "context": null,
        "file": "Author's Afterword.csv"
    },
    {
        "key": "man_body5551",
        "original": "August 1999\n",
        "translation": "1999年8月",
        "stage": 1,
        "context": null,
        "file": "Author's Afterword.csv"
    },
    {
        "key": "man_body5552",
        "original": " ",
        "translation": " ",
        "stage": 1,
        "context": null,
        "file": "Author's Afterword.csv"
    }
]