[
    {
        "key": "¼üÖµ",
        "original": "Ô­ÎÄ",
        "translation": "ÒëÎÄ",
        "stage": 1,
        "context": null,
        "file": "Part5.csv"
    },
    {
        "key": "man_body3954",
        "original": "Part Five\n",
        "translation": "",
        "stage": 0,
        "context": null,
        "file": "Part5.csv"
    },
    {
        "key": "man_body3955",
        "original": "And what shoulder, and what art,\n",
        "translation": "",
        "stage": 0,
        "context": null,
        "file": "Part5.csv"
    },
    {
        "key": "man_body3956",
        "original": "Could twist the sinews of thy heart?\n",
        "translation": "",
        "stage": 0,
        "context": null,
        "file": "Part5.csv"
    }
]