[
    {
        "key": "¼üÖµ",
        "original": "Ô­ÎÄ",
        "translation": "ÒëÎÄ",
        "stage": 1,
        "context": null,
        "file": "Part4.csv"
    },
    {
        "key": "man_body3105",
        "original": "Part Four\n",
        "translation": "",
        "stage": 0,
        "context": null,
        "file": "Part4.csv"
    },
    {
        "key": "man_body3106",
        "original": "On what wings dare he aspire?\n",
        "translation": "",
        "stage": 0,
        "context": null,
        "file": "Part4.csv"
    },
    {
        "key": "man_body3107",
        "original": "What the hand dare seize the fire?\n",
        "translation": "",
        "stage": 0,
        "context": null,
        "file": "Part4.csv"
    }
]