[
    {
        "key": "¼üÖµ",
        "original": "Ô­ÎÄ",
        "translation": "ÒëÎÄ",
        "stage": 1,
        "context": null,
        "file": "Part1.csv"
    },
    {
        "key": "man_body0",
        "original": "Part One\n",
        "translation": "第一卷",
        "stage": 1,
        "context": null,
        "file": "Part1.csv"
    },
    {
        "key": "man_body1",
        "original": "Tiger! Tiger! burning bright\n",
        "translation": "老虎！老虎！灼灼烁光！",
        "stage": 1,
        "context": null,
        "file": "Part1.csv"
    },
    {
        "key": "man_body2",
        "original": "In the forests of the night \n",
        "translation": "似暗夜林间火焰的莹煌。",
        "stage": 1,
        "context": null,
        "file": "Part1.csv"
    }
]