[
    {
        "key": "¼üÖµ",
        "original": "Ô­ÎÄ",
        "translation": "ÒëÎÄ",
        "stage": 1,
        "context": null,
        "file": "Part7.csv"
    },
    {
        "key": "man_body5346",
        "original": "Part Seven\n",
        "translation": "",
        "stage": 0,
        "context": null,
        "file": "Part7.csv"
    },
    {
        "key": "man_body5347",
        "original": "Tiger! Tiger! burning bright\n",
        "translation": "",
        "stage": 0,
        "context": null,
        "file": "Part7.csv"
    },
    {
        "key": "man_body5348",
        "original": "In the forests of the night,\n",
        "translation": "",
        "stage": 0,
        "context": null,
        "file": "Part7.csv"
    },
    {
        "key": "man_body5349",
        "original": "What immortal hand or eye,\n",
        "translation": "",
        "stage": 0,
        "context": null,
        "file": "Part7.csv"
    },
    {
        "key": "man_body5350",
        "original": "Dare frame thy fearful symmetry?\n",
        "translation": "",
        "stage": 0,
        "context": null,
        "file": "Part7.csv"
    }
]