[
    {
        "key": "¼üÖµ",
        "original": "Ô­ÎÄ",
        "translation": "ÒëÎÄ",
        "stage": 1,
        "context": null,
        "file": "Part2.csv"
    },
    {
        "key": "man_body1330",
        "original": "Part Two\n",
        "translation": "",
        "stage": 0,
        "context": null,
        "file": "Part2.csv"
    },
    {
        "key": "man_body1331",
        "original": "What the hammer? what the chain?\n",
        "translation": "",
        "stage": 0,
        "context": null,
        "file": "Part2.csv"
    },
    {
        "key": "man_body1332",
        "original": "In what furnace was thy brain?\n",
        "translation": "",
        "stage": 0,
        "context": null,
        "file": "Part2.csv"
    }
]