[
    {
        "key": "¼üÖµ",
        "original": "Ô­ÎÄ",
        "translation": "ÒëÎÄ",
        "stage": 1,
        "context": null,
        "file": "Part6.csv"
    },
    {
        "key": "man_body4356",
        "original": "Part Six\n",
        "translation": "",
        "stage": 0,
        "context": null,
        "file": "Part6.csv"
    },
    {
        "key": "man_body4357",
        "original": "When the stars threw down their spears,\n",
        "translation": "",
        "stage": 0,
        "context": null,
        "file": "Part6.csv"
    },
    {
        "key": "man_body4358",
        "original": "And water'd heaven with their tears\n",
        "translation": "",
        "stage": 0,
        "context": null,
        "file": "Part6.csv"
    }
]