[
    {
        "key": "¼üÖµ",
        "original": "Ô­ÎÄ",
        "translation": "ÒëÎÄ",
        "stage": 1,
        "context": null,
        "file": "Part3.csv"
    },
    {
        "key": "man_body2834",
        "original": "Part Three\n",
        "translation": "",
        "stage": 0,
        "context": null,
        "file": "Part3.csv"
    },
    {
        "key": "man_body2835",
        "original": "What the anvil? what dread grasp\n",
        "translation": "",
        "stage": 0,
        "context": null,
        "file": "Part3.csv"
    },
    {
        "key": "man_body2836",
        "original": "Dare its deadly terrors clasp? \n",
        "translation": "",
        "stage": 0,
        "context": null,
        "file": "Part3.csv"
    }
]